page_id,category,subcategory,gt_rel,html_rel,clean_rel,digital_rel,real_rel,real_chain_label,real_chain_cn,paper_condition,lighting_condition,capture_method,page_info_image_path,page_info_matches_expected
01_academic/01_journal_paper/academic_paper_001_JACS_催化反应动力学,01_academic,01_journal_paper,01_academic/01_journal_paper/academic_paper_001_JACS_催化反应动力学.json,01_academic/01_journal_paper/academic_paper_001_JACS_催化反应动力学.html,01_academic/01_journal_paper/academic_paper_001_JACS_催化反应动力学.png,01_academic/01_journal_paper/academic_paper_001_JACS_催化反应动力学.png,01_academic/01_journal_paper/academic_paper_001_JACS_催化反应动力学__real_screen_na_screen_screen.png,screen_photography,拍屏,无(屏幕显示),屏幕背光+室内光,手机对屏幕,01_academic/01_journal_paper/academic_paper_001_JACS_催化反应动力学.png,true
01_academic/01_journal_paper/academic_paper_002_Nature_深度学习理论,01_academic,01_journal_paper,01_academic/01_journal_paper/academic_paper_002_Nature_深度学习理论.json,01_academic/01_journal_paper/academic_paper_002_Nature_深度学习理论.html,01_academic/01_journal_paper/academic_paper_002_Nature_深度学习理论.png,01_academic/01_journal_paper/academic_paper_002_Nature_深度学习理论.png,01_academic/01_journal_paper/academic_paper_002_Nature_深度学习理论__real_phone_flat_normal_top.png,phone_flat_indoor_normal_top,手机拍纸质文档,平整,室内正常光,俯拍,01_academic/01_journal_paper/academic_paper_002_Nature_深度学习理论.png,true
01_academic/01_journal_paper/academic_paper_003_物理学报_拓扑超导,01_academic,01_journal_paper,01_academic/01_journal_paper/academic_paper_003_物理学报_拓扑超导.json,01_academic/01_journal_paper/academic_paper_003_物理学报_拓扑超导.html,01_academic/01_journal_paper/academic_paper_003_物理学报_拓扑超导.png,01_academic/01_journal_paper/academic_paper_003_物理学报_拓扑超导.png,01_academic/01_journal_paper/academic_paper_003_物理学报_拓扑超导__real_phone_flat_normal_top.png,phone_flat_indoor_normal_top,手机拍纸质文档,平整,室内正常光,俯拍,01_academic/01_journal_paper/academic_paper_003_物理学报_拓扑超导.png,true
01_academic/01_journal_paper/academic_paper_004_IEEE_TSP_信号处理,01_academic,01_journal_paper,01_academic/01_journal_paper/academic_paper_004_IEEE_TSP_信号处理.json,01_academic/01_journal_paper/academic_paper_004_IEEE_TSP_信号处理.html,01_academic/01_journal_paper/academic_paper_004_IEEE_TSP_信号处理.png,01_academic/01_journal_paper/academic_paper_004_IEEE_TSP_信号处理.png,01_academic/01_journal_paper/academic_paper_004_IEEE_TSP_信号处理__real_phone_flat_normal_top.png,phone_flat_indoor_normal_top,手机拍纸质文档,平整,室内正常光,俯拍,01_academic/01_journal_paper/academic_paper_004_IEEE_TSP_信号处理.png,true
01_academic/01_journal_paper/academic_paper_005_计算机学报_图神经网络,01_academic,01_journal_paper,01_academic/01_journal_paper/academic_paper_005_计算机学报_图神经网络.json,01_academic/01_journal_paper/academic_paper_005_计算机学报_图神经网络.html,01_academic/01_journal_paper/academic_paper_005_计算机学报_图神经网络.png,01_academic/01_journal_paper/academic_paper_005_计算机学报_图神经网络.png,01_academic/01_journal_paper/academic_paper_005_计算机学报_图神经网络__real_phone_flat_normal_top.png,phone_flat_indoor_normal_top,手机拍纸质文档,平整,室内正常光,俯拍,01_academic/01_journal_paper/academic_paper_005_计算机学报_图神经网络.png,true
01_academic/01_journal_paper/academic_paper_006_Lancet_临床试验,01_academic,01_journal_paper,01_academic/01_journal_paper/academic_paper_006_Lancet_临床试验.json,01_academic/01_journal_paper/academic_paper_006_Lancet_临床试验.html,01_academic/01_journal_paper/academic_paper_006_Lancet_临床试验.png,01_academic/01_journal_paper/academic_paper_006_Lancet_临床试验.png,01_academic/01_journal_paper/academic_paper_006_Lancet_临床试验__real_screenshot_compressed.png,screenshot_compressed,截图+转发压缩,无(纯数字),无,无,01_academic/01_journal_paper/academic_paper_006_Lancet_临床试验.png,true
01_academic/01_journal_paper/academic_paper_007_PNAS_生态学,01_academic,01_journal_paper,01_academic/01_journal_paper/academic_paper_007_PNAS_生态学.json,01_academic/01_journal_paper/academic_paper_007_PNAS_生态学.html,01_academic/01_journal_paper/academic_paper_007_PNAS_生态学.png,01_academic/01_journal_paper/academic_paper_007_PNAS_生态学.png,01_academic/01_journal_paper/academic_paper_007_PNAS_生态学__real_phone_flat_normal_top.jpg,phone_flat_indoor_normal_top,手机拍纸质文档,平整,室内正常光,俯拍,01_academic/01_journal_paper/academic_paper_007_PNAS_生态学.png,true
01_academic/01_journal_paper/academic_paper_008_机械工程学报_齿轮疲劳,01_academic,01_journal_paper,01_academic/01_journal_paper/academic_paper_008_机械工程学报_齿轮疲劳.json,01_academic/01_journal_paper/academic_paper_008_机械工程学报_齿轮疲劳.html,01_academic/01_journal_paper/academic_paper_008_机械工程学报_齿轮疲劳.png,01_academic/01_journal_paper/academic_paper_008_机械工程学报_齿轮疲劳.png,01_academic/01_journal_paper/academic_paper_008_机械工程学报_齿轮疲劳__real_phone_flat_normal_top.png,phone_flat_indoor_normal_top,手机拍纸质文档,平整,室内正常光,俯拍,01_academic/01_journal_paper/academic_paper_008_机械工程学报_齿轮疲劳.png,true
01_academic/01_journal_paper/academic_paper_009_PRL_粒子物理,01_academic,01_journal_paper,01_academic/01_journal_paper/academic_paper_009_PRL_粒子物理.json,01_academic/01_journal_paper/academic_paper_009_PRL_粒子物理.html,01_academic/01_journal_paper/academic_paper_009_PRL_粒子物理.png,01_academic/01_journal_paper/academic_paper_009_PRL_粒子物理.png,01_academic/01_journal_paper/academic_paper_009_PRL_粒子物理__real_screenshot_compressed.png,screenshot_compressed,截图+转发压缩,无(纯数字),无,无,01_academic/01_journal_paper/academic_paper_009_PRL_粒子物理.png,true
01_academic/01_journal_paper/academic_paper_010_经济研究_计量经济,01_academic,01_journal_paper,01_academic/01_journal_paper/academic_paper_010_经济研究_计量经济.json,01_academic/01_journal_paper/academic_paper_010_经济研究_计量经济.html,01_academic/01_journal_paper/academic_paper_010_经济研究_计量经济.png,01_academic/01_journal_paper/academic_paper_010_经济研究_计量经济.png,01_academic/01_journal_paper/academic_paper_010_经济研究_计量经济__real_phone_flat_normal_top.jpg,phone_flat_indoor_normal_top,手机拍纸质文档,平整,室内正常光,俯拍,01_academic/01_journal_paper/academic_paper_010_经济研究_计量经济.png,true
01_academic/01_journal_paper/academic_paper_011_单栏中文会议摘要,01_academic,01_journal_paper,01_academic/01_journal_paper/academic_paper_011_单栏中文会议摘要.json,01_academic/01_journal_paper/academic_paper_011_单栏中文会议摘要.html,01_academic/01_journal_paper/academic_paper_011_单栏中文会议摘要.png,01_academic/01_journal_paper/academic_paper_011_单栏中文会议摘要.png,01_academic/01_journal_paper/academic_paper_011_单栏中文会议摘要__real_phone_flat_normal_top.png,phone_flat_indoor_normal_top,手机拍纸质文档,平整,室内正常光,俯拍,01_academic/01_journal_paper/academic_paper_011_单栏中文会议摘要.png,true
01_academic/01_journal_paper/academic_paper_012_single_column_short_paper,01_academic,01_journal_paper,01_academic/01_journal_paper/academic_paper_012_single_column_short_paper.json,01_academic/01_journal_paper/academic_paper_012_single_column_short_paper.html,01_academic/01_journal_paper/academic_paper_012_single_column_short_paper.png,01_academic/01_journal_paper/academic_paper_012_single_column_short_paper.png,01_academic/01_journal_paper/academic_paper_012_single_column_short_paper__real_phone_flat_normal_top.png,phone_flat_indoor_normal_top,手机拍纸质文档,平整,室内正常光,俯拍,01_academic/01_journal_paper/academic_paper_012_single_column_short_paper.png,true
01_academic/01_journal_paper/academic_paper_013_材料科学双栏论文,01_academic,01_journal_paper,01_academic/01_journal_paper/academic_paper_013_材料科学双栏论文.json,01_academic/01_journal_paper/academic_paper_013_材料科学双栏论文.html,01_academic/01_journal_paper/academic_paper_013_材料科学双栏论文.png,01_academic/01_journal_paper/academic_paper_013_材料科学双栏论文.png,01_academic/01_journal_paper/academic_paper_013_材料科学双栏论文__real_screenshot_compressed.png,screenshot_compressed,截图+转发压缩,无(纯数字),无,无,01_academic/01_journal_paper/academic_paper_013_材料科学双栏论文.png,true
01_academic/01_journal_paper/academic_paper_014_药学双栏论文,01_academic,01_journal_paper,01_academic/01_journal_paper/academic_paper_014_药学双栏论文.json,01_academic/01_journal_paper/academic_paper_014_药学双栏论文.html,01_academic/01_journal_paper/academic_paper_014_药学双栏论文.png,01_academic/01_journal_paper/academic_paper_014_药学双栏论文.png,01_academic/01_journal_paper/academic_paper_014_药学双栏论文__real_phone_flat_normal_top.jpg,phone_flat_indoor_normal_top,手机拍纸质文档,平整,室内正常光,俯拍,01_academic/01_journal_paper/academic_paper_014_药学双栏论文.png,true
01_academic/01_journal_paper/academic_paper_015_earth_science_dual_column,01_academic,01_journal_paper,01_academic/01_journal_paper/academic_paper_015_earth_science_dual_column.json,01_academic/01_journal_paper/academic_paper_015_earth_science_dual_column.html,01_academic/01_journal_paper/academic_paper_015_earth_science_dual_column.png,01_academic/01_journal_paper/academic_paper_015_earth_science_dual_column.png,01_academic/01_journal_paper/academic_paper_015_earth_science_dual_column__real_screenshot_na_na_na.png,screenshot_compressed,截图+转发压缩,无(纯数字),无,无,01_academic/01_journal_paper/academic_paper_015_earth_science_dual_column.png,true
01_academic/01_journal_paper/academic_paper_016_农学双栏论文,01_academic,01_journal_paper,01_academic/01_journal_paper/academic_paper_016_农学双栏论文.json,01_academic/01_journal_paper/academic_paper_016_农学双栏论文.html,01_academic/01_journal_paper/academic_paper_016_农学双栏论文.png,01_academic/01_journal_paper/academic_paper_016_农学双栏论文.png,01_academic/01_journal_paper/academic_paper_016_农学双栏论文__real_screenshot_na_na_na.png,screenshot_compressed,截图+转发压缩,无(纯数字),无,无,01_academic/01_journal_paper/academic_paper_016_农学双栏论文.png,true
01_academic/01_journal_paper/academic_paper_017_数学超密集双栏,01_academic,01_journal_paper,01_academic/01_journal_paper/academic_paper_017_数学超密集双栏.json,01_academic/01_journal_paper/academic_paper_017_数学超密集双栏.html,01_academic/01_journal_paper/academic_paper_017_数学超密集双栏.png,01_academic/01_journal_paper/academic_paper_017_数学超密集双栏.png,01_academic/01_journal_paper/academic_paper_017_数学超密集双栏__real_screen_photography.png,screen_photography,拍屏,无(屏幕显示),屏幕背光+室内光,手机对屏幕,01_academic/01_journal_paper/academic_paper_017_数学超密集双栏.png,true
01_academic/01_journal_paper/academic_paper_018_Cell_基因组学,01_academic,01_journal_paper,01_academic/01_journal_paper/academic_paper_018_Cell_基因组学.json,01_academic/01_journal_paper/academic_paper_018_Cell_基因组学.html,01_academic/01_journal_paper/academic_paper_018_Cell_基因组学.png,01_academic/01_journal_paper/academic_paper_018_Cell_基因组学.png,01_academic/01_journal_paper/academic_paper_018_Cell_基因组学__real_phone_flat_normal_top.png,phone_flat_indoor_normal_top,手机拍纸质文档,平整,室内正常光,俯拍,01_academic/01_journal_paper/academic_paper_018_Cell_基因组学.png,true
01_academic/01_journal_paper/academic_paper_019_Nature_气候科学,01_academic,01_journal_paper,01_academic/01_journal_paper/academic_paper_019_Nature_气候科学.json,01_academic/01_journal_paper/academic_paper_019_Nature_气候科学.html,01_academic/01_journal_paper/academic_paper_019_Nature_气候科学.png,01_academic/01_journal_paper/academic_paper_019_Nature_气候科学.png,01_academic/01_journal_paper/academic_paper_019_Nature_气候科学__real_phone_flat_flash_top.png,phone_flat_flash_top,手机拍纸质文档,平整,闪光灯,俯拍,01_academic/01_journal_paper/academic_paper_019_Nature_气候科学.png,true
01_academic/01_journal_paper/academic_paper_020_自动化学报_控制理论,01_academic,01_journal_paper,01_academic/01_journal_paper/academic_paper_020_自动化学报_控制理论.json,01_academic/01_journal_paper/academic_paper_020_自动化学报_控制理论.html,01_academic/01_journal_paper/academic_paper_020_自动化学报_控制理论.png,01_academic/01_journal_paper/academic_paper_020_自动化学报_控制理论.png,01_academic/01_journal_paper/academic_paper_020_自动化学报_控制理论__real_screenshot_na_na_na.png,screenshot_compressed,截图+转发压缩,无(纯数字),无,无,01_academic/01_journal_paper/academic_paper_020_自动化学报_控制理论.png,true
01_academic/01_journal_paper/academic_paper_021_IEEE_TPAMI,01_academic,01_journal_paper,01_academic/01_journal_paper/academic_paper_021_IEEE_TPAMI.json,01_academic/01_journal_paper/academic_paper_021_IEEE_TPAMI.html,01_academic/01_journal_paper/academic_paper_021_IEEE_TPAMI.png,01_academic/01_journal_paper/academic_paper_021_IEEE_TPAMI.png,01_academic/01_journal_paper/academic_paper_021_IEEE_TPAMI__real_phone_flat_normal_top.png,phone_flat_indoor_normal_top,手机拍纸质文档,平整,室内正常光,俯拍,01_academic/01_journal_paper/academic_paper_021_IEEE_TPAMI.png,true
01_academic/01_journal_paper/academic_paper_022_化学学报_有机合成,01_academic,01_journal_paper,01_academic/01_journal_paper/academic_paper_022_化学学报_有机合成.json,01_academic/01_journal_paper/academic_paper_022_化学学报_有机合成.html,01_academic/01_journal_paper/academic_paper_022_化学学报_有机合成.png,01_academic/01_journal_paper/academic_paper_022_化学学报_有机合成.png,01_academic/01_journal_paper/academic_paper_022_化学学报_有机合成__real_phone_flat_normal_top.png,phone_flat_indoor_normal_top,手机拍纸质文档,平整,室内正常光,俯拍,01_academic/01_journal_paper/academic_paper_022_化学学报_有机合成.png,true
01_academic/01_journal_paper/academic_paper_023_NEJM_临床试验,01_academic,01_journal_paper,01_academic/01_journal_paper/academic_paper_023_NEJM_临床试验.json,01_academic/01_journal_paper/academic_paper_023_NEJM_临床试验.html,01_academic/01_journal_paper/academic_paper_023_NEJM_临床试验.png,01_academic/01_journal_paper/academic_paper_023_NEJM_临床试验.png,01_academic/01_journal_paper/academic_paper_023_NEJM_临床试验__real_screenshot_na_na_na.jpg,screenshot_compressed,截图+转发压缩,无(纯数字),无,无,01_academic/01_journal_paper/academic_paper_023_NEJM_临床试验.png,true
01_academic/01_journal_paper/academic_paper_024_计算机学报_系统架构,01_academic,01_journal_paper,01_academic/01_journal_paper/academic_paper_024_计算机学报_系统架构.json,01_academic/01_journal_paper/academic_paper_024_计算机学报_系统架构.html,01_academic/01_journal_paper/academic_paper_024_计算机学报_系统架构.png,01_academic/01_journal_paper/academic_paper_024_计算机学报_系统架构.png,01_academic/01_journal_paper/academic_paper_024_计算机学报_系统架构__real_screenshot_na_na_na.png,screenshot_compressed,截图+转发压缩,无(纯数字),无,无,01_academic/01_journal_paper/academic_paper_024_计算机学报_系统架构.png,true
01_academic/01_journal_paper/academic_paper_025_Physical_Review_X,01_academic,01_journal_paper,01_academic/01_journal_paper/academic_paper_025_Physical_Review_X.json,01_academic/01_journal_paper/academic_paper_025_Physical_Review_X.html,01_academic/01_journal_paper/academic_paper_025_Physical_Review_X.png,01_academic/01_journal_paper/academic_paper_025_Physical_Review_X.png,01_academic/01_journal_paper/academic_paper_025_Physical_Review_X__real_phone_flat_normal_top.jpg,phone_flat_indoor_normal_top,手机拍纸质文档,平整,室内正常光,俯拍,01_academic/01_journal_paper/academic_paper_025_Physical_Review_X.png,true
01_academic/01_journal_paper/academic_paper_026_经济研究_面板数据,01_academic,01_journal_paper,01_academic/01_journal_paper/academic_paper_026_经济研究_面板数据.json,01_academic/01_journal_paper/academic_paper_026_经济研究_面板数据.html,01_academic/01_journal_paper/academic_paper_026_经济研究_面板数据.png,01_academic/01_journal_paper/academic_paper_026_经济研究_面板数据.png,01_academic/01_journal_paper/academic_paper_026_经济研究_面板数据__real_screenshot_compressed.png,screenshot_compressed,截图+转发压缩,无(纯数字),无,无,01_academic/01_journal_paper/academic_paper_026_经济研究_面板数据.png,true
01_academic/01_journal_paper/academic_paper_027_Science_Robotics_Soft_Hand,01_academic,01_journal_paper,01_academic/01_journal_paper/academic_paper_027_Science_Robotics_Soft_Hand.json,01_academic/01_journal_paper/academic_paper_027_Science_Robotics_Soft_Hand.html,01_academic/01_journal_paper/academic_paper_027_Science_Robotics_Soft_Hand.png,01_academic/01_journal_paper/academic_paper_027_Science_Robotics_Soft_Hand.png,01_academic/01_journal_paper/academic_paper_027_Science_Robotics_Soft_Hand__real_phone_flat_normal_top.png,phone_flat_indoor_normal_top,手机拍纸质文档,平整,室内正常光,俯拍,01_academic/01_journal_paper/academic_paper_027_Science_Robotics_Soft_Hand.png,true
01_academic/01_journal_paper/academic_paper_028_力学学报_增材点阵,01_academic,01_journal_paper,01_academic/01_journal_paper/academic_paper_028_力学学报_增材点阵.json,01_academic/01_journal_paper/academic_paper_028_力学学报_增材点阵.html,01_academic/01_journal_paper/academic_paper_028_力学学报_增材点阵.png,01_academic/01_journal_paper/academic_paper_028_力学学报_增材点阵.png,01_academic/01_journal_paper/academic_paper_028_力学学报_增材点阵__real_phone_flat_normal_top.png,phone_flat_indoor_normal_top,手机拍纸质文档,平整,室内正常光,俯拍,01_academic/01_journal_paper/academic_paper_028_力学学报_增材点阵.png,true
01_academic/01_journal_paper/academic_paper_029_ACM_SIGMOD,01_academic,01_journal_paper,01_academic/01_journal_paper/academic_paper_029_ACM_SIGMOD.json,01_academic/01_journal_paper/academic_paper_029_ACM_SIGMOD.html,01_academic/01_journal_paper/academic_paper_029_ACM_SIGMOD.png,01_academic/01_journal_paper/academic_paper_029_ACM_SIGMOD.png,01_academic/01_journal_paper/academic_paper_029_ACM_SIGMOD__real_phone_flat_flash_top.png,phone_flat_flash_top,手机拍纸质文档,平整,闪光灯,俯拍,01_academic/01_journal_paper/academic_paper_029_ACM_SIGMOD.png,true
01_academic/01_journal_paper/academic_paper_030_NatMed_多组学临床,01_academic,01_journal_paper,01_academic/01_journal_paper/academic_paper_030_NatMed_多组学临床.json,01_academic/01_journal_paper/academic_paper_030_NatMed_多组学临床.html,01_academic/01_journal_paper/academic_paper_030_NatMed_多组学临床.png,01_academic/01_journal_paper/academic_paper_030_NatMed_多组学临床.png,01_academic/01_journal_paper/academic_paper_030_NatMed_多组学临床__real_screen_na_screen_screen.png,screen_photography,拍屏,无(屏幕显示),屏幕背光+室内光,手机对屏幕,01_academic/01_journal_paper/academic_paper_030_NatMed_多组学临床.png,true
01_academic/02_thesis/thesis_001_硕士论文_深度强化学习,01_academic,02_thesis,01_academic/02_thesis/thesis_001_硕士论文_深度强化学习.json,01_academic/02_thesis/thesis_001_硕士论文_深度强化学习.html,01_academic/02_thesis/thesis_001_硕士论文_深度强化学习.png,01_academic/02_thesis/thesis_001_硕士论文_深度强化学习.png,01_academic/02_thesis/thesis_001_硕士论文_深度强化学习__real_phone_flat_normal_top.png,phone_flat_indoor_normal_top,手机拍纸质文档,平整,室内正常光,俯拍,01_academic/02_thesis/thesis_001_硕士论文_深度强化学习.png,true
01_academic/02_thesis/thesis_002_硕士论文_最优化算法,01_academic,02_thesis,01_academic/02_thesis/thesis_002_硕士论文_最优化算法.json,01_academic/02_thesis/thesis_002_硕士论文_最优化算法.html,01_academic/02_thesis/thesis_002_硕士论文_最优化算法.png,01_academic/02_thesis/thesis_002_硕士论文_最优化算法.png,01_academic/02_thesis/thesis_002_硕士论文_最优化算法__real_screen_na_screen_screen.png,screen_photography,拍屏,无(屏幕显示),屏幕背光+室内光,手机对屏幕,01_academic/02_thesis/thesis_002_硕士论文_最优化算法.png,true
01_academic/02_thesis/thesis_003_博士论文_量子信息,01_academic,02_thesis,01_academic/02_thesis/thesis_003_博士论文_量子信息.json,01_academic/02_thesis/thesis_003_博士论文_量子信息.html,01_academic/02_thesis/thesis_003_博士论文_量子信息.png,01_academic/02_thesis/thesis_003_博士论文_量子信息.png,01_academic/02_thesis/thesis_003_博士论文_量子信息__real_phone_flat_normal_top.png,phone_flat_indoor_normal_top,手机拍纸质文档,平整,室内正常光,俯拍,01_academic/02_thesis/thesis_003_博士论文_量子信息.png,true
01_academic/02_thesis/thesis_004_PhD_Thesis_Statistics,01_academic,02_thesis,01_academic/02_thesis/thesis_004_PhD_Thesis_Statistics.json,01_academic/02_thesis/thesis_004_PhD_Thesis_Statistics.html,01_academic/02_thesis/thesis_004_PhD_Thesis_Statistics.png,01_academic/02_thesis/thesis_004_PhD_Thesis_Statistics.png,01_academic/02_thesis/thesis_004_PhD_Thesis_Statistics__real_phone_flat_flash_top.png,phone_flat_flash_top,手机拍纸质文档,平整,闪光灯,俯拍,01_academic/02_thesis/thesis_004_PhD_Thesis_Statistics.png,true
01_academic/02_thesis/thesis_005_博士论文_计算流体,01_academic,02_thesis,01_academic/02_thesis/thesis_005_博士论文_计算流体.json,01_academic/02_thesis/thesis_005_博士论文_计算流体.html,01_academic/02_thesis/thesis_005_博士论文_计算流体.png,01_academic/02_thesis/thesis_005_博士论文_计算流体.png,01_academic/02_thesis/thesis_005_博士论文_计算流体__real_phone_flat_normal_top.png,phone_flat_indoor_normal_top,手机拍纸质文档,平整,室内正常光,俯拍,01_academic/02_thesis/thesis_005_博士论文_计算流体.png,true
01_academic/02_thesis/thesis_006_博士论文_生物信息,01_academic,02_thesis,01_academic/02_thesis/thesis_006_博士论文_生物信息.json,01_academic/02_thesis/thesis_006_博士论文_生物信息.html,01_academic/02_thesis/thesis_006_博士论文_生物信息.png,01_academic/02_thesis/thesis_006_博士论文_生物信息.png,01_academic/02_thesis/thesis_006_博士论文_生物信息__real_phone_flat_normal_top.png,phone_flat_indoor_normal_top,手机拍纸质文档,平整,室内正常光,俯拍,01_academic/02_thesis/thesis_006_博士论文_生物信息.png,true
01_academic/02_thesis/thesis_007_Master_EE_Communication,01_academic,02_thesis,01_academic/02_thesis/thesis_007_Master_EE_Communication.json,01_academic/02_thesis/thesis_007_Master_EE_Communication.html,01_academic/02_thesis/thesis_007_Master_EE_Communication.png,01_academic/02_thesis/thesis_007_Master_EE_Communication.png,01_academic/02_thesis/thesis_007_Master_EE_Communication__real_phone_flat_normal_top.png,phone_flat_indoor_normal_top,手机拍纸质文档,平整,室内正常光,俯拍,01_academic/02_thesis/thesis_007_Master_EE_Communication.png,true
01_academic/02_thesis/thesis_008_硕士论文_环境工程,01_academic,02_thesis,01_academic/02_thesis/thesis_008_硕士论文_环境工程.json,01_academic/02_thesis/thesis_008_硕士论文_环境工程.html,01_academic/02_thesis/thesis_008_硕士论文_环境工程.png,01_academic/02_thesis/thesis_008_硕士论文_环境工程.png,01_academic/02_thesis/thesis_008_硕士论文_环境工程__real_phone_flat_normal_top.png,phone_flat_indoor_normal_top,手机拍纸质文档,平整,室内正常光,俯拍,01_academic/02_thesis/thesis_008_硕士论文_环境工程.png,true
01_academic/02_thesis/thesis_009_PhD_Economics_Panel,01_academic,02_thesis,01_academic/02_thesis/thesis_009_PhD_Economics_Panel.json,01_academic/02_thesis/thesis_009_PhD_Economics_Panel.html,01_academic/02_thesis/thesis_009_PhD_Economics_Panel.png,01_academic/02_thesis/thesis_009_PhD_Economics_Panel.png,01_academic/02_thesis/thesis_009_PhD_Economics_Panel__real_phone_flat_normal_top.png,phone_flat_indoor_normal_top,手机拍纸质文档,平整,室内正常光,俯拍,01_academic/02_thesis/thesis_009_PhD_Economics_Panel.png,true
01_academic/02_thesis/thesis_010_博士论文_材料科学,01_academic,02_thesis,01_academic/02_thesis/thesis_010_博士论文_材料科学.json,01_academic/02_thesis/thesis_010_博士论文_材料科学.html,01_academic/02_thesis/thesis_010_博士论文_材料科学.png,01_academic/02_thesis/thesis_010_博士论文_材料科学.png,01_academic/02_thesis/thesis_010_博士论文_材料科学__real_phone_flat_normal_top.png,phone_flat_indoor_normal_top,手机拍纸质文档,平整,室内正常光,俯拍,01_academic/02_thesis/thesis_010_博士论文_材料科学.png,true
01_academic/02_thesis/thesis_011_硕士论文_法学_title,01_academic,02_thesis,01_academic/02_thesis/thesis_011_硕士论文_法学_title.json,01_academic/02_thesis/thesis_011_硕士论文_法学_title.html,01_academic/02_thesis/thesis_011_硕士论文_法学_title.png,01_academic/02_thesis/thesis_011_硕士论文_法学_title.png,01_academic/02_thesis/thesis_011_硕士论文_法学_title__real_phone_flat_normal_top.png,phone_flat_indoor_normal_top,手机拍纸质文档,平整,室内正常光,俯拍,01_academic/02_thesis/thesis_011_硕士论文_法学_title.png,true
01_academic/02_thesis/thesis_012_PhD_CompSci_chapter,01_academic,02_thesis,01_academic/02_thesis/thesis_012_PhD_CompSci_chapter.json,01_academic/02_thesis/thesis_012_PhD_CompSci_chapter.html,01_academic/02_thesis/thesis_012_PhD_CompSci_chapter.png,01_academic/02_thesis/thesis_012_PhD_CompSci_chapter.png,01_academic/02_thesis/thesis_012_PhD_CompSci_chapter__real_phone_flat_normal_top.png,phone_flat_indoor_normal_top,手机拍纸质文档,平整,室内正常光,俯拍,01_academic/02_thesis/thesis_012_PhD_CompSci_chapter.png,true
01_academic/02_thesis/thesis_013_博士论文_化学_abstract,01_academic,02_thesis,01_academic/02_thesis/thesis_013_博士论文_化学_abstract.json,01_academic/02_thesis/thesis_013_博士论文_化学_abstract.html,01_academic/02_thesis/thesis_013_博士论文_化学_abstract.png,01_academic/02_thesis/thesis_013_博士论文_化学_abstract.png,01_academic/02_thesis/thesis_013_博士论文_化学_abstract__real_screen_na_screen_screen.png,screen_photography,拍屏,无(屏幕显示),屏幕背光+室内光,手机对屏幕,01_academic/02_thesis/thesis_013_博士论文_化学_abstract.png,true
01_academic/02_thesis/thesis_014_Master_Economics_TOC,01_academic,02_thesis,01_academic/02_thesis/thesis_014_Master_Economics_TOC.json,01_academic/02_thesis/thesis_014_Master_Economics_TOC.html,01_academic/02_thesis/thesis_014_Master_Economics_TOC.png,01_academic/02_thesis/thesis_014_Master_Economics_TOC.png,01_academic/02_thesis/thesis_014_Master_Economics_TOC__real_phone_flat_normal_top.png,phone_flat_indoor_normal_top,手机拍纸质文档,平整,室内正常光,俯拍,01_academic/02_thesis/thesis_014_Master_Economics_TOC.png,true
01_academic/02_thesis/thesis_015_硕士论文_建筑学_chapter,01_academic,02_thesis,01_academic/02_thesis/thesis_015_硕士论文_建筑学_chapter.json,01_academic/02_thesis/thesis_015_硕士论文_建筑学_chapter.html,01_academic/02_thesis/thesis_015_硕士论文_建筑学_chapter.png,01_academic/02_thesis/thesis_015_硕士论文_建筑学_chapter.png,01_academic/02_thesis/thesis_015_硕士论文_建筑学_chapter__real_phone_flat_normal_top.png,phone_flat_indoor_normal_top,手机拍纸质文档,平整,室内正常光,俯拍,01_academic/02_thesis/thesis_015_硕士论文_建筑学_chapter.png,true
01_academic/02_thesis/thesis_016_PhD_Physics_equations,01_academic,02_thesis,01_academic/02_thesis/thesis_016_PhD_Physics_equations.json,01_academic/02_thesis/thesis_016_PhD_Physics_equations.html,01_academic/02_thesis/thesis_016_PhD_Physics_equations.png,01_academic/02_thesis/thesis_016_PhD_Physics_equations.png,01_academic/02_thesis/thesis_016_PhD_Physics_equations__real_screenshot_na_na_na.png,screenshot_compressed,截图+转发压缩,无(纯数字),无,无,01_academic/02_thesis/thesis_016_PhD_Physics_equations.png,true
01_academic/02_thesis/thesis_017_硕士论文_农学_实验,01_academic,02_thesis,01_academic/02_thesis/thesis_017_硕士论文_农学_实验.json,01_academic/02_thesis/thesis_017_硕士论文_农学_实验.html,01_academic/02_thesis/thesis_017_硕士论文_农学_实验.png,01_academic/02_thesis/thesis_017_硕士论文_农学_实验.png,01_academic/02_thesis/thesis_017_硕士论文_农学_实验__real_phone_flat_normal_top.png,phone_flat_indoor_normal_top,手机拍纸质文档,平整,室内正常光,俯拍,01_academic/02_thesis/thesis_017_硕士论文_农学_实验.png,true
01_academic/02_thesis/thesis_018_PhD_Biology_results,01_academic,02_thesis,01_academic/02_thesis/thesis_018_PhD_Biology_results.json,01_academic/02_thesis/thesis_018_PhD_Biology_results.html,01_academic/02_thesis/thesis_018_PhD_Biology_results.png,01_academic/02_thesis/thesis_018_PhD_Biology_results.png,01_academic/02_thesis/thesis_018_PhD_Biology_results__real_phone_flat_normal_top.jpg,phone_flat_indoor_normal_top,手机拍纸质文档,平整,室内正常光,俯拍,01_academic/02_thesis/thesis_018_PhD_Biology_results.png,true
01_academic/02_thesis/thesis_019_博士论文_金融_模型,01_academic,02_thesis,01_academic/02_thesis/thesis_019_博士论文_金融_模型.json,01_academic/02_thesis/thesis_019_博士论文_金融_模型.html,01_academic/02_thesis/thesis_019_博士论文_金融_模型.png,01_academic/02_thesis/thesis_019_博士论文_金融_模型.png,01_academic/02_thesis/thesis_019_博士论文_金融_模型__real_phone_flat_normal_top.png,phone_flat_indoor_normal_top,手机拍纸质文档,平整,室内正常光,俯拍,01_academic/02_thesis/thesis_019_博士论文_金融_模型.png,true
01_academic/02_thesis/thesis_020_Master_EE_circuit,01_academic,02_thesis,01_academic/02_thesis/thesis_020_Master_EE_circuit.json,01_academic/02_thesis/thesis_020_Master_EE_circuit.html,01_academic/02_thesis/thesis_020_Master_EE_circuit.png,01_academic/02_thesis/thesis_020_Master_EE_circuit.png,01_academic/02_thesis/thesis_020_Master_EE_circuit__real_phone_flat_flash_top.png,phone_flat_flash_top,手机拍纸质文档,平整,闪光灯,俯拍,01_academic/02_thesis/thesis_020_Master_EE_circuit.png,true
01_academic/02_thesis/thesis_021_硕士论文_教育学_调查,01_academic,02_thesis,01_academic/02_thesis/thesis_021_硕士论文_教育学_调查.json,01_academic/02_thesis/thesis_021_硕士论文_教育学_调查.html,01_academic/02_thesis/thesis_021_硕士论文_教育学_调查.png,01_academic/02_thesis/thesis_021_硕士论文_教育学_调查.png,01_academic/02_thesis/thesis_021_硕士论文_教育学_调查__real_phone_flat_normal_top.jpg,phone_flat_indoor_normal_top,手机拍纸质文档,平整,室内正常光,俯拍,01_academic/02_thesis/thesis_021_硕士论文_教育学_调查.png,true
01_academic/02_thesis/thesis_022_PhD_Math_proof,01_academic,02_thesis,01_academic/02_thesis/thesis_022_PhD_Math_proof.json,01_academic/02_thesis/thesis_022_PhD_Math_proof.html,01_academic/02_thesis/thesis_022_PhD_Math_proof.png,01_academic/02_thesis/thesis_022_PhD_Math_proof.png,01_academic/02_thesis/thesis_022_PhD_Math_proof__real_phone_flat_normal_top.png,phone_flat_indoor_normal_top,手机拍纸质文档,平整,室内正常光,俯拍,01_academic/02_thesis/thesis_022_PhD_Math_proof.png,true
01_academic/02_thesis/thesis_023_博士论文_材料_SEM,01_academic,02_thesis,01_academic/02_thesis/thesis_023_博士论文_材料_SEM.json,01_academic/02_thesis/thesis_023_博士论文_材料_SEM.html,01_academic/02_thesis/thesis_023_博士论文_材料_SEM.png,01_academic/02_thesis/thesis_023_博士论文_材料_SEM.png,01_academic/02_thesis/thesis_023_博士论文_材料_SEM__real_phone_flat_normal_top.png,phone_flat_indoor_normal_top,手机拍纸质文档,平整,室内正常光,俯拍,01_academic/02_thesis/thesis_023_博士论文_材料_SEM.png,true
01_academic/02_thesis/thesis_024_Master_Linguistics,01_academic,02_thesis,01_academic/02_thesis/thesis_024_Master_Linguistics.json,01_academic/02_thesis/thesis_024_Master_Linguistics.html,01_academic/02_thesis/thesis_024_Master_Linguistics.png,01_academic/02_thesis/thesis_024_Master_Linguistics.png,01_academic/02_thesis/thesis_024_Master_Linguistics__real_phone_flat_flash_top.png,phone_flat_flash_top,手机拍纸质文档,平整,闪光灯,俯拍,01_academic/02_thesis/thesis_024_Master_Linguistics.png,true
01_academic/02_thesis/thesis_025_硕士论文_医学_临床,01_academic,02_thesis,01_academic/02_thesis/thesis_025_硕士论文_医学_临床.json,01_academic/02_thesis/thesis_025_硕士论文_医学_临床.html,01_academic/02_thesis/thesis_025_硕士论文_医学_临床.png,01_academic/02_thesis/thesis_025_硕士论文_医学_临床.png,01_academic/02_thesis/thesis_025_硕士论文_医学_临床__real_phone_flat_normal_top.png,phone_flat_indoor_normal_top,手机拍纸质文档,平整,室内正常光,俯拍,01_academic/02_thesis/thesis_025_硕士论文_医学_临床.png,true
01_academic/02_thesis/thesis_026_PhD_CS_systems,01_academic,02_thesis,01_academic/02_thesis/thesis_026_PhD_CS_systems.json,01_academic/02_thesis/thesis_026_PhD_CS_systems.html,01_academic/02_thesis/thesis_026_PhD_CS_systems.png,01_academic/02_thesis/thesis_026_PhD_CS_systems.png,01_academic/02_thesis/thesis_026_PhD_CS_systems__real_screen_na_screen_screen.jpg,screen_photography,拍屏,无(屏幕显示),屏幕背光+室内光,手机对屏幕,01_academic/02_thesis/thesis_026_PhD_CS_systems.png,true
01_academic/02_thesis/thesis_027_博士论文_环境_监测,01_academic,02_thesis,01_academic/02_thesis/thesis_027_博士论文_环境_监测.json,01_academic/02_thesis/thesis_027_博士论文_环境_监测.html,01_academic/02_thesis/thesis_027_博士论文_环境_监测.png,01_academic/02_thesis/thesis_027_博士论文_环境_监测.png,01_academic/02_thesis/thesis_027_博士论文_环境_监测__real_phone_flat_normal_top.png,phone_flat_indoor_normal_top,手机拍纸质文档,平整,室内正常光,俯拍,01_academic/02_thesis/thesis_027_博士论文_环境_监测.png,true
01_academic/02_thesis/thesis_028_Master_Art_History,01_academic,02_thesis,01_academic/02_thesis/thesis_028_Master_Art_History.json,01_academic/02_thesis/thesis_028_Master_Art_History.html,01_academic/02_thesis/thesis_028_Master_Art_History.png,01_academic/02_thesis/thesis_028_Master_Art_History.png,01_academic/02_thesis/thesis_028_Master_Art_History__real_screenshot_compressed.png,screenshot_compressed,截图+转发压缩,无(纯数字),无,无,01_academic/02_thesis/thesis_028_Master_Art_History.png,true
01_academic/02_thesis/thesis_029_博士论文_力学_仿真,01_academic,02_thesis,01_academic/02_thesis/thesis_029_博士论文_力学_仿真.json,01_academic/02_thesis/thesis_029_博士论文_力学_仿真.html,01_academic/02_thesis/thesis_029_博士论文_力学_仿真.png,01_academic/02_thesis/thesis_029_博士论文_力学_仿真.png,01_academic/02_thesis/thesis_029_博士论文_力学_仿真__real_phone_flat_normal_top.png,phone_flat_indoor_normal_top,手机拍纸质文档,平整,室内正常光,俯拍,01_academic/02_thesis/thesis_029_博士论文_力学_仿真.png,true
01_academic/02_thesis/thesis_030_PhD_Psychology_stats,01_academic,02_thesis,01_academic/02_thesis/thesis_030_PhD_Psychology_stats.json,01_academic/02_thesis/thesis_030_PhD_Psychology_stats.html,01_academic/02_thesis/thesis_030_PhD_Psychology_stats.png,01_academic/02_thesis/thesis_030_PhD_Psychology_stats.png,01_academic/02_thesis/thesis_030_PhD_Psychology_stats__real_phone_flat_normal_top.png,phone_flat_indoor_normal_top,手机拍纸质文档,平整,室内正常光,俯拍,01_academic/02_thesis/thesis_030_PhD_Psychology_stats.png,true
01_academic/03_technical_report/technical_report_001_新能源行业分析报告,01_academic,03_technical_report,01_academic/03_technical_report/technical_report_001_新能源行业分析报告.json,01_academic/03_technical_report/technical_report_001_新能源行业分析报告.html,01_academic/03_technical_report/technical_report_001_新能源行业分析报告.png,01_academic/03_technical_report/technical_report_001_新能源行业分析报告.png,01_academic/03_technical_report/technical_report_001_新能源行业分析报告__real_phone_flat_normal_top.png,phone_flat_indoor_normal_top,手机拍纸质文档,平整,室内正常光,俯拍,01_academic/03_technical_report/technical_report_001_新能源行业分析报告.png,true
01_academic/03_technical_report/technical_report_002_半导体行业分析,01_academic,03_technical_report,01_academic/03_technical_report/technical_report_002_半导体行业分析.json,01_academic/03_technical_report/technical_report_002_半导体行业分析.html,01_academic/03_technical_report/technical_report_002_半导体行业分析.png,01_academic/03_technical_report/technical_report_002_半导体行业分析.png,01_academic/03_technical_report/technical_report_002_半导体行业分析__real_phone_flat_normal_oblique.jpg,phone_flat_indoor_normal_oblique,手机拍纸质文档,平整,室内正常光,斜拍(30-45度),01_academic/03_technical_report/technical_report_002_半导体行业分析.png,true
01_academic/03_technical_report/technical_report_003_5G基站可行性研究,01_academic,03_technical_report,01_academic/03_technical_report/technical_report_003_5G基站可行性研究.json,01_academic/03_technical_report/technical_report_003_5G基站可行性研究.html,01_academic/03_technical_report/technical_report_003_5G基站可行性研究.png,01_academic/03_technical_report/technical_report_003_5G基站可行性研究.png,01_academic/03_technical_report/technical_report_003_5G基站可行性研究__real_phone_flat_normal_top.png,phone_flat_indoor_normal_top,手机拍纸质文档,平整,室内正常光,俯拍,01_academic/03_technical_report/technical_report_003_5G基站可行性研究.png,true
01_academic/03_technical_report/technical_report_004_AI_whitepaper_EN,01_academic,03_technical_report,01_academic/03_technical_report/technical_report_004_AI_whitepaper_EN.json,01_academic/03_technical_report/technical_report_004_AI_whitepaper_EN.html,01_academic/03_technical_report/technical_report_004_AI_whitepaper_EN.png,01_academic/03_technical_report/technical_report_004_AI_whitepaper_EN.png,01_academic/03_technical_report/technical_report_004_AI_whitepaper_EN__real_phone_flat_normal_oblique.png,phone_flat_indoor_normal_oblique,手机拍纸质文档,平整,室内正常光,斜拍(30-45度),01_academic/03_technical_report/technical_report_004_AI_whitepaper_EN.png,true
01_academic/03_technical_report/technical_report_005_审计报告,01_academic,03_technical_report,01_academic/03_technical_report/technical_report_005_审计报告.json,01_academic/03_technical_report/technical_report_005_审计报告.html,01_academic/03_technical_report/technical_report_005_审计报告.png,01_academic/03_technical_report/technical_report_005_审计报告.png,01_academic/03_technical_report/technical_report_005_审计报告__real_phone_flat_flash_top.png,phone_flat_flash_top,手机拍纸质文档,平整,闪光灯,俯拍,01_academic/03_technical_report/technical_report_005_审计报告.png,true
01_academic/03_technical_report/technical_report_006_Environmental_Impact_Assessment,01_academic,03_technical_report,01_academic/03_technical_report/technical_report_006_Environmental_Impact_Assessment.json,01_academic/03_technical_report/technical_report_006_Environmental_Impact_Assessment.html,01_academic/03_technical_report/technical_report_006_Environmental_Impact_Assessment.png,01_academic/03_technical_report/technical_report_006_Environmental_Impact_Assessment.png,01_academic/03_technical_report/technical_report_006_Environmental_Impact_Assessment__real_phone_flat_normal_oblique.png,phone_flat_indoor_normal_oblique,手机拍纸质文档,平整,室内正常光,斜拍(30-45度),01_academic/03_technical_report/technical_report_006_Environmental_Impact_Assessment.png,true
01_academic/03_technical_report/technical_report_007_软件测试报告,01_academic,03_technical_report,01_academic/03_technical_report/technical_report_007_软件测试报告.json,01_academic/03_technical_report/technical_report_007_软件测试报告.html,01_academic/03_technical_report/technical_report_007_软件测试报告.png,01_academic/03_technical_report/technical_report_007_软件测试报告.png,01_academic/03_technical_report/technical_report_007_软件测试报告__real_phone_flat_normal_top.jpg,phone_flat_indoor_normal_top,手机拍纸质文档,平整,室内正常光,俯拍,01_academic/03_technical_report/technical_report_007_软件测试报告.png,true
01_academic/03_technical_report/technical_report_008_Clinical_Trial_Protocol_Synopsis,01_academic,03_technical_report,01_academic/03_technical_report/technical_report_008_Clinical_Trial_Protocol_Synopsis.json,01_academic/03_technical_report/technical_report_008_Clinical_Trial_Protocol_Synopsis.html,01_academic/03_technical_report/technical_report_008_Clinical_Trial_Protocol_Synopsis.png,01_academic/03_technical_report/technical_report_008_Clinical_Trial_Protocol_Synopsis.png,01_academic/03_technical_report/technical_report_008_Clinical_Trial_Protocol_Synopsis__real_phone_flat_normal_oblique.png,phone_flat_indoor_normal_oblique,手机拍纸质文档,平整,室内正常光,斜拍(30-45度),01_academic/03_technical_report/technical_report_008_Clinical_Trial_Protocol_Synopsis.png,true
01_academic/03_technical_report/technical_report_009_网络安全渗透测试报告,01_academic,03_technical_report,01_academic/03_technical_report/technical_report_009_网络安全渗透测试报告.json,01_academic/03_technical_report/technical_report_009_网络安全渗透测试报告.html,01_academic/03_technical_report/technical_report_009_网络安全渗透测试报告.png,01_academic/03_technical_report/technical_report_009_网络安全渗透测试报告.png,01_academic/03_technical_report/technical_report_009_网络安全渗透测试报告__real_phone_flat_normal_top.png,phone_flat_indoor_normal_top,手机拍纸质文档,平整,室内正常光,俯拍,01_academic/03_technical_report/technical_report_009_网络安全渗透测试报告.png,true
01_academic/03_technical_report/technical_report_010_AI产业白皮书,01_academic,03_technical_report,01_academic/03_technical_report/technical_report_010_AI产业白皮书.json,01_academic/03_technical_report/technical_report_010_AI产业白皮书.html,01_academic/03_technical_report/technical_report_010_AI产业白皮书.png,01_academic/03_technical_report/technical_report_010_AI产业白皮书.png,01_academic/03_technical_report/technical_report_010_AI产业白皮书__real_phone_flat_normal_oblique.png,phone_flat_indoor_normal_oblique,手机拍纸质文档,平整,室内正常光,斜拍(30-45度),01_academic/03_technical_report/technical_report_010_AI产业白皮书.png,true
01_academic/03_technical_report/technical_report_011_银行风控报告,01_academic,03_technical_report,01_academic/03_technical_report/technical_report_011_银行风控报告.json,01_academic/03_technical_report/technical_report_011_银行风控报告.html,01_academic/03_technical_report/technical_report_011_银行风控报告.png,01_academic/03_technical_report/technical_report_011_银行风控报告.png,01_academic/03_technical_report/technical_report_011_银行风控报告__real_phone_flat_normal_top.png,phone_flat_indoor_normal_top,手机拍纸质文档,平整,室内正常光,俯拍,01_academic/03_technical_report/technical_report_011_银行风控报告.png,true
01_academic/03_technical_report/technical_report_012_建筑质量检测,01_academic,03_technical_report,01_academic/03_technical_report/technical_report_012_建筑质量检测.json,01_academic/03_technical_report/technical_report_012_建筑质量检测.html,01_academic/03_technical_report/technical_report_012_建筑质量检测.png,01_academic/03_technical_report/technical_report_012_建筑质量检测.png,01_academic/03_technical_report/technical_report_012_建筑质量检测__real_phone_flat_normal_oblique.png,phone_flat_indoor_normal_oblique,手机拍纸质文档,平整,室内正常光,斜拍(30-45度),01_academic/03_technical_report/technical_report_012_建筑质量检测.png,true
01_academic/03_technical_report/technical_report_013_Supply_Chain_Analysis,01_academic,03_technical_report,01_academic/03_technical_report/technical_report_013_Supply_Chain_Analysis.json,01_academic/03_technical_report/technical_report_013_Supply_Chain_Analysis.html,01_academic/03_technical_report/technical_report_013_Supply_Chain_Analysis.png,01_academic/03_technical_report/technical_report_013_Supply_Chain_Analysis.png,01_academic/03_technical_report/technical_report_013_Supply_Chain_Analysis__real_phone_flat_normal_top.png,phone_flat_indoor_normal_top,手机拍纸质文档,平整,室内正常光,俯拍,01_academic/03_technical_report/technical_report_013_Supply_Chain_Analysis.png,true
01_academic/03_technical_report/technical_report_014_碳排放核查报告,01_academic,03_technical_report,01_academic/03_technical_report/technical_report_014_碳排放核查报告.json,01_academic/03_technical_report/technical_report_014_碳排放核查报告.html,01_academic/03_technical_report/technical_report_014_碳排放核查报告.png,01_academic/03_technical_report/technical_report_014_碳排放核查报告.png,01_academic/03_technical_report/technical_report_014_碳排放核查报告__real_phone_flat_normal_oblique.jpg,phone_flat_indoor_normal_oblique,手机拍纸质文档,平整,室内正常光,斜拍(30-45度),01_academic/03_technical_report/technical_report_014_碳排放核查报告.png,true
01_academic/03_technical_report/technical_report_015_教育评估报告,01_academic,03_technical_report,01_academic/03_technical_report/technical_report_015_教育评估报告.json,01_academic/03_technical_report/technical_report_015_教育评估报告.html,01_academic/03_technical_report/technical_report_015_教育评估报告.png,01_academic/03_technical_report/technical_report_015_教育评估报告.png,01_academic/03_technical_report/technical_report_015_教育评估报告__real_phone_flat_normal_top.png,phone_flat_indoor_normal_top,手机拍纸质文档,平整,室内正常光,俯拍,01_academic/03_technical_report/technical_report_015_教育评估报告.png,true
01_academic/03_technical_report/technical_report_016_Oil_Gas_Reservoir,01_academic,03_technical_report,01_academic/03_technical_report/technical_report_016_Oil_Gas_Reservoir.json,01_academic/03_technical_report/technical_report_016_Oil_Gas_Reservoir.html,01_academic/03_technical_report/technical_report_016_Oil_Gas_Reservoir.png,01_academic/03_technical_report/technical_report_016_Oil_Gas_Reservoir.png,01_academic/03_technical_report/technical_report_016_Oil_Gas_Reservoir__real_phone_flat_normal_oblique.png,phone_flat_indoor_normal_oblique,手机拍纸质文档,平整,室内正常光,斜拍(30-45度),01_academic/03_technical_report/technical_report_016_Oil_Gas_Reservoir.png,true
01_academic/03_technical_report/technical_report_017_智能制造诊断,01_academic,03_technical_report,01_academic/03_technical_report/technical_report_017_智能制造诊断.json,01_academic/03_technical_report/technical_report_017_智能制造诊断.html,01_academic/03_technical_report/technical_report_017_智能制造诊断.png,01_academic/03_technical_report/technical_report_017_智能制造诊断.png,01_academic/03_technical_report/technical_report_017_智能制造诊断__real_screenshot_na_na_na.png,screenshot_compressed,截图+转发压缩,无(纯数字),无,无,01_academic/03_technical_report/technical_report_017_智能制造诊断.png,true
01_academic/03_technical_report/technical_report_018_Aviation_Safety,01_academic,03_technical_report,01_academic/03_technical_report/technical_report_018_Aviation_Safety.json,01_academic/03_technical_report/technical_report_018_Aviation_Safety.html,01_academic/03_technical_report/technical_report_018_Aviation_Safety.png,01_academic/03_technical_report/technical_report_018_Aviation_Safety.png,01_academic/03_technical_report/technical_report_018_Aviation_Safety__real_phone_flat_normal_oblique.png,phone_flat_indoor_normal_oblique,手机拍纸质文档,平整,室内正常光,斜拍(30-45度),01_academic/03_technical_report/technical_report_018_Aviation_Safety.png,true
01_academic/03_technical_report/technical_report_019_土壤污染调查,01_academic,03_technical_report,01_academic/03_technical_report/technical_report_019_土壤污染调查.json,01_academic/03_technical_report/technical_report_019_土壤污染调查.html,01_academic/03_technical_report/technical_report_019_土壤污染调查.png,01_academic/03_technical_report/technical_report_019_土壤污染调查.png,01_academic/03_technical_report/technical_report_019_土壤污染调查__real_screen_na_screen_screen.png,screen_photography,拍屏,无(屏幕显示),屏幕背光+室内光,手机对屏幕,01_academic/03_technical_report/technical_report_019_土壤污染调查.png,true
01_academic/03_technical_report/technical_report_020_Market_Research,01_academic,03_technical_report,01_academic/03_technical_report/technical_report_020_Market_Research.json,01_academic/03_technical_report/technical_report_020_Market_Research.html,01_academic/03_technical_report/technical_report_020_Market_Research.png,01_academic/03_technical_report/technical_report_020_Market_Research.png,01_academic/03_technical_report/technical_report_020_Market_Research__real_phone_flat_normal_oblique.png,phone_flat_indoor_normal_oblique,手机拍纸质文档,平整,室内正常光,斜拍(30-45度),01_academic/03_technical_report/technical_report_020_Market_Research.png,true
01_academic/03_technical_report/technical_report_021_消防验收报告,01_academic,03_technical_report,01_academic/03_technical_report/technical_report_021_消防验收报告.json,01_academic/03_technical_report/technical_report_021_消防验收报告.html,01_academic/03_technical_report/technical_report_021_消防验收报告.png,01_academic/03_technical_report/technical_report_021_消防验收报告.png,01_academic/03_technical_report/technical_report_021_消防验收报告__real_phone_flat_normal_top.jpg,phone_flat_indoor_normal_top,手机拍纸质文档,平整,室内正常光,俯拍,01_academic/03_technical_report/technical_report_021_消防验收报告.png,true
01_academic/03_technical_report/technical_report_022_Data_Center_Capacity,01_academic,03_technical_report,01_academic/03_technical_report/technical_report_022_Data_Center_Capacity.json,01_academic/03_technical_report/technical_report_022_Data_Center_Capacity.html,01_academic/03_technical_report/technical_report_022_Data_Center_Capacity.png,01_academic/03_technical_report/technical_report_022_Data_Center_Capacity.png,01_academic/03_technical_report/technical_report_022_Data_Center_Capacity__real_phone_flat_normal_oblique.png,phone_flat_indoor_normal_oblique,手机拍纸质文档,平整,室内正常光,斜拍(30-45度),01_academic/03_technical_report/technical_report_022_Data_Center_Capacity.png,true
01_academic/03_technical_report/technical_report_023_农产品质量检测,01_academic,03_technical_report,01_academic/03_technical_report/technical_report_023_农产品质量检测.json,01_academic/03_technical_report/technical_report_023_农产品质量检测.html,01_academic/03_technical_report/technical_report_023_农产品质量检测.png,01_academic/03_technical_report/technical_report_023_农产品质量检测.png,01_academic/03_technical_report/technical_report_023_农产品质量检测__real_phone_flat_normal_top.png,phone_flat_indoor_normal_top,手机拍纸质文档,平整,室内正常光,俯拍,01_academic/03_technical_report/technical_report_023_农产品质量检测.png,true
01_academic/03_technical_report/technical_report_024_VC_Due_Diligence,01_academic,03_technical_report,01_academic/03_technical_report/technical_report_024_VC_Due_Diligence.json,01_academic/03_technical_report/technical_report_024_VC_Due_Diligence.html,01_academic/03_technical_report/technical_report_024_VC_Due_Diligence.png,01_academic/03_technical_report/technical_report_024_VC_Due_Diligence.png,01_academic/03_technical_report/technical_report_024_VC_Due_Diligence__real_phone_flat_normal_oblique.png,phone_flat_indoor_normal_oblique,手机拍纸质文档,平整,室内正常光,斜拍(30-45度),01_academic/03_technical_report/technical_report_024_VC_Due_Diligence.png,true
01_academic/03_technical_report/technical_report_025_Pharma_Stability_Study,01_academic,03_technical_report,01_academic/03_technical_report/technical_report_025_Pharma_Stability_Study.json,01_academic/03_technical_report/technical_report_025_Pharma_Stability_Study.html,01_academic/03_technical_report/technical_report_025_Pharma_Stability_Study.png,01_academic/03_technical_report/technical_report_025_Pharma_Stability_Study.png,01_academic/03_technical_report/technical_report_025_Pharma_Stability_Study__real_phone_flat_normal_top.png,phone_flat_indoor_normal_top,手机拍纸质文档,平整,室内正常光,俯拍,01_academic/03_technical_report/technical_report_025_Pharma_Stability_Study.png,true
01_academic/03_technical_report/technical_report_026_Cybersecurity_Incident_Response,01_academic,03_technical_report,01_academic/03_technical_report/technical_report_026_Cybersecurity_Incident_Response.json,01_academic/03_technical_report/technical_report_026_Cybersecurity_Incident_Response.html,01_academic/03_technical_report/technical_report_026_Cybersecurity_Incident_Response.png,01_academic/03_technical_report/technical_report_026_Cybersecurity_Incident_Response.png,01_academic/03_technical_report/technical_report_026_Cybersecurity_Incident_Response__real_phone_flat_flash_oblique.jpg,phone_flat_flash_oblique,手机拍纸质文档,平整,闪光灯,斜拍(30-45度),01_academic/03_technical_report/technical_report_026_Cybersecurity_Incident_Response.png,true
01_academic/03_technical_report/technical_report_027_ESG_Sustainability_Report,01_academic,03_technical_report,01_academic/03_technical_report/technical_report_027_ESG_Sustainability_Report.json,01_academic/03_technical_report/technical_report_027_ESG_Sustainability_Report.html,01_academic/03_technical_report/technical_report_027_ESG_Sustainability_Report.png,01_academic/03_technical_report/technical_report_027_ESG_Sustainability_Report.png,01_academic/03_technical_report/technical_report_027_ESG_Sustainability_Report__real_phone_flat_normal_top.png,phone_flat_indoor_normal_top,手机拍纸质文档,平整,室内正常光,俯拍,01_academic/03_technical_report/technical_report_027_ESG_Sustainability_Report.png,true
01_academic/03_technical_report/technical_report_028_Bridge_Structural_Inspection,01_academic,03_technical_report,01_academic/03_technical_report/technical_report_028_Bridge_Structural_Inspection.json,01_academic/03_technical_report/technical_report_028_Bridge_Structural_Inspection.html,01_academic/03_technical_report/technical_report_028_Bridge_Structural_Inspection.png,01_academic/03_technical_report/technical_report_028_Bridge_Structural_Inspection.png,01_academic/03_technical_report/technical_report_028_Bridge_Structural_Inspection__real_phone_flat_normal_oblique.jpg,phone_flat_indoor_normal_oblique,手机拍纸质文档,平整,室内正常光,斜拍(30-45度),01_academic/03_technical_report/technical_report_028_Bridge_Structural_Inspection.png,true
01_academic/03_technical_report/technical_report_029_Product_Quality_Inspection,01_academic,03_technical_report,01_academic/03_technical_report/technical_report_029_Product_Quality_Inspection.json,01_academic/03_technical_report/technical_report_029_Product_Quality_Inspection.html,01_academic/03_technical_report/technical_report_029_Product_Quality_Inspection.png,01_academic/03_technical_report/technical_report_029_Product_Quality_Inspection.png,01_academic/03_technical_report/technical_report_029_Product_Quality_Inspection__real_phone_flat_normal_top.png,phone_flat_indoor_normal_top,手机拍纸质文档,平整,室内正常光,俯拍,01_academic/03_technical_report/technical_report_029_Product_Quality_Inspection.png,true
01_academic/03_technical_report/technical_report_030_Geotechnical_Site_Investigation,01_academic,03_technical_report,01_academic/03_technical_report/technical_report_030_Geotechnical_Site_Investigation.json,01_academic/03_technical_report/technical_report_030_Geotechnical_Site_Investigation.html,01_academic/03_technical_report/technical_report_030_Geotechnical_Site_Investigation.png,01_academic/03_technical_report/technical_report_030_Geotechnical_Site_Investigation.png,01_academic/03_technical_report/technical_report_030_Geotechnical_Site_Investigation__real_phone_flat_normal_oblique.png,phone_flat_indoor_normal_oblique,手机拍纸质文档,平整,室内正常光,斜拍(30-45度),01_academic/03_technical_report/technical_report_030_Geotechnical_Site_Investigation.png,true
01_academic/04_patent/patent_001_发明专利_权利要求书,01_academic,04_patent,01_academic/04_patent/patent_001_发明专利_权利要求书.json,01_academic/04_patent/patent_001_发明专利_权利要求书.html,01_academic/04_patent/patent_001_发明专利_权利要求书.png,01_academic/04_patent/patent_001_发明专利_权利要求书.png,01_academic/04_patent/patent_001_发明专利_权利要求书__real_screenshot_na_na_na.png,screenshot_compressed,截图+转发压缩,无(纯数字),无,无,01_academic/04_patent/patent_001_发明专利_权利要求书.png,true
01_academic/04_patent/patent_002_发明专利_说明书附图,01_academic,04_patent,01_academic/04_patent/patent_002_发明专利_说明书附图.json,01_academic/04_patent/patent_002_发明专利_说明书附图.html,01_academic/04_patent/patent_002_发明专利_说明书附图.png,01_academic/04_patent/patent_002_发明专利_说明书附图.png,01_academic/04_patent/patent_002_发明专利_说明书附图__real_phone_flat_normal_top.png,phone_flat_indoor_normal_top,手机拍纸质文档,平整,室内正常光,俯拍,01_academic/04_patent/patent_002_发明专利_说明书附图.png,true
01_academic/04_patent/patent_003_US_Patent_Claims,01_academic,04_patent,01_academic/04_patent/patent_003_US_Patent_Claims.json,01_academic/04_patent/patent_003_US_Patent_Claims.html,01_academic/04_patent/patent_003_US_Patent_Claims.png,01_academic/04_patent/patent_003_US_Patent_Claims.png,01_academic/04_patent/patent_003_US_Patent_Claims__real_phone_flat_normal_top.png,phone_flat_indoor_normal_top,手机拍纸质文档,平整,室内正常光,俯拍,01_academic/04_patent/patent_003_US_Patent_Claims.png,true
01_academic/04_patent/patent_004_发明专利_说明书摘要,01_academic,04_patent,01_academic/04_patent/patent_004_发明专利_说明书摘要.json,01_academic/04_patent/patent_004_发明专利_说明书摘要.html,01_academic/04_patent/patent_004_发明专利_说明书摘要.png,01_academic/04_patent/patent_004_发明专利_说明书摘要.png,01_academic/04_patent/patent_004_发明专利_说明书摘要__real_screenshot_na_na_na.jpg,screenshot_compressed,截图+转发压缩,无(纯数字),无,无,01_academic/04_patent/patent_004_发明专利_说明书摘要.png,true
01_academic/04_patent/patent_005_PCT_国际检索报告,01_academic,04_patent,01_academic/04_patent/patent_005_PCT_国际检索报告.json,01_academic/04_patent/patent_005_PCT_国际检索报告.html,01_academic/04_patent/patent_005_PCT_国际检索报告.png,01_academic/04_patent/patent_005_PCT_国际检索报告.png,01_academic/04_patent/patent_005_PCT_国际检索报告__real_phone_flat_normal_top.png,phone_flat_indoor_normal_top,手机拍纸质文档,平整,室内正常光,俯拍,01_academic/04_patent/patent_005_PCT_国际检索报告.png,true
01_academic/04_patent/patent_006_实用新型_授权公告,01_academic,04_patent,01_academic/04_patent/patent_006_实用新型_授权公告.json,01_academic/04_patent/patent_006_实用新型_授权公告.html,01_academic/04_patent/patent_006_实用新型_授权公告.png,01_academic/04_patent/patent_006_实用新型_授权公告.png,01_academic/04_patent/patent_006_实用新型_授权公告__real_screenshot_na_na_na.png,screenshot_compressed,截图+转发压缩,无(纯数字),无,无,01_academic/04_patent/patent_006_实用新型_授权公告.png,true
01_academic/04_patent/patent_007_EP_Patent_Description,01_academic,04_patent,01_academic/04_patent/patent_007_EP_Patent_Description.json,01_academic/04_patent/patent_007_EP_Patent_Description.html,01_academic/04_patent/patent_007_EP_Patent_Description.png,01_academic/04_patent/patent_007_EP_Patent_Description.png,01_academic/04_patent/patent_007_EP_Patent_Description__real_screenshot_compressed.png,screenshot_compressed,截图+转发压缩,无(纯数字),无,无,01_academic/04_patent/patent_007_EP_Patent_Description.png,true
01_academic/04_patent/patent_008_专利无效宣告请求书,01_academic,04_patent,01_academic/04_patent/patent_008_专利无效宣告请求书.json,01_academic/04_patent/patent_008_专利无效宣告请求书.html,01_academic/04_patent/patent_008_专利无效宣告请求书.png,01_academic/04_patent/patent_008_专利无效宣告请求书.png,01_academic/04_patent/patent_008_专利无效宣告请求书__real_phone_flat_normal_top.png,phone_flat_indoor_normal_top,手机拍纸质文档,平整,室内正常光,俯拍,01_academic/04_patent/patent_008_专利无效宣告请求书.png,true
01_academic/04_patent/patent_009_专利许可合同备案,01_academic,04_patent,01_academic/04_patent/patent_009_专利许可合同备案.json,01_academic/04_patent/patent_009_专利许可合同备案.html,01_academic/04_patent/patent_009_专利许可合同备案.png,01_academic/04_patent/patent_009_专利许可合同备案.png,01_academic/04_patent/patent_009_专利许可合同备案__real_screenshot_na_na_na.png,screenshot_compressed,截图+转发压缩,无(纯数字),无,无,01_academic/04_patent/patent_009_专利许可合同备案.png,true
01_academic/04_patent/patent_010_发明专利_半导体工艺,01_academic,04_patent,01_academic/04_patent/patent_010_发明专利_半导体工艺.json,01_academic/04_patent/patent_010_发明专利_半导体工艺.html,01_academic/04_patent/patent_010_发明专利_半导体工艺.png,01_academic/04_patent/patent_010_发明专利_半导体工艺.png,01_academic/04_patent/patent_010_发明专利_半导体工艺__real_phone_flat_normal_top.png,phone_flat_indoor_normal_top,手机拍纸质文档,平整,室内正常光,俯拍,01_academic/04_patent/patent_010_发明专利_半导体工艺.png,true
01_academic/04_patent/patent_011_US_Patent_Biotech,01_academic,04_patent,01_academic/04_patent/patent_011_US_Patent_Biotech.json,01_academic/04_patent/patent_011_US_Patent_Biotech.html,01_academic/04_patent/patent_011_US_Patent_Biotech.png,01_academic/04_patent/patent_011_US_Patent_Biotech.png,01_academic/04_patent/patent_011_US_Patent_Biotech__real_phone_flat_normal_top.png,phone_flat_indoor_normal_top,手机拍纸质文档,平整,室内正常光,俯拍,01_academic/04_patent/patent_011_US_Patent_Biotech.png,true
01_academic/04_patent/patent_012_实用新型_农业机械,01_academic,04_patent,01_academic/04_patent/patent_012_实用新型_农业机械.json,01_academic/04_patent/patent_012_实用新型_农业机械.html,01_academic/04_patent/patent_012_实用新型_农业机械.png,01_academic/04_patent/patent_012_实用新型_农业机械.png,01_academic/04_patent/patent_012_实用新型_农业机械__real_phone_flat_normal_top.png,phone_flat_indoor_normal_top,手机拍纸质文档,平整,室内正常光,俯拍,01_academic/04_patent/patent_012_实用新型_农业机械.png,true
01_academic/04_patent/patent_013_EP_Chemical_Process,01_academic,04_patent,01_academic/04_patent/patent_013_EP_Chemical_Process.json,01_academic/04_patent/patent_013_EP_Chemical_Process.html,01_academic/04_patent/patent_013_EP_Chemical_Process.png,01_academic/04_patent/patent_013_EP_Chemical_Process.png,01_academic/04_patent/patent_013_EP_Chemical_Process__real_phone_flat_normal_top.png,phone_flat_indoor_normal_top,手机拍纸质文档,平整,室内正常光,俯拍,01_academic/04_patent/patent_013_EP_Chemical_Process.png,true
01_academic/04_patent/patent_014_发明专利_医疗器械,01_academic,04_patent,01_academic/04_patent/patent_014_发明专利_医疗器械.json,01_academic/04_patent/patent_014_发明专利_医疗器械.html,01_academic/04_patent/patent_014_发明专利_医疗器械.png,01_academic/04_patent/patent_014_发明专利_医疗器械.png,01_academic/04_patent/patent_014_发明专利_医疗器械__real_phone_flat_normal_top.png,phone_flat_indoor_normal_top,手机拍纸质文档,平整,室内正常光,俯拍,01_academic/04_patent/patent_014_发明专利_医疗器械.png,true
01_academic/04_patent/patent_015_US_Design_Patent,01_academic,04_patent,01_academic/04_patent/patent_015_US_Design_Patent.json,01_academic/04_patent/patent_015_US_Design_Patent.html,01_academic/04_patent/patent_015_US_Design_Patent.png,01_academic/04_patent/patent_015_US_Design_Patent.png,01_academic/04_patent/patent_015_US_Design_Patent__real_screenshot_compressed.png,screenshot_compressed,截图+转发压缩,无(纯数字),无,无,01_academic/04_patent/patent_015_US_Design_Patent.png,true
01_academic/04_patent/patent_016_专利权评价报告,01_academic,04_patent,01_academic/04_patent/patent_016_专利权评价报告.json,01_academic/04_patent/patent_016_专利权评价报告.html,01_academic/04_patent/patent_016_专利权评价报告.png,01_academic/04_patent/patent_016_专利权评价报告.png,01_academic/04_patent/patent_016_专利权评价报告__real_phone_flat_normal_top.png,phone_flat_indoor_normal_top,手机拍纸质文档,平整,室内正常光,俯拍,01_academic/04_patent/patent_016_专利权评价报告.png,true
01_academic/04_patent/patent_017_PCT_Written_Opinion,01_academic,04_patent,01_academic/04_patent/patent_017_PCT_Written_Opinion.json,01_academic/04_patent/patent_017_PCT_Written_Opinion.html,01_academic/04_patent/patent_017_PCT_Written_Opinion.png,01_academic/04_patent/patent_017_PCT_Written_Opinion.png,01_academic/04_patent/patent_017_PCT_Written_Opinion__real_phone_flat_normal_top.png,phone_flat_indoor_normal_top,手机拍纸质文档,平整,室内正常光,俯拍,01_academic/04_patent/patent_017_PCT_Written_Opinion.png,true
01_academic/04_patent/patent_018_发明专利_电池技术,01_academic,04_patent,01_academic/04_patent/patent_018_发明专利_电池技术.json,01_academic/04_patent/patent_018_发明专利_电池技术.html,01_academic/04_patent/patent_018_发明专利_电池技术.png,01_academic/04_patent/patent_018_发明专利_电池技术.png,01_academic/04_patent/patent_018_发明专利_电池技术__real_screenshot_na_na_na.png,screenshot_compressed,截图+转发压缩,无(纯数字),无,无,01_academic/04_patent/patent_018_发明专利_电池技术.png,true
01_academic/04_patent/patent_019_专利侵权分析报告,01_academic,04_patent,01_academic/04_patent/patent_019_专利侵权分析报告.json,01_academic/04_patent/patent_019_专利侵权分析报告.html,01_academic/04_patent/patent_019_专利侵权分析报告.png,01_academic/04_patent/patent_019_专利侵权分析报告.png,01_academic/04_patent/patent_019_专利侵权分析报告__real_screenshot_na_na_na.png,screenshot_compressed,截图+转发压缩,无(纯数字),无,无,01_academic/04_patent/patent_019_专利侵权分析报告.png,true
01_academic/04_patent/patent_020_EP_Semiconductor,01_academic,04_patent,01_academic/04_patent/patent_020_EP_Semiconductor.json,01_academic/04_patent/patent_020_EP_Semiconductor.html,01_academic/04_patent/patent_020_EP_Semiconductor.png,01_academic/04_patent/patent_020_EP_Semiconductor.png,01_academic/04_patent/patent_020_EP_Semiconductor__real_phone_flat_normal_top.png,phone_flat_indoor_normal_top,手机拍纸质文档,平整,室内正常光,俯拍,01_academic/04_patent/patent_020_EP_Semiconductor.png,true
01_academic/04_patent/patent_021_外观设计专利_产品,01_academic,04_patent,01_academic/04_patent/patent_021_外观设计专利_产品.json,01_academic/04_patent/patent_021_外观设计专利_产品.html,01_academic/04_patent/patent_021_外观设计专利_产品.png,01_academic/04_patent/patent_021_外观设计专利_产品.png,01_academic/04_patent/patent_021_外观设计专利_产品__real_phone_flat_normal_top.png,phone_flat_indoor_normal_top,手机拍纸质文档,平整,室内正常光,俯拍,01_academic/04_patent/patent_021_外观设计专利_产品.png,true
01_academic/04_patent/patent_022_US_Continuation,01_academic,04_patent,01_academic/04_patent/patent_022_US_Continuation.json,01_academic/04_patent/patent_022_US_Continuation.html,01_academic/04_patent/patent_022_US_Continuation.png,01_academic/04_patent/patent_022_US_Continuation.png,01_academic/04_patent/patent_022_US_Continuation__real_screen_na_screen_screen.jpg,screen_photography,拍屏,无(屏幕显示),屏幕背光+室内光,手机对屏幕,01_academic/04_patent/patent_022_US_Continuation.png,true
01_academic/04_patent/patent_023_发明专利_食品加工,01_academic,04_patent,01_academic/04_patent/patent_023_发明专利_食品加工.json,01_academic/04_patent/patent_023_发明专利_食品加工.html,01_academic/04_patent/patent_023_发明专利_食品加工.png,01_academic/04_patent/patent_023_发明专利_食品加工.png,01_academic/04_patent/patent_023_发明专利_食品加工__real_screen_na_screen_screen.png,screen_photography,拍屏,无(屏幕显示),屏幕背光+室内光,手机对屏幕,01_academic/04_patent/patent_023_发明专利_食品加工.png,true
01_academic/04_patent/patent_024_专利优先审查请求,01_academic,04_patent,01_academic/04_patent/patent_024_专利优先审查请求.json,01_academic/04_patent/patent_024_专利优先审查请求.html,01_academic/04_patent/patent_024_专利优先审查请求.png,01_academic/04_patent/patent_024_专利优先审查请求.png,01_academic/04_patent/patent_024_专利优先审查请求__real_phone_flat_flash_top.png,phone_flat_flash_top,手机拍纸质文档,平整,闪光灯,俯拍,01_academic/04_patent/patent_024_专利优先审查请求.png,true
01_academic/04_patent/patent_025_PCT_Demand_Chapter2,01_academic,04_patent,01_academic/04_patent/patent_025_PCT_Demand_Chapter2.json,01_academic/04_patent/patent_025_PCT_Demand_Chapter2.html,01_academic/04_patent/patent_025_PCT_Demand_Chapter2.png,01_academic/04_patent/patent_025_PCT_Demand_Chapter2.png,01_academic/04_patent/patent_025_PCT_Demand_Chapter2__real_screenshot_compressed.png,screenshot_compressed,截图+转发压缩,无(纯数字),无,无,01_academic/04_patent/patent_025_PCT_Demand_Chapter2.png,true
01_academic/04_patent/patent_026_发明专利_人工智能,01_academic,04_patent,01_academic/04_patent/patent_026_发明专利_人工智能.json,01_academic/04_patent/patent_026_发明专利_人工智能.html,01_academic/04_patent/patent_026_发明专利_人工智能.png,01_academic/04_patent/patent_026_发明专利_人工智能.png,01_academic/04_patent/patent_026_发明专利_人工智能__real_phone_flat_normal_top.png,phone_flat_indoor_normal_top,手机拍纸质文档,平整,室内正常光,俯拍,01_academic/04_patent/patent_026_发明专利_人工智能.png,true
01_academic/04_patent/patent_027_US_Plant_Patent,01_academic,04_patent,01_academic/04_patent/patent_027_US_Plant_Patent.json,01_academic/04_patent/patent_027_US_Plant_Patent.html,01_academic/04_patent/patent_027_US_Plant_Patent.png,01_academic/04_patent/patent_027_US_Plant_Patent.png,01_academic/04_patent/patent_027_US_Plant_Patent__real_phone_flat_flash_top.png,phone_flat_flash_top,手机拍纸质文档,平整,闪光灯,俯拍,01_academic/04_patent/patent_027_US_Plant_Patent.png,true
01_academic/04_patent/patent_028_发明专利_化工催化,01_academic,04_patent,01_academic/04_patent/patent_028_发明专利_化工催化.json,01_academic/04_patent/patent_028_发明专利_化工催化.html,01_academic/04_patent/patent_028_发明专利_化工催化.png,01_academic/04_patent/patent_028_发明专利_化工催化.png,01_academic/04_patent/patent_028_发明专利_化工催化__real_phone_flat_normal_top.png,phone_flat_indoor_normal_top,手机拍纸质文档,平整,室内正常光,俯拍,01_academic/04_patent/patent_028_发明专利_化工催化.png,true
01_academic/04_patent/patent_029_US_Chip_Architecture,01_academic,04_patent,01_academic/04_patent/patent_029_US_Chip_Architecture.json,01_academic/04_patent/patent_029_US_Chip_Architecture.html,01_academic/04_patent/patent_029_US_Chip_Architecture.png,01_academic/04_patent/patent_029_US_Chip_Architecture.png,01_academic/04_patent/patent_029_US_Chip_Architecture__real_screen_photography.png,screen_photography,拍屏,无(屏幕显示),屏幕背光+室内光,手机对屏幕,01_academic/04_patent/patent_029_US_Chip_Architecture.png,true
01_academic/04_patent/patent_030_发明专利_生物医药,01_academic,04_patent,01_academic/04_patent/patent_030_发明专利_生物医药.json,01_academic/04_patent/patent_030_发明专利_生物医药.html,01_academic/04_patent/patent_030_发明专利_生物医药.png,01_academic/04_patent/patent_030_发明专利_生物医药.png,01_academic/04_patent/patent_030_发明专利_生物医药__real_screenshot_na_na_na.png,screenshot_compressed,截图+转发压缩,无(纯数字),无,无,01_academic/04_patent/patent_030_发明专利_生物医药.png,true
01_academic/05_research_proposal/research_proposal_001_国家自然科学基金面上项目申请书,01_academic,05_research_proposal,01_academic/05_research_proposal/research_proposal_001_国家自然科学基金面上项目申请书.json,01_academic/05_research_proposal/research_proposal_001_国家自然科学基金面上项目申请书.html,01_academic/05_research_proposal/research_proposal_001_国家自然科学基金面上项目申请书.png,01_academic/05_research_proposal/research_proposal_001_国家自然科学基金面上项目申请书.png,01_academic/05_research_proposal/research_proposal_001_国家自然科学基金面上项目申请书__real_phone_photocopy_photocopy_normal_top.jpg,phone_photocopy,手机拍复印件,复印件,室内正常光,俯拍,01_academic/05_research_proposal/research_proposal_001_国家自然科学基金面上项目申请书.png,true
01_academic/05_research_proposal/research_proposal_002_NIH_R01_Grant_Application,01_academic,05_research_proposal,01_academic/05_research_proposal/research_proposal_002_NIH_R01_Grant_Application.json,01_academic/05_research_proposal/research_proposal_002_NIH_R01_Grant_Application.html,01_academic/05_research_proposal/research_proposal_002_NIH_R01_Grant_Application.png,01_academic/05_research_proposal/research_proposal_002_NIH_R01_Grant_Application.png,01_academic/05_research_proposal/research_proposal_002_NIH_R01_Grant_Application__real_phone_flat_normal_top.png,phone_flat_indoor_normal_top,手机拍纸质文档,平整,室内正常光,俯拍,01_academic/05_research_proposal/research_proposal_002_NIH_R01_Grant_Application.png,true
01_academic/05_research_proposal/research_proposal_003_欧盟地平线计划项目书,01_academic,05_research_proposal,01_academic/05_research_proposal/research_proposal_003_欧盟地平线计划项目书.json,01_academic/05_research_proposal/research_proposal_003_欧盟地平线计划项目书.html,01_academic/05_research_proposal/research_proposal_003_欧盟地平线计划项目书.png,01_academic/05_research_proposal/research_proposal_003_欧盟地平线计划项目书.png,01_academic/05_research_proposal/research_proposal_003_欧盟地平线计划项目书__real_phone_photocopy_photocopy_normal_top.png,phone_photocopy,手机拍复印件,复印件,室内正常光,俯拍,01_academic/05_research_proposal/research_proposal_003_欧盟地平线计划项目书.png,true
01_academic/05_research_proposal/research_proposal_004_省级重点研发计划申请,01_academic,05_research_proposal,01_academic/05_research_proposal/research_proposal_004_省级重点研发计划申请.json,01_academic/05_research_proposal/research_proposal_004_省级重点研发计划申请.html,01_academic/05_research_proposal/research_proposal_004_省级重点研发计划申请.png,01_academic/05_research_proposal/research_proposal_004_省级重点研发计划申请.png,01_academic/05_research_proposal/research_proposal_004_省级重点研发计划申请__real_phone_flat_normal_top.png,phone_flat_indoor_normal_top,手机拍纸质文档,平整,室内正常光,俯拍,01_academic/05_research_proposal/research_proposal_004_省级重点研发计划申请.png,true
01_academic/05_research_proposal/research_proposal_005_博士后科学基金申请书,01_academic,05_research_proposal,01_academic/05_research_proposal/research_proposal_005_博士后科学基金申请书.json,01_academic/05_research_proposal/research_proposal_005_博士后科学基金申请书.html,01_academic/05_research_proposal/research_proposal_005_博士后科学基金申请书.png,01_academic/05_research_proposal/research_proposal_005_博士后科学基金申请书.png,01_academic/05_research_proposal/research_proposal_005_博士后科学基金申请书__real_phone_photocopy_photocopy_normal_top.png,phone_photocopy,手机拍复印件,复印件,室内正常光,俯拍,01_academic/05_research_proposal/research_proposal_005_博士后科学基金申请书.png,true
01_academic/05_research_proposal/research_proposal_006_国自然青年基金,01_academic,05_research_proposal,01_academic/05_research_proposal/research_proposal_006_国自然青年基金.json,01_academic/05_research_proposal/research_proposal_006_国自然青年基金.html,01_academic/05_research_proposal/research_proposal_006_国自然青年基金.png,01_academic/05_research_proposal/research_proposal_006_国自然青年基金.png,01_academic/05_research_proposal/research_proposal_006_国自然青年基金__real_phone_flat_normal_top.png,phone_flat_indoor_normal_top,手机拍纸质文档,平整,室内正常光,俯拍,01_academic/05_research_proposal/research_proposal_006_国自然青年基金.png,true
01_academic/05_research_proposal/research_proposal_007_NSF_CAREER_Award,01_academic,05_research_proposal,01_academic/05_research_proposal/research_proposal_007_NSF_CAREER_Award.json,01_academic/05_research_proposal/research_proposal_007_NSF_CAREER_Award.html,01_academic/05_research_proposal/research_proposal_007_NSF_CAREER_Award.png,01_academic/05_research_proposal/research_proposal_007_NSF_CAREER_Award.png,01_academic/05_research_proposal/research_proposal_007_NSF_CAREER_Award__real_phone_photocopy_photocopy_normal_top.jpg,phone_photocopy,手机拍复印件,复印件,室内正常光,俯拍,01_academic/05_research_proposal/research_proposal_007_NSF_CAREER_Award.png,true
01_academic/05_research_proposal/research_proposal_008_科技部重点研发,01_academic,05_research_proposal,01_academic/05_research_proposal/research_proposal_008_科技部重点研发.json,01_academic/05_research_proposal/research_proposal_008_科技部重点研发.html,01_academic/05_research_proposal/research_proposal_008_科技部重点研发.png,01_academic/05_research_proposal/research_proposal_008_科技部重点研发.png,01_academic/05_research_proposal/research_proposal_008_科技部重点研发__real_screenshot_na_na_na.png,screenshot_compressed,截图+转发压缩,无(纯数字),无,无,01_academic/05_research_proposal/research_proposal_008_科技部重点研发.png,true
01_academic/05_research_proposal/research_proposal_009_ERC_Starting_Grant,01_academic,05_research_proposal,01_academic/05_research_proposal/research_proposal_009_ERC_Starting_Grant.json,01_academic/05_research_proposal/research_proposal_009_ERC_Starting_Grant.html,01_academic/05_research_proposal/research_proposal_009_ERC_Starting_Grant.png,01_academic/05_research_proposal/research_proposal_009_ERC_Starting_Grant.png,01_academic/05_research_proposal/research_proposal_009_ERC_Starting_Grant__real_phone_photocopy_photocopy_normal_top.png,phone_photocopy,手机拍复印件,复印件,室内正常光,俯拍,01_academic/05_research_proposal/research_proposal_009_ERC_Starting_Grant.png,true
01_academic/05_research_proposal/research_proposal_010_企业横向课题,01_academic,05_research_proposal,01_academic/05_research_proposal/research_proposal_010_企业横向课题.json,01_academic/05_research_proposal/research_proposal_010_企业横向课题.html,01_academic/05_research_proposal/research_proposal_010_企业横向课题.png,01_academic/05_research_proposal/research_proposal_010_企业横向课题.png,01_academic/05_research_proposal/research_proposal_010_企业横向课题__real_phone_flat_normal_top.png,phone_flat_indoor_normal_top,手机拍纸质文档,平整,室内正常光,俯拍,01_academic/05_research_proposal/research_proposal_010_企业横向课题.png,true
01_academic/05_research_proposal/research_proposal_011_NIH_R21_Neuroscience,01_academic,05_research_proposal,01_academic/05_research_proposal/research_proposal_011_NIH_R21_Neuroscience.json,01_academic/05_research_proposal/research_proposal_011_NIH_R21_Neuroscience.html,01_academic/05_research_proposal/research_proposal_011_NIH_R21_Neuroscience.png,01_academic/05_research_proposal/research_proposal_011_NIH_R21_Neuroscience.png,01_academic/05_research_proposal/research_proposal_011_NIH_R21_Neuroscience__real_phone_photocopy_photocopy_normal_top.png,phone_photocopy,手机拍复印件,复印件,室内正常光,俯拍,01_academic/05_research_proposal/research_proposal_011_NIH_R21_Neuroscience.png,true
01_academic/05_research_proposal/research_proposal_012_DARPA_Proposal,01_academic,05_research_proposal,01_academic/05_research_proposal/research_proposal_012_DARPA_Proposal.json,01_academic/05_research_proposal/research_proposal_012_DARPA_Proposal.html,01_academic/05_research_proposal/research_proposal_012_DARPA_Proposal.png,01_academic/05_research_proposal/research_proposal_012_DARPA_Proposal.png,01_academic/05_research_proposal/research_proposal_012_DARPA_Proposal__real_phone_flat_normal_top.png,phone_flat_indoor_normal_top,手机拍纸质文档,平整,室内正常光,俯拍,01_academic/05_research_proposal/research_proposal_012_DARPA_Proposal.png,true
01_academic/05_research_proposal/research_proposal_013_EPSRC_UK_Grant,01_academic,05_research_proposal,01_academic/05_research_proposal/research_proposal_013_EPSRC_UK_Grant.json,01_academic/05_research_proposal/research_proposal_013_EPSRC_UK_Grant.html,01_academic/05_research_proposal/research_proposal_013_EPSRC_UK_Grant.png,01_academic/05_research_proposal/research_proposal_013_EPSRC_UK_Grant.png,01_academic/05_research_proposal/research_proposal_013_EPSRC_UK_Grant__real_phone_photocopy.png,phone_photocopy,手机拍复印件,复印件,室内正常光,俯拍,01_academic/05_research_proposal/research_proposal_013_EPSRC_UK_Grant.png,true
01_academic/05_research_proposal/research_proposal_014_Industry_Collab_Pharma,01_academic,05_research_proposal,01_academic/05_research_proposal/research_proposal_014_Industry_Collab_Pharma.json,01_academic/05_research_proposal/research_proposal_014_Industry_Collab_Pharma.html,01_academic/05_research_proposal/research_proposal_014_Industry_Collab_Pharma.png,01_academic/05_research_proposal/research_proposal_014_Industry_Collab_Pharma.png,01_academic/05_research_proposal/research_proposal_014_Industry_Collab_Pharma__real_phone_flat_normal_top.png,phone_flat_indoor_normal_top,手机拍纸质文档,平整,室内正常光,俯拍,01_academic/05_research_proposal/research_proposal_014_Industry_Collab_Pharma.png,true
01_academic/05_research_proposal/research_proposal_015_NSF_CAREER_Robotics,01_academic,05_research_proposal,01_academic/05_research_proposal/research_proposal_015_NSF_CAREER_Robotics.json,01_academic/05_research_proposal/research_proposal_015_NSF_CAREER_Robotics.html,01_academic/05_research_proposal/research_proposal_015_NSF_CAREER_Robotics.png,01_academic/05_research_proposal/research_proposal_015_NSF_CAREER_Robotics.png,01_academic/05_research_proposal/research_proposal_015_NSF_CAREER_Robotics__real_phone_photocopy_photocopy_normal_top.png,phone_photocopy,手机拍复印件,复印件,室内正常光,俯拍,01_academic/05_research_proposal/research_proposal_015_NSF_CAREER_Robotics.png,true
01_academic/05_research_proposal/research_proposal_016_中科院先导_空间,01_academic,05_research_proposal,01_academic/05_research_proposal/research_proposal_016_中科院先导_空间.json,01_academic/05_research_proposal/research_proposal_016_中科院先导_空间.html,01_academic/05_research_proposal/research_proposal_016_中科院先导_空间.png,01_academic/05_research_proposal/research_proposal_016_中科院先导_空间.png,01_academic/05_research_proposal/research_proposal_016_中科院先导_空间__real_phone_flat_normal_top.png,phone_flat_indoor_normal_top,手机拍纸质文档,平整,室内正常光,俯拍,01_academic/05_research_proposal/research_proposal_016_中科院先导_空间.png,true
01_academic/05_research_proposal/research_proposal_017_Wellcome_Trust_Global,01_academic,05_research_proposal,01_academic/05_research_proposal/research_proposal_017_Wellcome_Trust_Global.json,01_academic/05_research_proposal/research_proposal_017_Wellcome_Trust_Global.html,01_academic/05_research_proposal/research_proposal_017_Wellcome_Trust_Global.png,01_academic/05_research_proposal/research_proposal_017_Wellcome_Trust_Global.png,01_academic/05_research_proposal/research_proposal_017_Wellcome_Trust_Global__real_phone_photocopy_photocopy_normal_top.png,phone_photocopy,手机拍复印件,复印件,室内正常光,俯拍,01_academic/05_research_proposal/research_proposal_017_Wellcome_Trust_Global.png,true
01_academic/05_research_proposal/research_proposal_018_CAS_Strategic_Priority,01_academic,05_research_proposal,01_academic/05_research_proposal/research_proposal_018_CAS_Strategic_Priority.json,01_academic/05_research_proposal/research_proposal_018_CAS_Strategic_Priority.html,01_academic/05_research_proposal/research_proposal_018_CAS_Strategic_Priority.png,01_academic/05_research_proposal/research_proposal_018_CAS_Strategic_Priority.png,01_academic/05_research_proposal/research_proposal_018_CAS_Strategic_Priority__real_phone_flat_normal_top.png,phone_flat_indoor_normal_top,手机拍纸质文档,平整,室内正常光,俯拍,01_academic/05_research_proposal/research_proposal_018_CAS_Strategic_Priority.png,true
01_academic/05_research_proposal/research_proposal_019_省重点研发_农业,01_academic,05_research_proposal,01_academic/05_research_proposal/research_proposal_019_省重点研发_农业.json,01_academic/05_research_proposal/research_proposal_019_省重点研发_农业.html,01_academic/05_research_proposal/research_proposal_019_省重点研发_农业.png,01_academic/05_research_proposal/research_proposal_019_省重点研发_农业.png,01_academic/05_research_proposal/research_proposal_019_省重点研发_农业__real_phone_photocopy_photocopy_normal_top.png,phone_photocopy,手机拍复印件,复印件,室内正常光,俯拍,01_academic/05_research_proposal/research_proposal_019_省重点研发_农业.png,true
01_academic/05_research_proposal/research_proposal_020_EU_Horizon_Mixed,01_academic,05_research_proposal,01_academic/05_research_proposal/research_proposal_020_EU_Horizon_Mixed.json,01_academic/05_research_proposal/research_proposal_020_EU_Horizon_Mixed.html,01_academic/05_research_proposal/research_proposal_020_EU_Horizon_Mixed.png,01_academic/05_research_proposal/research_proposal_020_EU_Horizon_Mixed.png,01_academic/05_research_proposal/research_proposal_020_EU_Horizon_Mixed__real_screenshot_compressed.png,screenshot_compressed,截图+转发压缩,无(纯数字),无,无,01_academic/05_research_proposal/research_proposal_020_EU_Horizon_Mixed.png,true
01_academic/05_research_proposal/research_proposal_021_EU_Marie_Curie,01_academic,05_research_proposal,01_academic/05_research_proposal/research_proposal_021_EU_Marie_Curie.json,01_academic/05_research_proposal/research_proposal_021_EU_Marie_Curie.html,01_academic/05_research_proposal/research_proposal_021_EU_Marie_Curie.png,01_academic/05_research_proposal/research_proposal_021_EU_Marie_Curie.png,01_academic/05_research_proposal/research_proposal_021_EU_Marie_Curie__real_phone_photocopy_photocopy_normal_top.png,phone_photocopy,手机拍复印件,复印件,室内正常光,俯拍,01_academic/05_research_proposal/research_proposal_021_EU_Marie_Curie.png,true
01_academic/05_research_proposal/research_proposal_022_科技部重点研发_碳中和,01_academic,05_research_proposal,01_academic/05_research_proposal/research_proposal_022_科技部重点研发_碳中和.json,01_academic/05_research_proposal/research_proposal_022_科技部重点研发_碳中和.html,01_academic/05_research_proposal/research_proposal_022_科技部重点研发_碳中和.png,01_academic/05_research_proposal/research_proposal_022_科技部重点研发_碳中和.png,01_academic/05_research_proposal/research_proposal_022_科技部重点研发_碳中和__real_phone_flat_normal_top.png,phone_flat_indoor_normal_top,手机拍纸质文档,平整,室内正常光,俯拍,01_academic/05_research_proposal/research_proposal_022_科技部重点研发_碳中和.png,true
01_academic/05_research_proposal/research_proposal_023_JSPS_Japan_Kakenhi,01_academic,05_research_proposal,01_academic/05_research_proposal/research_proposal_023_JSPS_Japan_Kakenhi.json,01_academic/05_research_proposal/research_proposal_023_JSPS_Japan_Kakenhi.html,01_academic/05_research_proposal/research_proposal_023_JSPS_Japan_Kakenhi.png,01_academic/05_research_proposal/research_proposal_023_JSPS_Japan_Kakenhi.png,01_academic/05_research_proposal/research_proposal_023_JSPS_Japan_Kakenhi__real_phone_photocopy_photocopy_normal_top.png,phone_photocopy,手机拍复印件,复印件,室内正常光,俯拍,01_academic/05_research_proposal/research_proposal_023_JSPS_Japan_Kakenhi.png,true
01_academic/05_research_proposal/research_proposal_024_国自然面上_生物信息,01_academic,05_research_proposal,01_academic/05_research_proposal/research_proposal_024_国自然面上_生物信息.json,01_academic/05_research_proposal/research_proposal_024_国自然面上_生物信息.html,01_academic/05_research_proposal/research_proposal_024_国自然面上_生物信息.png,01_academic/05_research_proposal/research_proposal_024_国自然面上_生物信息.png,01_academic/05_research_proposal/research_proposal_024_国自然面上_生物信息__real_phone_flat_normal_top.png,phone_flat_indoor_normal_top,手机拍纸质文档,平整,室内正常光,俯拍,01_academic/05_research_proposal/research_proposal_024_国自然面上_生物信息.png,true
01_academic/05_research_proposal/research_proposal_025_Gates_Foundation,01_academic,05_research_proposal,01_academic/05_research_proposal/research_proposal_025_Gates_Foundation.json,01_academic/05_research_proposal/research_proposal_025_Gates_Foundation.html,01_academic/05_research_proposal/research_proposal_025_Gates_Foundation.png,01_academic/05_research_proposal/research_proposal_025_Gates_Foundation.png,01_academic/05_research_proposal/research_proposal_025_Gates_Foundation__real_phone_photocopy.png,phone_photocopy,手机拍复印件,复印件,室内正常光,俯拍,01_academic/05_research_proposal/research_proposal_025_Gates_Foundation.png,true
01_academic/05_research_proposal/research_proposal_026_ARC_Discovery_Quantum,01_academic,05_research_proposal,01_academic/05_research_proposal/research_proposal_026_ARC_Discovery_Quantum.json,01_academic/05_research_proposal/research_proposal_026_ARC_Discovery_Quantum.html,01_academic/05_research_proposal/research_proposal_026_ARC_Discovery_Quantum.png,01_academic/05_research_proposal/research_proposal_026_ARC_Discovery_Quantum.png,01_academic/05_research_proposal/research_proposal_026_ARC_Discovery_Quantum__real_phone_flat_normal_top.png,phone_flat_indoor_normal_top,手机拍纸质文档,平整,室内正常光,俯拍,01_academic/05_research_proposal/research_proposal_026_ARC_Discovery_Quantum.png,true
01_academic/05_research_proposal/research_proposal_027_科技创新2030_AI,01_academic,05_research_proposal,01_academic/05_research_proposal/research_proposal_027_科技创新2030_AI.json,01_academic/05_research_proposal/research_proposal_027_科技创新2030_AI.html,01_academic/05_research_proposal/research_proposal_027_科技创新2030_AI.png,01_academic/05_research_proposal/research_proposal_027_科技创新2030_AI.png,01_academic/05_research_proposal/research_proposal_027_科技创新2030_AI__real_phone_photocopy_photocopy_normal_top.png,phone_photocopy,手机拍复印件,复印件,室内正常光,俯拍,01_academic/05_research_proposal/research_proposal_027_科技创新2030_AI.png,true
01_academic/05_research_proposal/research_proposal_028_ERC_Synergy_GW,01_academic,05_research_proposal,01_academic/05_research_proposal/research_proposal_028_ERC_Synergy_GW.json,01_academic/05_research_proposal/research_proposal_028_ERC_Synergy_GW.html,01_academic/05_research_proposal/research_proposal_028_ERC_Synergy_GW.png,01_academic/05_research_proposal/research_proposal_028_ERC_Synergy_GW.png,01_academic/05_research_proposal/research_proposal_028_ERC_Synergy_GW__real_phone_flat_normal_top.png,phone_flat_indoor_normal_top,手机拍纸质文档,平整,室内正常光,俯拍,01_academic/05_research_proposal/research_proposal_028_ERC_Synergy_GW.png,true
01_academic/05_research_proposal/research_proposal_029_国重研发_具身机器人,01_academic,05_research_proposal,01_academic/05_research_proposal/research_proposal_029_国重研发_具身机器人.json,01_academic/05_research_proposal/research_proposal_029_国重研发_具身机器人.html,01_academic/05_research_proposal/research_proposal_029_国重研发_具身机器人.png,01_academic/05_research_proposal/research_proposal_029_国重研发_具身机器人.png,01_academic/05_research_proposal/research_proposal_029_国重研发_具身机器人__real_phone_photocopy.png,phone_photocopy,手机拍复印件,复印件,室内正常光,俯拍,01_academic/05_research_proposal/research_proposal_029_国重研发_具身机器人.png,true
01_academic/05_research_proposal/research_proposal_030_NIH_Pioneer_Aging,01_academic,05_research_proposal,01_academic/05_research_proposal/research_proposal_030_NIH_Pioneer_Aging.json,01_academic/05_research_proposal/research_proposal_030_NIH_Pioneer_Aging.html,01_academic/05_research_proposal/research_proposal_030_NIH_Pioneer_Aging.png,01_academic/05_research_proposal/research_proposal_030_NIH_Pioneer_Aging.png,01_academic/05_research_proposal/research_proposal_030_NIH_Pioneer_Aging__real_phone_flat_normal_top.png,phone_flat_indoor_normal_top,手机拍纸质文档,平整,室内正常光,俯拍,01_academic/05_research_proposal/research_proposal_030_NIH_Pioneer_Aging.png,true
01_academic/06_conference_poster/conference_poster_001_CVPR_目标检测,01_academic,06_conference_poster,01_academic/06_conference_poster/conference_poster_001_CVPR_目标检测.json,01_academic/06_conference_poster/conference_poster_001_CVPR_目标检测.html,01_academic/06_conference_poster/conference_poster_001_CVPR_目标检测.png,01_academic/06_conference_poster/conference_poster_001_CVPR_目标检测.png,01_academic/06_conference_poster/conference_poster_001_CVPR_目标检测__real_phone_flat_normal_oblique.png,phone_flat_indoor_normal_oblique,手机拍纸质文档,平整,室内正常光,斜拍(30-45度),01_academic/06_conference_poster/conference_poster_001_CVPR_目标检测.png,true
01_academic/06_conference_poster/conference_poster_002_AAAI_NLP,01_academic,06_conference_poster,01_academic/06_conference_poster/conference_poster_002_AAAI_NLP.json,01_academic/06_conference_poster/conference_poster_002_AAAI_NLP.html,01_academic/06_conference_poster/conference_poster_002_AAAI_NLP.png,01_academic/06_conference_poster/conference_poster_002_AAAI_NLP.png,01_academic/06_conference_poster/conference_poster_002_AAAI_NLP__real_screen_photography.png,screen_photography,拍屏,无(屏幕显示),屏幕背光+室内光,手机对屏幕,01_academic/06_conference_poster/conference_poster_002_AAAI_NLP.png,true
01_academic/06_conference_poster/conference_poster_003_ACL_机器翻译,01_academic,06_conference_poster,01_academic/06_conference_poster/conference_poster_003_ACL_机器翻译.json,01_academic/06_conference_poster/conference_poster_003_ACL_机器翻译.html,01_academic/06_conference_poster/conference_poster_003_ACL_机器翻译.png,01_academic/06_conference_poster/conference_poster_003_ACL_机器翻译.png,01_academic/06_conference_poster/conference_poster_003_ACL_机器翻译__real_phone_flat_normal_oblique.jpg,phone_flat_indoor_normal_oblique,手机拍纸质文档,平整,室内正常光,斜拍(30-45度),01_academic/06_conference_poster/conference_poster_003_ACL_机器翻译.png,true
01_academic/06_conference_poster/conference_poster_004_MICCAI_医学分割,01_academic,06_conference_poster,01_academic/06_conference_poster/conference_poster_004_MICCAI_医学分割.json,01_academic/06_conference_poster/conference_poster_004_MICCAI_医学分割.html,01_academic/06_conference_poster/conference_poster_004_MICCAI_医学分割.png,01_academic/06_conference_poster/conference_poster_004_MICCAI_医学分割.png,01_academic/06_conference_poster/conference_poster_004_MICCAI_医学分割__real_screen_na_screen_screen.jpg,screen_photography,拍屏,无(屏幕显示),屏幕背光+室内光,手机对屏幕,01_academic/06_conference_poster/conference_poster_004_MICCAI_医学分割.png,true
01_academic/06_conference_poster/conference_poster_005_ICML_强化学习,01_academic,06_conference_poster,01_academic/06_conference_poster/conference_poster_005_ICML_强化学习.json,01_academic/06_conference_poster/conference_poster_005_ICML_强化学习.html,01_academic/06_conference_poster/conference_poster_005_ICML_强化学习.png,01_academic/06_conference_poster/conference_poster_005_ICML_强化学习.png,01_academic/06_conference_poster/conference_poster_005_ICML_强化学习__real_phone_flat_normal_oblique.png,phone_flat_indoor_normal_oblique,手机拍纸质文档,平整,室内正常光,斜拍(30-45度),01_academic/06_conference_poster/conference_poster_005_ICML_强化学习.png,true
01_academic/06_conference_poster/conference_poster_006_ICLR_生成模型,01_academic,06_conference_poster,01_academic/06_conference_poster/conference_poster_006_ICLR_生成模型.json,01_academic/06_conference_poster/conference_poster_006_ICLR_生成模型.html,01_academic/06_conference_poster/conference_poster_006_ICLR_生成模型.png,01_academic/06_conference_poster/conference_poster_006_ICLR_生成模型.png,01_academic/06_conference_poster/conference_poster_006_ICLR_生成模型__real_screen_photography.png,screen_photography,拍屏,无(屏幕显示),屏幕背光+室内光,手机对屏幕,01_academic/06_conference_poster/conference_poster_006_ICLR_生成模型.png,true
01_academic/06_conference_poster/conference_poster_007_KDD_数据挖掘,01_academic,06_conference_poster,01_academic/06_conference_poster/conference_poster_007_KDD_数据挖掘.json,01_academic/06_conference_poster/conference_poster_007_KDD_数据挖掘.html,01_academic/06_conference_poster/conference_poster_007_KDD_数据挖掘.png,01_academic/06_conference_poster/conference_poster_007_KDD_数据挖掘.png,01_academic/06_conference_poster/conference_poster_007_KDD_数据挖掘__real_phone_flat_normal_oblique.png,phone_flat_indoor_normal_oblique,手机拍纸质文档,平整,室内正常光,斜拍(30-45度),01_academic/06_conference_poster/conference_poster_007_KDD_数据挖掘.png,true
01_academic/06_conference_poster/conference_poster_008_EMNLP_情感分析,01_academic,06_conference_poster,01_academic/06_conference_poster/conference_poster_008_EMNLP_情感分析.json,01_academic/06_conference_poster/conference_poster_008_EMNLP_情感分析.html,01_academic/06_conference_poster/conference_poster_008_EMNLP_情感分析.png,01_academic/06_conference_poster/conference_poster_008_EMNLP_情感分析.png,01_academic/06_conference_poster/conference_poster_008_EMNLP_情感分析__real_screen_na_screen_screen.png,screen_photography,拍屏,无(屏幕显示),屏幕背光+室内光,手机对屏幕,01_academic/06_conference_poster/conference_poster_008_EMNLP_情感分析.png,true
01_academic/06_conference_poster/conference_poster_009_ISBI_细胞分割,01_academic,06_conference_poster,01_academic/06_conference_poster/conference_poster_009_ISBI_细胞分割.json,01_academic/06_conference_poster/conference_poster_009_ISBI_细胞分割.html,01_academic/06_conference_poster/conference_poster_009_ISBI_细胞分割.png,01_academic/06_conference_poster/conference_poster_009_ISBI_细胞分割.png,01_academic/06_conference_poster/conference_poster_009_ISBI_细胞分割__real_phone_flat_normal_oblique.png,phone_flat_indoor_normal_oblique,手机拍纸质文档,平整,室内正常光,斜拍(30-45度),01_academic/06_conference_poster/conference_poster_009_ISBI_细胞分割.png,true
01_academic/06_conference_poster/conference_poster_010_中文计算机视觉,01_academic,06_conference_poster,01_academic/06_conference_poster/conference_poster_010_中文计算机视觉.json,01_academic/06_conference_poster/conference_poster_010_中文计算机视觉.html,01_academic/06_conference_poster/conference_poster_010_中文计算机视觉.png,01_academic/06_conference_poster/conference_poster_010_中文计算机视觉.png,01_academic/06_conference_poster/conference_poster_010_中文计算机视觉__real_screen_na_screen_screen.png,screen_photography,拍屏,无(屏幕显示),屏幕背光+室内光,手机对屏幕,01_academic/06_conference_poster/conference_poster_010_中文计算机视觉.png,true
01_academic/06_conference_poster/conference_poster_011_ECCV_3D重建,01_academic,06_conference_poster,01_academic/06_conference_poster/conference_poster_011_ECCV_3D重建.json,01_academic/06_conference_poster/conference_poster_011_ECCV_3D重建.html,01_academic/06_conference_poster/conference_poster_011_ECCV_3D重建.png,01_academic/06_conference_poster/conference_poster_011_ECCV_3D重建.png,01_academic/06_conference_poster/conference_poster_011_ECCV_3D重建__real_phone_flat_normal_oblique.png,phone_flat_indoor_normal_oblique,手机拍纸质文档,平整,室内正常光,斜拍(30-45度),01_academic/06_conference_poster/conference_poster_011_ECCV_3D重建.png,true
01_academic/06_conference_poster/conference_poster_012_CNCC_鸿图大模型,01_academic,06_conference_poster,01_academic/06_conference_poster/conference_poster_012_CNCC_鸿图大模型.json,01_academic/06_conference_poster/conference_poster_012_CNCC_鸿图大模型.html,01_academic/06_conference_poster/conference_poster_012_CNCC_鸿图大模型.png,01_academic/06_conference_poster/conference_poster_012_CNCC_鸿图大模型.png,01_academic/06_conference_poster/conference_poster_012_CNCC_鸿图大模型__real_screen_na_screen_screen.png,screen_photography,拍屏,无(屏幕显示),屏幕背光+室内光,手机对屏幕,01_academic/06_conference_poster/conference_poster_012_CNCC_鸿图大模型.png,true
01_academic/06_conference_poster/conference_poster_013_NAACL_Summarization,01_academic,06_conference_poster,01_academic/06_conference_poster/conference_poster_013_NAACL_Summarization.json,01_academic/06_conference_poster/conference_poster_013_NAACL_Summarization.html,01_academic/06_conference_poster/conference_poster_013_NAACL_Summarization.png,01_academic/06_conference_poster/conference_poster_013_NAACL_Summarization.png,01_academic/06_conference_poster/conference_poster_013_NAACL_Summarization__real_phone_flat_normal_oblique.png,phone_flat_indoor_normal_oblique,手机拍纸质文档,平整,室内正常光,斜拍(30-45度),01_academic/06_conference_poster/conference_poster_013_NAACL_Summarization.png,true
01_academic/06_conference_poster/conference_poster_014_SIGIR_推荐系统,01_academic,06_conference_poster,01_academic/06_conference_poster/conference_poster_014_SIGIR_推荐系统.json,01_academic/06_conference_poster/conference_poster_014_SIGIR_推荐系统.html,01_academic/06_conference_poster/conference_poster_014_SIGIR_推荐系统.png,01_academic/06_conference_poster/conference_poster_014_SIGIR_推荐系统.png,01_academic/06_conference_poster/conference_poster_014_SIGIR_推荐系统__real_screen_na_screen_screen.jpg,screen_photography,拍屏,无(屏幕显示),屏幕背光+室内光,手机对屏幕,01_academic/06_conference_poster/conference_poster_014_SIGIR_推荐系统.png,true
01_academic/06_conference_poster/conference_poster_015_InterSpeech_语音,01_academic,06_conference_poster,01_academic/06_conference_poster/conference_poster_015_InterSpeech_语音.json,01_academic/06_conference_poster/conference_poster_015_InterSpeech_语音.html,01_academic/06_conference_poster/conference_poster_015_InterSpeech_语音.png,01_academic/06_conference_poster/conference_poster_015_InterSpeech_语音.png,01_academic/06_conference_poster/conference_poster_015_InterSpeech_语音__real_phone_flat_normal_oblique.png,phone_flat_indoor_normal_oblique,手机拍纸质文档,平整,室内正常光,斜拍(30-45度),01_academic/06_conference_poster/conference_poster_015_InterSpeech_语音.png,true
01_academic/06_conference_poster/conference_poster_016_MICCAI_Organ_Segmentation,01_academic,06_conference_poster,01_academic/06_conference_poster/conference_poster_016_MICCAI_Organ_Segmentation.json,01_academic/06_conference_poster/conference_poster_016_MICCAI_Organ_Segmentation.html,01_academic/06_conference_poster/conference_poster_016_MICCAI_Organ_Segmentation.png,01_academic/06_conference_poster/conference_poster_016_MICCAI_Organ_Segmentation.png,01_academic/06_conference_poster/conference_poster_016_MICCAI_Organ_Segmentation__real_screen_na_screen_screen.png,screen_photography,拍屏,无(屏幕显示),屏幕背光+室内光,手机对屏幕,01_academic/06_conference_poster/conference_poster_016_MICCAI_Organ_Segmentation.png,true
01_academic/06_conference_poster/conference_poster_017_CVPR_DriveDiff,01_academic,06_conference_poster,01_academic/06_conference_poster/conference_poster_017_CVPR_DriveDiff.json,01_academic/06_conference_poster/conference_poster_017_CVPR_DriveDiff.html,01_academic/06_conference_poster/conference_poster_017_CVPR_DriveDiff.png,01_academic/06_conference_poster/conference_poster_017_CVPR_DriveDiff.png,01_academic/06_conference_poster/conference_poster_017_CVPR_DriveDiff__real_phone_flat_normal_oblique.png,phone_flat_indoor_normal_oblique,手机拍纸质文档,平整,室内正常光,斜拍(30-45度),01_academic/06_conference_poster/conference_poster_017_CVPR_DriveDiff.png,true
01_academic/06_conference_poster/conference_poster_018_NeurIPS_MoEAtlas,01_academic,06_conference_poster,01_academic/06_conference_poster/conference_poster_018_NeurIPS_MoEAtlas.json,01_academic/06_conference_poster/conference_poster_018_NeurIPS_MoEAtlas.html,01_academic/06_conference_poster/conference_poster_018_NeurIPS_MoEAtlas.png,01_academic/06_conference_poster/conference_poster_018_NeurIPS_MoEAtlas.png,01_academic/06_conference_poster/conference_poster_018_NeurIPS_MoEAtlas__real_screen_na_screen_screen.png,screen_photography,拍屏,无(屏幕显示),屏幕背光+室内光,手机对屏幕,01_academic/06_conference_poster/conference_poster_018_NeurIPS_MoEAtlas.png,true
01_academic/06_conference_poster/conference_poster_019_ICML_FoldFlow,01_academic,06_conference_poster,01_academic/06_conference_poster/conference_poster_019_ICML_FoldFlow.json,01_academic/06_conference_poster/conference_poster_019_ICML_FoldFlow.html,01_academic/06_conference_poster/conference_poster_019_ICML_FoldFlow.png,01_academic/06_conference_poster/conference_poster_019_ICML_FoldFlow.png,01_academic/06_conference_poster/conference_poster_019_ICML_FoldFlow__real_phone_flat_normal_oblique.png,phone_flat_indoor_normal_oblique,手机拍纸质文档,平整,室内正常光,斜拍(30-45度),01_academic/06_conference_poster/conference_poster_019_ICML_FoldFlow.png,true
01_academic/06_conference_poster/conference_poster_020_CoRL_GraspBOOM,01_academic,06_conference_poster,01_academic/06_conference_poster/conference_poster_020_CoRL_GraspBOOM.json,01_academic/06_conference_poster/conference_poster_020_CoRL_GraspBOOM.html,01_academic/06_conference_poster/conference_poster_020_CoRL_GraspBOOM.png,01_academic/06_conference_poster/conference_poster_020_CoRL_GraspBOOM.png,01_academic/06_conference_poster/conference_poster_020_CoRL_GraspBOOM__real_screen_na_screen_screen.jpg,screen_photography,拍屏,无(屏幕显示),屏幕背光+室内光,手机对屏幕,01_academic/06_conference_poster/conference_poster_020_CoRL_GraspBOOM.png,true
01_academic/06_conference_poster/conference_poster_021_CVPR_Video_Diffusion,01_academic,06_conference_poster,01_academic/06_conference_poster/conference_poster_021_CVPR_Video_Diffusion.json,01_academic/06_conference_poster/conference_poster_021_CVPR_Video_Diffusion.html,01_academic/06_conference_poster/conference_poster_021_CVPR_Video_Diffusion.png,01_academic/06_conference_poster/conference_poster_021_CVPR_Video_Diffusion.png,01_academic/06_conference_poster/conference_poster_021_CVPR_Video_Diffusion__real_phone_flat_normal_oblique.png,phone_flat_indoor_normal_oblique,手机拍纸质文档,平整,室内正常光,斜拍(30-45度),01_academic/06_conference_poster/conference_poster_021_CVPR_Video_Diffusion.png,true
01_academic/06_conference_poster/conference_poster_022_NeurIPS_RLHF,01_academic,06_conference_poster,01_academic/06_conference_poster/conference_poster_022_NeurIPS_RLHF.json,01_academic/06_conference_poster/conference_poster_022_NeurIPS_RLHF.html,01_academic/06_conference_poster/conference_poster_022_NeurIPS_RLHF.png,01_academic/06_conference_poster/conference_poster_022_NeurIPS_RLHF.png,01_academic/06_conference_poster/conference_poster_022_NeurIPS_RLHF__real_screen_photography.png,screen_photography,拍屏,无(屏幕显示),屏幕背光+室内光,手机对屏幕,01_academic/06_conference_poster/conference_poster_022_NeurIPS_RLHF.png,true
01_academic/06_conference_poster/conference_poster_023_ACL_Multilingual,01_academic,06_conference_poster,01_academic/06_conference_poster/conference_poster_023_ACL_Multilingual.json,01_academic/06_conference_poster/conference_poster_023_ACL_Multilingual.html,01_academic/06_conference_poster/conference_poster_023_ACL_Multilingual.png,01_academic/06_conference_poster/conference_poster_023_ACL_Multilingual.png,01_academic/06_conference_poster/conference_poster_023_ACL_Multilingual__real_phone_flat_normal_oblique.png,phone_flat_indoor_normal_oblique,手机拍纸质文档,平整,室内正常光,斜拍(30-45度),01_academic/06_conference_poster/conference_poster_023_ACL_Multilingual.png,true
01_academic/06_conference_poster/conference_poster_024_MICCAI_PathDiff,01_academic,06_conference_poster,01_academic/06_conference_poster/conference_poster_024_MICCAI_PathDiff.json,01_academic/06_conference_poster/conference_poster_024_MICCAI_PathDiff.html,01_academic/06_conference_poster/conference_poster_024_MICCAI_PathDiff.png,01_academic/06_conference_poster/conference_poster_024_MICCAI_PathDiff.png,01_academic/06_conference_poster/conference_poster_024_MICCAI_PathDiff__real_screen_na_screen_screen.png,screen_photography,拍屏,无(屏幕显示),屏幕背光+室内光,手机对屏幕,01_academic/06_conference_poster/conference_poster_024_MICCAI_PathDiff.png,true
01_academic/06_conference_poster/conference_poster_025_ICML_GraphX,01_academic,06_conference_poster,01_academic/06_conference_poster/conference_poster_025_ICML_GraphX.json,01_academic/06_conference_poster/conference_poster_025_ICML_GraphX.html,01_academic/06_conference_poster/conference_poster_025_ICML_GraphX.png,01_academic/06_conference_poster/conference_poster_025_ICML_GraphX.png,01_academic/06_conference_poster/conference_poster_025_ICML_GraphX__real_phone_flat_normal_oblique.png,phone_flat_indoor_normal_oblique,手机拍纸质文档,平整,室内正常光,斜拍(30-45度),01_academic/06_conference_poster/conference_poster_025_ICML_GraphX.png,true
01_academic/06_conference_poster/conference_poster_026_KDD_TempoFormer,01_academic,06_conference_poster,01_academic/06_conference_poster/conference_poster_026_KDD_TempoFormer.json,01_academic/06_conference_poster/conference_poster_026_KDD_TempoFormer.html,01_academic/06_conference_poster/conference_poster_026_KDD_TempoFormer.png,01_academic/06_conference_poster/conference_poster_026_KDD_TempoFormer.png,01_academic/06_conference_poster/conference_poster_026_KDD_TempoFormer__real_screen_na_screen_screen.jpg,screen_photography,拍屏,无(屏幕显示),屏幕背光+室内光,手机对屏幕,01_academic/06_conference_poster/conference_poster_026_KDD_TempoFormer.png,true
01_academic/06_conference_poster/conference_poster_027_SIGIR_RAG,01_academic,06_conference_poster,01_academic/06_conference_poster/conference_poster_027_SIGIR_RAG.json,01_academic/06_conference_poster/conference_poster_027_SIGIR_RAG.html,01_academic/06_conference_poster/conference_poster_027_SIGIR_RAG.png,01_academic/06_conference_poster/conference_poster_027_SIGIR_RAG.png,01_academic/06_conference_poster/conference_poster_027_SIGIR_RAG__real_phone_flat_normal_oblique.png,phone_flat_indoor_normal_oblique,手机拍纸质文档,平整,室内正常光,斜拍(30-45度),01_academic/06_conference_poster/conference_poster_027_SIGIR_RAG.png,true
01_academic/06_conference_poster/conference_poster_028_INTERSPEECH_VoiceClone,01_academic,06_conference_poster,01_academic/06_conference_poster/conference_poster_028_INTERSPEECH_VoiceClone.json,01_academic/06_conference_poster/conference_poster_028_INTERSPEECH_VoiceClone.html,01_academic/06_conference_poster/conference_poster_028_INTERSPEECH_VoiceClone.png,01_academic/06_conference_poster/conference_poster_028_INTERSPEECH_VoiceClone.png,01_academic/06_conference_poster/conference_poster_028_INTERSPEECH_VoiceClone__real_screen_na_screen_screen.png,screen_photography,拍屏,无(屏幕显示),屏幕背光+室内光,手机对屏幕,01_academic/06_conference_poster/conference_poster_028_INTERSPEECH_VoiceClone.png,true
01_academic/06_conference_poster/conference_poster_029_USENIX_KernelGhost,01_academic,06_conference_poster,01_academic/06_conference_poster/conference_poster_029_USENIX_KernelGhost.json,01_academic/06_conference_poster/conference_poster_029_USENIX_KernelGhost.html,01_academic/06_conference_poster/conference_poster_029_USENIX_KernelGhost.png,01_academic/06_conference_poster/conference_poster_029_USENIX_KernelGhost.png,01_academic/06_conference_poster/conference_poster_029_USENIX_KernelGhost__real_phone_flat_flash_oblique.png,phone_flat_flash_oblique,手机拍纸质文档,平整,闪光灯,斜拍(30-45度),01_academic/06_conference_poster/conference_poster_029_USENIX_KernelGhost.png,true
01_academic/06_conference_poster/conference_poster_030_IAU_ExoCartographer,01_academic,06_conference_poster,01_academic/06_conference_poster/conference_poster_030_IAU_ExoCartographer.json,01_academic/06_conference_poster/conference_poster_030_IAU_ExoCartographer.html,01_academic/06_conference_poster/conference_poster_030_IAU_ExoCartographer.png,01_academic/06_conference_poster/conference_poster_030_IAU_ExoCartographer.png,01_academic/06_conference_poster/conference_poster_030_IAU_ExoCartographer__real_screen_photography.png,screen_photography,拍屏,无(屏幕显示),屏幕背光+室内光,手机对屏幕,01_academic/06_conference_poster/conference_poster_030_IAU_ExoCartographer.png,true
02_education/01_textbook/textbook_001_线性代数,02_education,01_textbook,02_education/01_textbook/textbook_001_线性代数.json,02_education/01_textbook/textbook_001_线性代数.html,02_education/01_textbook/textbook_001_线性代数.png,02_education/01_textbook/textbook_001_线性代数.png,02_education/01_textbook/textbook_001_线性代数__real_phone_bent_normal_top.jpg,phone_bent_indoor_normal_top,手机拍纸质文档,弯折(不压平),室内正常光,俯拍,02_education/01_textbook/textbook_001_线性代数.png,true
02_education/01_textbook/textbook_004_大学物理_Maxwell方程,02_education,01_textbook,02_education/01_textbook/textbook_004_大学物理_Maxwell方程.json,02_education/01_textbook/textbook_004_大学物理_Maxwell方程.html,02_education/01_textbook/textbook_004_大学物理_Maxwell方程.png,02_education/01_textbook/textbook_004_大学物理_Maxwell方程.png,02_education/01_textbook/textbook_004_大学物理_Maxwell方程__real_phone_bent_shadow_oblique.jpg,phone_bent_shadow_oblique,手机拍纸质文档,弯折(不压平),阴影/逆光,斜拍(30-45度),02_education/01_textbook/textbook_004_大学物理_Maxwell方程.png,true
02_education/01_textbook/textbook_005_教辅练习册_高中数学,02_education,01_textbook,02_education/01_textbook/textbook_005_教辅练习册_高中数学.json,02_education/01_textbook/textbook_005_教辅练习册_高中数学.html,02_education/01_textbook/textbook_005_教辅练习册_高中数学.png,02_education/01_textbook/textbook_005_教辅练习册_高中数学.png,02_education/01_textbook/textbook_005_教辅练习册_高中数学__real_phone_bent_normal_top.png,phone_bent_indoor_normal_top,手机拍纸质文档,弯折(不压平),室内正常光,俯拍,02_education/01_textbook/textbook_005_教辅练习册_高中数学.png,true
02_education/01_textbook/textbook_006_中国近代史_洋务运动,02_education,01_textbook,02_education/01_textbook/textbook_006_中国近代史_洋务运动.json,02_education/01_textbook/textbook_006_中国近代史_洋务运动.html,02_education/01_textbook/textbook_006_中国近代史_洋务运动.png,02_education/01_textbook/textbook_006_中国近代史_洋务运动.png,02_education/01_textbook/textbook_006_中国近代史_洋务运动__real_phone_bent_shadow_oblique.png,phone_bent_shadow_oblique,手机拍纸质文档,弯折(不压平),阴影/逆光,斜拍(30-45度),02_education/01_textbook/textbook_006_中国近代史_洋务运动.png,true
02_education/01_textbook/textbook_007_Calculus_Integration,02_education,01_textbook,02_education/01_textbook/textbook_007_Calculus_Integration.json,02_education/01_textbook/textbook_007_Calculus_Integration.html,02_education/01_textbook/textbook_007_Calculus_Integration.png,02_education/01_textbook/textbook_007_Calculus_Integration.png,02_education/01_textbook/textbook_007_Calculus_Integration__real_phone_bent_normal_top.png,phone_bent_indoor_normal_top,手机拍纸质文档,弯折(不压平),室内正常光,俯拍,02_education/01_textbook/textbook_007_Calculus_Integration.png,true
02_education/01_textbook/textbook_008_数据结构_二叉树,02_education,01_textbook,02_education/01_textbook/textbook_008_数据结构_二叉树.json,02_education/01_textbook/textbook_008_数据结构_二叉树.html,02_education/01_textbook/textbook_008_数据结构_二叉树.png,02_education/01_textbook/textbook_008_数据结构_二叉树.png,02_education/01_textbook/textbook_008_数据结构_二叉树__real_phone_bent_shadow_oblique.png,phone_bent_shadow_oblique,手机拍纸质文档,弯折(不压平),阴影/逆光,斜拍(30-45度),02_education/01_textbook/textbook_008_数据结构_二叉树.png,true
02_education/01_textbook/textbook_009_EM_Waves_Maxwell_EN,02_education,01_textbook,02_education/01_textbook/textbook_009_EM_Waves_Maxwell_EN.json,02_education/01_textbook/textbook_009_EM_Waves_Maxwell_EN.html,02_education/01_textbook/textbook_009_EM_Waves_Maxwell_EN.png,02_education/01_textbook/textbook_009_EM_Waves_Maxwell_EN.png,02_education/01_textbook/textbook_009_EM_Waves_Maxwell_EN__real_phone_bent_normal_top.png,phone_bent_indoor_normal_top,手机拍纸质文档,弯折(不压平),室内正常光,俯拍,02_education/01_textbook/textbook_009_EM_Waves_Maxwell_EN.png,true
02_education/01_textbook/textbook_010_电路分析_戴维南,02_education,01_textbook,02_education/01_textbook/textbook_010_电路分析_戴维南.json,02_education/01_textbook/textbook_010_电路分析_戴维南.html,02_education/01_textbook/textbook_010_电路分析_戴维南.png,02_education/01_textbook/textbook_010_电路分析_戴维南.png,02_education/01_textbook/textbook_010_电路分析_戴维南__real_phone_bent_shadow_oblique.png,phone_bent_shadow_oblique,手机拍纸质文档,弯折(不压平),阴影/逆光,斜拍(30-45度),02_education/01_textbook/textbook_010_电路分析_戴维南.png,true
02_education/01_textbook/textbook_011_细胞生物学_细胞器_ZHCN,02_education,01_textbook,02_education/01_textbook/textbook_011_细胞生物学_细胞器_ZHCN.json,02_education/01_textbook/textbook_011_细胞生物学_细胞器_ZHCN.html,02_education/01_textbook/textbook_011_细胞生物学_细胞器_ZHCN.png,02_education/01_textbook/textbook_011_细胞生物学_细胞器_ZHCN.png,02_education/01_textbook/textbook_011_细胞生物学_细胞器_ZHCN__real_phone_bent_normal_top.jpg,phone_bent_indoor_normal_top,手机拍纸质文档,弯折(不压平),室内正常光,俯拍,02_education/01_textbook/textbook_011_细胞生物学_细胞器_ZHCN.png,true
02_education/01_textbook/textbook_012_区域经济地理_城镇化统计,02_education,01_textbook,02_education/01_textbook/textbook_012_区域经济地理_城镇化统计.json,02_education/01_textbook/textbook_012_区域经济地理_城镇化统计.html,02_education/01_textbook/textbook_012_区域经济地理_城镇化统计.png,02_education/01_textbook/textbook_012_区域经济地理_城镇化统计.png,02_education/01_textbook/textbook_012_区域经济地理_城镇化统计__real_screenshot_na_na_na.png,phone_bent_shadow_oblique,手机拍纸质文档,弯折(不压平),阴影/逆光,斜拍(30-45度),02_education/01_textbook/textbook_012_区域经济地理_城镇化统计.png,true
02_education/01_textbook/textbook_013_Organic_Chem_EAS_EN,02_education,01_textbook,02_education/01_textbook/textbook_013_Organic_Chem_EAS_EN.json,02_education/01_textbook/textbook_013_Organic_Chem_EAS_EN.html,02_education/01_textbook/textbook_013_Organic_Chem_EAS_EN.png,02_education/01_textbook/textbook_013_Organic_Chem_EAS_EN.png,02_education/01_textbook/textbook_013_Organic_Chem_EAS_EN__real_screenshot_na_na_na.png,phone_bent_indoor_normal_top,手机拍纸质文档,弯折(不压平),室内正常光,俯拍,02_education/01_textbook/textbook_013_Organic_Chem_EAS_EN.png,true
02_education/01_textbook/textbook_014_Numerical_Analysis_EN,02_education,01_textbook,02_education/01_textbook/textbook_014_Numerical_Analysis_EN.json,02_education/01_textbook/textbook_014_Numerical_Analysis_EN.html,02_education/01_textbook/textbook_014_Numerical_Analysis_EN.png,02_education/01_textbook/textbook_014_Numerical_Analysis_EN.png,02_education/01_textbook/textbook_014_Numerical_Analysis_EN__real_phone_bent_shadow_oblique.png,phone_bent_shadow_oblique,手机拍纸质文档,弯折(不压平),阴影/逆光,斜拍(30-45度),02_education/01_textbook/textbook_014_Numerical_Analysis_EN.png,true
02_education/01_textbook/textbook_015_数据结构_哈希表_ZHCN,02_education,01_textbook,02_education/01_textbook/textbook_015_数据结构_哈希表_ZHCN.json,02_education/01_textbook/textbook_015_数据结构_哈希表_ZHCN.html,02_education/01_textbook/textbook_015_数据结构_哈希表_ZHCN.png,02_education/01_textbook/textbook_015_数据结构_哈希表_ZHCN.png,02_education/01_textbook/textbook_015_数据结构_哈希表_ZHCN__real_screenshot_na_na_na.png,phone_bent_indoor_normal_top,手机拍纸质文档,弯折(不压平),室内正常光,俯拍,02_education/01_textbook/textbook_015_数据结构_哈希表_ZHCN.png,true
02_education/01_textbook/textbook_016_高等数学_多元微分_泰勒展开,02_education,01_textbook,02_education/01_textbook/textbook_016_高等数学_多元微分_泰勒展开.json,02_education/01_textbook/textbook_016_高等数学_多元微分_泰勒展开.html,02_education/01_textbook/textbook_016_高等数学_多元微分_泰勒展开.png,02_education/01_textbook/textbook_016_高等数学_多元微分_泰勒展开.png,02_education/01_textbook/textbook_016_高等数学_多元微分_泰勒展开__real_phone_bent_shadow_oblique.png,phone_bent_shadow_oblique,手机拍纸质文档,弯折(不压平),阴影/逆光,斜拍(30-45度),02_education/01_textbook/textbook_016_高等数学_多元微分_泰勒展开.png,true
02_education/01_textbook/textbook_017_神经科学_记忆编码与突触可塑性,02_education,01_textbook,02_education/01_textbook/textbook_017_神经科学_记忆编码与突触可塑性.json,02_education/01_textbook/textbook_017_神经科学_记忆编码与突触可塑性.html,02_education/01_textbook/textbook_017_神经科学_记忆编码与突触可塑性.png,02_education/01_textbook/textbook_017_神经科学_记忆编码与突触可塑性.png,02_education/01_textbook/textbook_017_神经科学_记忆编码与突触可塑性__real_phone_bent_normal_top.png,phone_bent_indoor_normal_top,手机拍纸质文档,弯折(不压平),室内正常光,俯拍,02_education/01_textbook/textbook_017_神经科学_记忆编码与突触可塑性.png,true
02_education/01_textbook/textbook_023_Abstract_Algebra_EN,02_education,01_textbook,02_education/01_textbook/textbook_023_Abstract_Algebra_EN.json,02_education/01_textbook/textbook_023_Abstract_Algebra_EN.html,02_education/01_textbook/textbook_023_Abstract_Algebra_EN.png,02_education/01_textbook/textbook_023_Abstract_Algebra_EN.png,02_education/01_textbook/textbook_023_Abstract_Algebra_EN__real_phone_bent_shadow_oblique.jpg,phone_bent_shadow_oblique,手机拍纸质文档,弯折(不压平),阴影/逆光,斜拍(30-45度),02_education/01_textbook/textbook_023_Abstract_Algebra_EN.png,true
02_education/01_textbook/textbook_024_DSP_EN,02_education,01_textbook,02_education/01_textbook/textbook_024_DSP_EN.json,02_education/01_textbook/textbook_024_DSP_EN.html,02_education/01_textbook/textbook_024_DSP_EN.png,02_education/01_textbook/textbook_024_DSP_EN.png,02_education/01_textbook/textbook_024_DSP_EN__real_phone_bent_normal_top.png,phone_bent_indoor_normal_top,手机拍纸质文档,弯折(不压平),室内正常光,俯拍,02_education/01_textbook/textbook_024_DSP_EN.png,true
02_education/01_textbook/textbook_028_微观经济学,02_education,01_textbook,02_education/01_textbook/textbook_028_微观经济学.json,02_education/01_textbook/textbook_028_微观经济学.html,02_education/01_textbook/textbook_028_微观经济学.png,02_education/01_textbook/textbook_028_微观经济学.png,02_education/01_textbook/textbook_028_微观经济学__real_phone_bent_shadow_oblique.png,phone_bent_shadow_oblique,手机拍纸质文档,弯折(不压平),阴影/逆光,斜拍(30-45度),02_education/01_textbook/textbook_028_微观经济学.png,true
02_education/01_textbook/textbook_031_神经科学_记忆编码与突触可塑性,02_education,01_textbook,02_education/01_textbook/textbook_031_神经科学_记忆编码与突触可塑性.json,02_education/01_textbook/textbook_031_神经科学_记忆编码与突触可塑性.html,02_education/01_textbook/textbook_031_神经科学_记忆编码与突触可塑性.png,02_education/01_textbook/textbook_031_神经科学_记忆编码与突触可塑性.png,02_education/01_textbook/textbook_031_神经科学_记忆编码与突触可塑性__real_phone_bent_normal_top.jpg,phone_bent_indoor_normal_top,手机拍纸质文档,弯折(不压平),室内正常光,俯拍,02_education/01_textbook/textbook_031_神经科学_记忆编码与突触可塑性.png,true
02_education/01_textbook/textbook_032_比较文学_神话叙事,02_education,01_textbook,02_education/01_textbook/textbook_032_比较文学_神话叙事.json,02_education/01_textbook/textbook_032_比较文学_神话叙事.html,02_education/01_textbook/textbook_032_比较文学_神话叙事.png,02_education/01_textbook/textbook_032_比较文学_神话叙事.png,02_education/01_textbook/textbook_032_比较文学_神话叙事__real_phone_bent_shadow_oblique.png,phone_bent_shadow_oblique,手机拍纸质文档,弯折(不压平),阴影/逆光,斜拍(30-45度),02_education/01_textbook/textbook_032_比较文学_神话叙事.png,true
02_education/02_exam_paper/exam_paper_001_高考理综物理,02_education,02_exam_paper,02_education/02_exam_paper/exam_paper_001_高考理综物理.json,02_education/02_exam_paper/exam_paper_001_高考理综物理.html,02_education/02_exam_paper/exam_paper_001_高考理综物理.png,02_education/02_exam_paper/exam_paper_001_高考理综物理.png,02_education/02_exam_paper/exam_paper_001_高考理综物理__real_phone_creased_normal_top.jpg,phone_creased_indoor_normal_top,手机拍纸质文档,折痕/褶皱,室内正常光,俯拍,02_education/02_exam_paper/exam_paper_001_高考理综物理.png,true
02_education/02_exam_paper/exam_paper_002_高考理综物理,02_education,02_exam_paper,02_education/02_exam_paper/exam_paper_002_高考理综物理.json,02_education/02_exam_paper/exam_paper_002_高考理综物理.html,02_education/02_exam_paper/exam_paper_002_高考理综物理.png,02_education/02_exam_paper/exam_paper_002_高考理综物理.png,02_education/02_exam_paper/exam_paper_002_高考理综物理__real_phone_flat_low_top.jpg,phone_flat_indoor_low_top,手机拍纸质文档,平整,室内暗光,俯拍,02_education/02_exam_paper/exam_paper_002_高考理综物理.png,true
02_education/02_exam_paper/exam_paper_004_answer_sheet_OMR,02_education,02_exam_paper,02_education/02_exam_paper/exam_paper_004_answer_sheet_OMR.json,02_education/02_exam_paper/exam_paper_004_answer_sheet_OMR.html,02_education/02_exam_paper/exam_paper_004_answer_sheet_OMR.png,02_education/02_exam_paper/exam_paper_004_answer_sheet_OMR.png,02_education/02_exam_paper/exam_paper_004_answer_sheet_OMR__real_phone_creased_normal_top.png,phone_creased_indoor_normal_top,手机拍纸质文档,折痕/褶皱,室内正常光,俯拍,02_education/02_exam_paper/exam_paper_004_answer_sheet_OMR.png,true
02_education/02_exam_paper/exam_paper_007_高考英语_阅读理解,02_education,02_exam_paper,02_education/02_exam_paper/exam_paper_007_高考英语_阅读理解.json,02_education/02_exam_paper/exam_paper_007_高考英语_阅读理解.html,02_education/02_exam_paper/exam_paper_007_高考英语_阅读理解.png,02_education/02_exam_paper/exam_paper_007_高考英语_阅读理解.png,02_education/02_exam_paper/exam_paper_007_高考英语_阅读理解__real_phone_flat_low_top.png,phone_flat_indoor_low_top,手机拍纸质文档,平整,室内暗光,俯拍,02_education/02_exam_paper/exam_paper_007_高考英语_阅读理解.png,true
02_education/02_exam_paper/exam_paper_011_高考数学_理科,02_education,02_exam_paper,02_education/02_exam_paper/exam_paper_011_高考数学_理科.json,02_education/02_exam_paper/exam_paper_011_高考数学_理科.html,02_education/02_exam_paper/exam_paper_011_高考数学_理科.png,02_education/02_exam_paper/exam_paper_011_高考数学_理科.png,02_education/02_exam_paper/exam_paper_011_高考数学_理科__real_phone_creased_normal_top.png,phone_creased_indoor_normal_top,手机拍纸质文档,折痕/褶皱,室内正常光,俯拍,02_education/02_exam_paper/exam_paper_011_高考数学_理科.png,true
02_education/02_exam_paper/exam_paper_012_考研数学一,02_education,02_exam_paper,02_education/02_exam_paper/exam_paper_012_考研数学一.json,02_education/02_exam_paper/exam_paper_012_考研数学一.html,02_education/02_exam_paper/exam_paper_012_考研数学一.png,02_education/02_exam_paper/exam_paper_012_考研数学一.png,02_education/02_exam_paper/exam_paper_012_考研数学一__real_phone_flat_low_top.png,phone_flat_indoor_low_top,手机拍纸质文档,平整,室内暗光,俯拍,02_education/02_exam_paper/exam_paper_012_考研数学一.png,true
02_education/02_exam_paper/exam_paper_013_司法考试_民法,02_education,02_exam_paper,02_education/02_exam_paper/exam_paper_013_司法考试_民法.json,02_education/02_exam_paper/exam_paper_013_司法考试_民法.html,02_education/02_exam_paper/exam_paper_013_司法考试_民法.png,02_education/02_exam_paper/exam_paper_013_司法考试_民法.png,02_education/02_exam_paper/exam_paper_013_司法考试_民法__real_phone_creased_normal_top.jpg,phone_creased_indoor_normal_top,手机拍纸质文档,折痕/褶皱,室内正常光,俯拍,02_education/02_exam_paper/exam_paper_013_司法考试_民法.png,true
02_education/02_exam_paper/exam_paper_018_考研英语一,02_education,02_exam_paper,02_education/02_exam_paper/exam_paper_018_考研英语一.json,02_education/02_exam_paper/exam_paper_018_考研英语一.html,02_education/02_exam_paper/exam_paper_018_考研英语一.png,02_education/02_exam_paper/exam_paper_018_考研英语一.png,02_education/02_exam_paper/exam_paper_018_考研英语一__real_phone_flat_low_top.png,phone_flat_indoor_low_top,手机拍纸质文档,平整,室内暗光,俯拍,02_education/02_exam_paper/exam_paper_018_考研英语一.png,true
02_education/02_exam_paper/exam_paper_022_USMLE_Step1_v2,02_education,02_exam_paper,02_education/02_exam_paper/exam_paper_022_USMLE_Step1_v2.json,02_education/02_exam_paper/exam_paper_022_USMLE_Step1_v2.html,02_education/02_exam_paper/exam_paper_022_USMLE_Step1_v2.png,02_education/02_exam_paper/exam_paper_022_USMLE_Step1_v2.png,02_education/02_exam_paper/exam_paper_022_USMLE_Step1_v2__real_phone_creased_normal_top.png,phone_creased_indoor_normal_top,手机拍纸质文档,折痕/褶皱,室内正常光,俯拍,02_education/02_exam_paper/exam_paper_022_USMLE_Step1_v2.png,true
02_education/02_exam_paper/exam_paper_030_Bar_Exam_MBE,02_education,02_exam_paper,02_education/02_exam_paper/exam_paper_030_Bar_Exam_MBE.json,02_education/02_exam_paper/exam_paper_030_Bar_Exam_MBE.html,02_education/02_exam_paper/exam_paper_030_Bar_Exam_MBE.png,02_education/02_exam_paper/exam_paper_030_Bar_Exam_MBE.png,02_education/02_exam_paper/exam_paper_030_Bar_Exam_MBE__real_phone_flat_low_top.png,phone_flat_indoor_low_top,手机拍纸质文档,平整,室内暗光,俯拍,02_education/02_exam_paper/exam_paper_030_Bar_Exam_MBE.png,true
02_education/02_exam_paper/exam_paper_035_History_Industrial_Revolution,02_education,02_exam_paper,02_education/02_exam_paper/exam_paper_035_History_Industrial_Revolution.json,02_education/02_exam_paper/exam_paper_035_History_Industrial_Revolution.html,02_education/02_exam_paper/exam_paper_035_History_Industrial_Revolution.png,02_education/02_exam_paper/exam_paper_035_History_Industrial_Revolution.png,02_education/02_exam_paper/exam_paper_035_History_Industrial_Revolution__real_phone_creased_normal_top.png,phone_creased_indoor_normal_top,手机拍纸质文档,折痕/褶皱,室内正常光,俯拍,02_education/02_exam_paper/exam_paper_035_History_Industrial_Revolution.png,true
02_education/02_exam_paper/exam_paper_036_Economics_Market_Macro,02_education,02_exam_paper,02_education/02_exam_paper/exam_paper_036_Economics_Market_Macro.json,02_education/02_exam_paper/exam_paper_036_Economics_Market_Macro.html,02_education/02_exam_paper/exam_paper_036_Economics_Market_Macro.png,02_education/02_exam_paper/exam_paper_036_Economics_Market_Macro.png,02_education/02_exam_paper/exam_paper_036_Economics_Market_Macro__real_phone_flat_low_top.png,phone_flat_indoor_low_top,手机拍纸质文档,平整,室内暗光,俯拍,02_education/02_exam_paper/exam_paper_036_Economics_Market_Macro.png,true
02_education/02_exam_paper/exam_paper_037_Chemistry_Organic_Equilibrium,02_education,02_exam_paper,02_education/02_exam_paper/exam_paper_037_Chemistry_Organic_Equilibrium.json,02_education/02_exam_paper/exam_paper_037_Chemistry_Organic_Equilibrium.html,02_education/02_exam_paper/exam_paper_037_Chemistry_Organic_Equilibrium.png,02_education/02_exam_paper/exam_paper_037_Chemistry_Organic_Equilibrium.png,02_education/02_exam_paper/exam_paper_037_Chemistry_Organic_Equilibrium__real_phone_creased_normal_top.png,phone_creased_indoor_normal_top,手机拍纸质文档,折痕/褶皱,室内正常光,俯拍,02_education/02_exam_paper/exam_paper_037_Chemistry_Organic_Equilibrium.png,true
02_education/02_exam_paper/exam_paper_040_Geography_Data_Interpretation,02_education,02_exam_paper,02_education/02_exam_paper/exam_paper_040_Geography_Data_Interpretation.json,02_education/02_exam_paper/exam_paper_040_Geography_Data_Interpretation.html,02_education/02_exam_paper/exam_paper_040_Geography_Data_Interpretation.png,02_education/02_exam_paper/exam_paper_040_Geography_Data_Interpretation.png,02_education/02_exam_paper/exam_paper_040_Geography_Data_Interpretation__real_screenshot_na_na_na.png,phone_flat_indoor_low_top,手机拍纸质文档,平整,室内暗光,俯拍,02_education/02_exam_paper/exam_paper_040_Geography_Data_Interpretation.png,true
02_education/02_exam_paper/exam_paper_040_综合数学与空间推理,02_education,02_exam_paper,02_education/02_exam_paper/exam_paper_040_综合数学与空间推理.json,02_education/02_exam_paper/exam_paper_040_综合数学与空间推理.html,02_education/02_exam_paper/exam_paper_040_综合数学与空间推理.png,02_education/02_exam_paper/exam_paper_040_综合数学与空间推理.png,02_education/02_exam_paper/exam_paper_040_综合数学与空间推理__real_phone_creased_normal_top.png,phone_creased_indoor_normal_top,手机拍纸质文档,折痕/褶皱,室内正常光,俯拍,02_education/02_exam_paper/exam_paper_040_综合数学与空间推理.png,true
02_education/02_exam_paper/exam_paper_041_Biology_Medical_Image,02_education,02_exam_paper,02_education/02_exam_paper/exam_paper_041_Biology_Medical_Image.json,02_education/02_exam_paper/exam_paper_041_Biology_Medical_Image.html,02_education/02_exam_paper/exam_paper_041_Biology_Medical_Image.png,02_education/02_exam_paper/exam_paper_041_Biology_Medical_Image.png,02_education/02_exam_paper/exam_paper_041_Biology_Medical_Image__real_phone_flat_low_top.png,phone_flat_indoor_low_top,手机拍纸质文档,平整,室内暗光,俯拍,02_education/02_exam_paper/exam_paper_041_Biology_Medical_Image.png,true
02_education/02_exam_paper/exam_paper_041_Forensic_Science_Exam,02_education,02_exam_paper,02_education/02_exam_paper/exam_paper_041_Forensic_Science_Exam.json,02_education/02_exam_paper/exam_paper_041_Forensic_Science_Exam.html,02_education/02_exam_paper/exam_paper_041_Forensic_Science_Exam.png,02_education/02_exam_paper/exam_paper_041_Forensic_Science_Exam.png,02_education/02_exam_paper/exam_paper_041_Forensic_Science_Exam__real_phone_creased_normal_top.png,phone_creased_indoor_normal_top,手机拍纸质文档,折痕/褶皱,室内正常光,俯拍,02_education/02_exam_paper/exam_paper_041_Forensic_Science_Exam.png,true
02_education/02_exam_paper/exam_paper_042_Astronomy_Observational,02_education,02_exam_paper,02_education/02_exam_paper/exam_paper_042_Astronomy_Observational.json,02_education/02_exam_paper/exam_paper_042_Astronomy_Observational.html,02_education/02_exam_paper/exam_paper_042_Astronomy_Observational.png,02_education/02_exam_paper/exam_paper_042_Astronomy_Observational.png,02_education/02_exam_paper/exam_paper_042_Astronomy_Observational__real_screenshot_na_na_na.png,phone_flat_indoor_low_top,手机拍纸质文档,平整,室内暗光,俯拍,02_education/02_exam_paper/exam_paper_042_Astronomy_Observational.png,true
02_education/02_exam_paper/exam_paper_044_建筑与空间设计,02_education,02_exam_paper,02_education/02_exam_paper/exam_paper_044_建筑与空间设计.json,02_education/02_exam_paper/exam_paper_044_建筑与空间设计.html,02_education/02_exam_paper/exam_paper_044_建筑与空间设计.png,02_education/02_exam_paper/exam_paper_044_建筑与空间设计.png,02_education/02_exam_paper/exam_paper_044_建筑与空间设计__real_phone_creased_normal_top.png,phone_creased_indoor_normal_top,手机拍纸质文档,折痕/褶皱,室内正常光,俯拍,02_education/02_exam_paper/exam_paper_044_建筑与空间设计.png,true
02_education/02_exam_paper/exam_paper_045_深海考察与海底遗址综合判读考试,02_education,02_exam_paper,02_education/02_exam_paper/exam_paper_045_深海考察与海底遗址综合判读考试.json,02_education/02_exam_paper/exam_paper_045_深海考察与海底遗址综合判读考试.html,02_education/02_exam_paper/exam_paper_045_深海考察与海底遗址综合判读考试.png,02_education/02_exam_paper/exam_paper_045_深海考察与海底遗址综合判读考试.png,02_education/02_exam_paper/exam_paper_045_深海考察与海底遗址综合判读考试__real_phone_flat_low_top.png,phone_flat_indoor_low_top,手机拍纸质文档,平整,室内暗光,俯拍,02_education/02_exam_paper/exam_paper_045_深海考察与海底遗址综合判读考试.png,true
02_education/02_exam_paper/exam_paper_046_数字电子技术,02_education,02_exam_paper,02_education/02_exam_paper/exam_paper_046_数字电子技术.json,02_education/02_exam_paper/exam_paper_046_数字电子技术.html,02_education/02_exam_paper/exam_paper_046_数字电子技术.png,02_education/02_exam_paper/exam_paper_046_数字电子技术.png,02_education/02_exam_paper/exam_paper_046_数字电子技术__real_phone_creased_normal_top.png,phone_creased_indoor_normal_top,手机拍纸质文档,折痕/褶皱,室内正常光,俯拍,02_education/02_exam_paper/exam_paper_046_数字电子技术.png,true
02_education/02_exam_paper/exam_paper_047_大学期末_电磁场与电磁波,02_education,02_exam_paper,02_education/02_exam_paper/exam_paper_047_大学期末_电磁场与电磁波.json,02_education/02_exam_paper/exam_paper_047_大学期末_电磁场与电磁波.html,02_education/02_exam_paper/exam_paper_047_大学期末_电磁场与电磁波.png,02_education/02_exam_paper/exam_paper_047_大学期末_电磁场与电磁波.png,02_education/02_exam_paper/exam_paper_047_大学期末_电磁场与电磁波__real_phone_flat_low_top.png,phone_flat_indoor_low_top,手机拍纸质文档,平整,室内暗光,俯拍,02_education/02_exam_paper/exam_paper_047_大学期末_电磁场与电磁波.png,true
02_education/02_exam_paper/exam_paper_047_模拟电子技术,02_education,02_exam_paper,02_education/02_exam_paper/exam_paper_047_模拟电子技术.json,02_education/02_exam_paper/exam_paper_047_模拟电子技术.html,02_education/02_exam_paper/exam_paper_047_模拟电子技术.png,02_education/02_exam_paper/exam_paper_047_模拟电子技术.png,02_education/02_exam_paper/exam_paper_047_模拟电子技术__real_phone_creased_normal_top.jpg,phone_creased_indoor_normal_top,手机拍纸质文档,折痕/褶皱,室内正常光,俯拍,02_education/02_exam_paper/exam_paper_047_模拟电子技术.png,true
02_education/02_exam_paper/exam_paper_048_高频电子线路考试,02_education,02_exam_paper,02_education/02_exam_paper/exam_paper_048_高频电子线路考试.json,02_education/02_exam_paper/exam_paper_048_高频电子线路考试.html,02_education/02_exam_paper/exam_paper_048_高频电子线路考试.png,02_education/02_exam_paper/exam_paper_048_高频电子线路考试.png,02_education/02_exam_paper/exam_paper_048_高频电子线路考试__real_screenshot_na_na_na.png,phone_flat_indoor_low_top,手机拍纸质文档,平整,室内暗光,俯拍,02_education/02_exam_paper/exam_paper_048_高频电子线路考试.png,true
02_education/03_slides/slides_001_机器学习导论,02_education,03_slides,02_education/03_slides/slides_001_机器学习导论.json,02_education/03_slides/slides_001_机器学习导论.html,02_education/03_slides/slides_001_机器学习导论.png,02_education/03_slides/slides_001_机器学习导论.png,02_education/03_slides/slides_001_机器学习导论__real_screen_na_screen_screen.png,screen_photography,拍屏,无(屏幕显示),屏幕背光+室内光,手机对屏幕,02_education/03_slides/slides_001_机器学习导论.png,true
02_education/03_slides/slides_002_思政课_中国式现代化,02_education,03_slides,02_education/03_slides/slides_002_思政课_中国式现代化.json,02_education/03_slides/slides_002_思政课_中国式现代化.html,02_education/03_slides/slides_002_思政课_中国式现代化.png,02_education/03_slides/slides_002_思政课_中国式现代化.png,02_education/03_slides/slides_002_思政课_中国式现代化__real_screen_photography.png,screen_photography,拍屏,无(屏幕显示),屏幕背光+室内光,手机对屏幕,02_education/03_slides/slides_002_思政课_中国式现代化.png,true
02_education/03_slides/slides_003_Optimization_ML_EN,02_education,03_slides,02_education/03_slides/slides_003_Optimization_ML_EN.json,02_education/03_slides/slides_003_Optimization_ML_EN.html,02_education/03_slides/slides_003_Optimization_ML_EN.png,02_education/03_slides/slides_003_Optimization_ML_EN.png,02_education/03_slides/slides_003_Optimization_ML_EN__real_screen_na_screen_screen.png,screen_photography,拍屏,无(屏幕显示),屏幕背光+室内光,手机对屏幕,02_education/03_slides/slides_003_Optimization_ML_EN.png,true
02_education/03_slides/slides_005_商务培训_项目管理,02_education,03_slides,02_education/03_slides/slides_005_商务培训_项目管理.json,02_education/03_slides/slides_005_商务培训_项目管理.html,02_education/03_slides/slides_005_商务培训_项目管理.png,02_education/03_slides/slides_005_商务培训_项目管理.png,02_education/03_slides/slides_005_商务培训_项目管理__real_screen_na_screen_screen.png,screen_photography,拍屏,无(屏幕显示),屏幕背光+室内光,手机对屏幕,02_education/03_slides/slides_005_商务培训_项目管理.png,true
02_education/03_slides/slides_006_医学课件_心血管系统,02_education,03_slides,02_education/03_slides/slides_006_医学课件_心血管系统.json,02_education/03_slides/slides_006_医学课件_心血管系统.html,02_education/03_slides/slides_006_医学课件_心血管系统.png,02_education/03_slides/slides_006_医学课件_心血管系统.png,02_education/03_slides/slides_006_医学课件_心血管系统__real_screen_photography.png,screen_photography,拍屏,无(屏幕显示),屏幕背光+室内光,手机对屏幕,02_education/03_slides/slides_006_医学课件_心血管系统.png,true
02_education/03_slides/slides_007_Art_History_Renaissance,02_education,03_slides,02_education/03_slides/slides_007_Art_History_Renaissance.json,02_education/03_slides/slides_007_Art_History_Renaissance.html,02_education/03_slides/slides_007_Art_History_Renaissance.png,02_education/03_slides/slides_007_Art_History_Renaissance.png,02_education/03_slides/slides_007_Art_History_Renaissance__real_screen_na_screen_screen.png,screen_photography,拍屏,无(屏幕显示),屏幕背光+室内光,手机对屏幕,02_education/03_slides/slides_007_Art_History_Renaissance.png,true
02_education/03_slides/slides_008_数据分析_Python,02_education,03_slides,02_education/03_slides/slides_008_数据分析_Python.json,02_education/03_slides/slides_008_数据分析_Python.html,02_education/03_slides/slides_008_数据分析_Python.png,02_education/03_slides/slides_008_数据分析_Python.png,02_education/03_slides/slides_008_数据分析_Python__real_screen_na_screen_screen.jpg,screen_photography,拍屏,无(屏幕显示),屏幕背光+室内光,手机对屏幕,02_education/03_slides/slides_008_数据分析_Python.png,true
02_education/03_slides/slides_009_Marketing_Strategy,02_education,03_slides,02_education/03_slides/slides_009_Marketing_Strategy.json,02_education/03_slides/slides_009_Marketing_Strategy.html,02_education/03_slides/slides_009_Marketing_Strategy.png,02_education/03_slides/slides_009_Marketing_Strategy.png,02_education/03_slides/slides_009_Marketing_Strategy__real_screen_photography.png,screen_photography,拍屏,无(屏幕显示),屏幕背光+室内光,手机对屏幕,02_education/03_slides/slides_009_Marketing_Strategy.png,true
02_education/03_slides/slides_010_历史课_丝绸之路,02_education,03_slides,02_education/03_slides/slides_010_历史课_丝绸之路.json,02_education/03_slides/slides_010_历史课_丝绸之路.html,02_education/03_slides/slides_010_历史课_丝绸之路.png,02_education/03_slides/slides_010_历史课_丝绸之路.png,02_education/03_slides/slides_010_历史课_丝绸之路__real_screen_na_screen_screen.jpg,screen_photography,拍屏,无(屏幕显示),屏幕背光+室内光,手机对屏幕,02_education/03_slides/slides_010_历史课_丝绸之路.png,true
02_education/03_slides/slides_011_Corporate_Finance_2in1_EN,02_education,03_slides,02_education/03_slides/slides_011_Corporate_Finance_2in1_EN.json,02_education/03_slides/slides_011_Corporate_Finance_2in1_EN.html,02_education/03_slides/slides_011_Corporate_Finance_2in1_EN.png,02_education/03_slides/slides_011_Corporate_Finance_2in1_EN.png,02_education/03_slides/slides_011_Corporate_Finance_2in1_EN__real_screen_na_screen_screen.jpg,screen_photography,拍屏,无(屏幕显示),屏幕背光+室内光,手机对屏幕,02_education/03_slides/slides_011_Corporate_Finance_2in1_EN.png,true
02_education/03_slides/slides_012_商业BP_SaaS,02_education,03_slides,02_education/03_slides/slides_012_商业BP_SaaS.json,02_education/03_slides/slides_012_商业BP_SaaS.html,02_education/03_slides/slides_012_商业BP_SaaS.png,02_education/03_slides/slides_012_商业BP_SaaS.png,02_education/03_slides/slides_012_商业BP_SaaS__real_screen_na_screen_screen.png,screen_photography,拍屏,无(屏幕显示),屏幕背光+室内光,手机对屏幕,02_education/03_slides/slides_012_商业BP_SaaS.png,true
02_education/03_slides/slides_014_材料化学_晶体结构,02_education,03_slides,02_education/03_slides/slides_014_材料化学_晶体结构.json,02_education/03_slides/slides_014_材料化学_晶体结构.html,02_education/03_slides/slides_014_材料化学_晶体结构.png,02_education/03_slides/slides_014_材料化学_晶体结构.png,02_education/03_slides/slides_014_材料化学_晶体结构__real_screen_na_screen_screen.png,screen_photography,拍屏,无(屏幕显示),屏幕背光+室内光,手机对屏幕,02_education/03_slides/slides_014_材料化学_晶体结构.png,true
02_education/03_slides/slides_015_DL_Systems_并行训练_ZHCN,02_education,03_slides,02_education/03_slides/slides_015_DL_Systems_并行训练_ZHCN.json,02_education/03_slides/slides_015_DL_Systems_并行训练_ZHCN.html,02_education/03_slides/slides_015_DL_Systems_并行训练_ZHCN.png,02_education/03_slides/slides_015_DL_Systems_并行训练_ZHCN.png,02_education/03_slides/slides_015_DL_Systems_并行训练_ZHCN__real_screen_photography.png,screen_photography,拍屏,无(屏幕显示),屏幕背光+室内光,手机对屏幕,02_education/03_slides/slides_015_DL_Systems_并行训练_ZHCN.png,true
02_education/03_slides/slides_016_Keynote_AI,02_education,03_slides,02_education/03_slides/slides_016_Keynote_AI.json,02_education/03_slides/slides_016_Keynote_AI.html,02_education/03_slides/slides_016_Keynote_AI.png,02_education/03_slides/slides_016_Keynote_AI.png,02_education/03_slides/slides_016_Keynote_AI__real_screen_na_screen_screen.png,screen_photography,拍屏,无(屏幕显示),屏幕背光+室内光,手机对屏幕,02_education/03_slides/slides_016_Keynote_AI.png,true
02_education/03_slides/slides_019_竞品分析,02_education,03_slides,02_education/03_slides/slides_019_竞品分析.json,02_education/03_slides/slides_019_竞品分析.html,02_education/03_slides/slides_019_竞品分析.png,02_education/03_slides/slides_019_竞品分析.png,02_education/03_slides/slides_019_竞品分析__real_screen_na_screen_screen.png,screen_photography,拍屏,无(屏幕显示),屏幕背光+室内光,手机对屏幕,02_education/03_slides/slides_019_竞品分析.png,true
02_education/03_slides/slides_029_产品发布_手机,02_education,03_slides,02_education/03_slides/slides_029_产品发布_手机.json,02_education/03_slides/slides_029_产品发布_手机.html,02_education/03_slides/slides_029_产品发布_手机.png,02_education/03_slides/slides_029_产品发布_手机.png,02_education/03_slides/slides_029_产品发布_手机__real_screen_na_screen_screen.jpg,screen_photography,拍屏,无(屏幕显示),屏幕背光+室内光,手机对屏幕,02_education/03_slides/slides_029_产品发布_手机.png,true
02_education/03_slides/slides_030_Human_AI_CoReading,02_education,03_slides,02_education/03_slides/slides_030_Human_AI_CoReading.json,02_education/03_slides/slides_030_Human_AI_CoReading.html,02_education/03_slides/slides_030_Human_AI_CoReading.png,02_education/03_slides/slides_030_Human_AI_CoReading.png,02_education/03_slides/slides_030_Human_AI_CoReading__real_screen_photography.png,screen_photography,拍屏,无(屏幕显示),屏幕背光+室内光,手机对屏幕,02_education/03_slides/slides_030_Human_AI_CoReading.png,true
02_education/03_slides/slides_030_Smart_Urban_Resilience_2in1,02_education,03_slides,02_education/03_slides/slides_030_Smart_Urban_Resilience_2in1.json,02_education/03_slides/slides_030_Smart_Urban_Resilience_2in1.html,02_education/03_slides/slides_030_Smart_Urban_Resilience_2in1.png,02_education/03_slides/slides_030_Smart_Urban_Resilience_2in1.png,02_education/03_slides/slides_030_Smart_Urban_Resilience_2in1__real_screen_na_screen_screen.jpg,screen_photography,拍屏,无(屏幕显示),屏幕背光+室内光,手机对屏幕,02_education/03_slides/slides_030_Smart_Urban_Resilience_2in1.png,true
02_education/03_slides/slides_030_多模态文档智能系统_上下伪两页科研汇报,02_education,03_slides,02_education/03_slides/slides_030_多模态文档智能系统_上下伪两页科研汇报.json,02_education/03_slides/slides_030_多模态文档智能系统_上下伪两页科研汇报.html,02_education/03_slides/slides_030_多模态文档智能系统_上下伪两页科研汇报.png,02_education/03_slides/slides_030_多模态文档智能系统_上下伪两页科研汇报.png,02_education/03_slides/slides_030_多模态文档智能系统_上下伪两页科研汇报__real_screen_na_screen_screen.png,screen_photography,拍屏,无(屏幕显示),屏幕背光+室内光,手机对屏幕,02_education/03_slides/slides_030_多模态文档智能系统_上下伪两页科研汇报.png,true
02_education/03_slides/slides_031_Autonomous_Research_Operations_2in1,02_education,03_slides,02_education/03_slides/slides_031_Autonomous_Research_Operations_2in1.json,02_education/03_slides/slides_031_Autonomous_Research_Operations_2in1.html,02_education/03_slides/slides_031_Autonomous_Research_Operations_2in1.png,02_education/03_slides/slides_031_Autonomous_Research_Operations_2in1.png,02_education/03_slides/slides_031_Autonomous_Research_Operations_2in1__real_screen_na_screen_screen.png,screen_photography,拍屏,无(屏幕显示),屏幕背光+室内光,手机对屏幕,02_education/03_slides/slides_031_Autonomous_Research_Operations_2in1.png,true
02_education/04_school_notice/school_notice_001_期末考试安排通知,02_education,04_school_notice,02_education/04_school_notice/school_notice_001_期末考试安排通知.json,02_education/04_school_notice/school_notice_001_期末考试安排通知.html,02_education/04_school_notice/school_notice_001_期末考试安排通知.png,02_education/04_school_notice/school_notice_001_期末考试安排通知.png,02_education/04_school_notice/school_notice_001_期末考试安排通知__real_screen_na_screen_screen.jpg,screen_photography,拍屏,无(屏幕显示),屏幕背光+室内光,手机对屏幕,02_education/04_school_notice/school_notice_001_期末考试安排通知.png,true
02_education/04_school_notice/school_notice_002_联合通知_课程调整交换综合测评,02_education,04_school_notice,02_education/04_school_notice/school_notice_002_联合通知_课程调整交换综合测评.json,02_education/04_school_notice/school_notice_002_联合通知_课程调整交换综合测评.html,02_education/04_school_notice/school_notice_002_联合通知_课程调整交换综合测评.png,02_education/04_school_notice/school_notice_002_联合通知_课程调整交换综合测评.png,02_education/04_school_notice/school_notice_002_联合通知_课程调整交换综合测评__real_phone_creased_normal_oblique.jpg,phone_creased_indoor_normal_oblique,手机拍纸质文档,折痕/褶皱,室内正常光,斜拍(30-45度),02_education/04_school_notice/school_notice_002_联合通知_课程调整交换综合测评.png,true
02_education/04_school_notice/school_notice_003_School_Newsletter_EN,02_education,04_school_notice,02_education/04_school_notice/school_notice_003_School_Newsletter_EN.json,02_education/04_school_notice/school_notice_003_School_Newsletter_EN.html,02_education/04_school_notice/school_notice_003_School_Newsletter_EN.png,02_education/04_school_notice/school_notice_003_School_Newsletter_EN.png,02_education/04_school_notice/school_notice_003_School_Newsletter_EN__real_phone_flat_normal_top.png,phone_flat_indoor_normal_top,手机拍纸质文档,平整,室内正常光,俯拍,02_education/04_school_notice/school_notice_003_School_Newsletter_EN.png,true
02_education/04_school_notice/school_notice_005_实验室安全整改联合通知,02_education,04_school_notice,02_education/04_school_notice/school_notice_005_实验室安全整改联合通知.json,02_education/04_school_notice/school_notice_005_实验室安全整改联合通知.html,02_education/04_school_notice/school_notice_005_实验室安全整改联合通知.png,02_education/04_school_notice/school_notice_005_实验室安全整改联合通知.png,02_education/04_school_notice/school_notice_005_实验室安全整改联合通知__real_screenshot_na_na_na.png,phone_creased_indoor_normal_oblique,手机拍纸质文档,折痕/褶皱,室内正常光,斜拍(30-45度),02_education/04_school_notice/school_notice_005_实验室安全整改联合通知.png,true
02_education/04_school_notice/school_notice_006_大学课程表_复杂,02_education,04_school_notice,02_education/04_school_notice/school_notice_006_大学课程表_复杂.json,02_education/04_school_notice/school_notice_006_大学课程表_复杂.html,02_education/04_school_notice/school_notice_006_大学课程表_复杂.png,02_education/04_school_notice/school_notice_006_大学课程表_复杂.png,02_education/04_school_notice/school_notice_006_大学课程表_复杂__real_phone_flat_normal_top.png,phone_flat_indoor_normal_top,手机拍纸质文档,平整,室内正常光,俯拍,02_education/04_school_notice/school_notice_006_大学课程表_复杂.png,true
02_education/04_school_notice/school_notice_007_录取通知书,02_education,04_school_notice,02_education/04_school_notice/school_notice_007_录取通知书.json,02_education/04_school_notice/school_notice_007_录取通知书.html,02_education/04_school_notice/school_notice_007_录取通知书.png,02_education/04_school_notice/school_notice_007_录取通知书.png,02_education/04_school_notice/school_notice_007_录取通知书__real_phone_creased_flash_oblique.jpg,phone_creased_flash_oblique,手机拍纸质文档,折痕/褶皱,闪光灯,斜拍(30-45度),02_education/04_school_notice/school_notice_007_录取通知书.png,true
02_education/04_school_notice/school_notice_008_School_Report_Card,02_education,04_school_notice,02_education/04_school_notice/school_notice_008_School_Report_Card.json,02_education/04_school_notice/school_notice_008_School_Report_Card.html,02_education/04_school_notice/school_notice_008_School_Report_Card.png,02_education/04_school_notice/school_notice_008_School_Report_Card.png,02_education/04_school_notice/school_notice_008_School_Report_Card__real_phone_flat_normal_top.png,phone_flat_indoor_normal_top,手机拍纸质文档,平整,室内正常光,俯拍,02_education/04_school_notice/school_notice_008_School_Report_Card.png,true
02_education/04_school_notice/school_notice_009_运动会秩序册,02_education,04_school_notice,02_education/04_school_notice/school_notice_009_运动会秩序册.json,02_education/04_school_notice/school_notice_009_运动会秩序册.html,02_education/04_school_notice/school_notice_009_运动会秩序册.png,02_education/04_school_notice/school_notice_009_运动会秩序册.png,02_education/04_school_notice/school_notice_009_运动会秩序册__real_phone_creased_normal_oblique.png,phone_creased_indoor_normal_oblique,手机拍纸质文档,折痕/褶皱,室内正常光,斜拍(30-45度),02_education/04_school_notice/school_notice_009_运动会秩序册.png,true
02_education/04_school_notice/school_notice_010_奖学金综合测评通知,02_education,04_school_notice,02_education/04_school_notice/school_notice_010_奖学金综合测评通知.json,02_education/04_school_notice/school_notice_010_奖学金综合测评通知.html,02_education/04_school_notice/school_notice_010_奖学金综合测评通知.png,02_education/04_school_notice/school_notice_010_奖学金综合测评通知.png,02_education/04_school_notice/school_notice_010_奖学金综合测评通知__real_screenshot_na_na_na.png,screenshot_compressed,截图+转发压缩,无(纯数字),无,无,02_education/04_school_notice/school_notice_010_奖学金综合测评通知.png,true
02_education/04_school_notice/school_notice_013_STEM_Workshop_Competition_EN,02_education,04_school_notice,02_education/04_school_notice/school_notice_013_STEM_Workshop_Competition_EN.json,02_education/04_school_notice/school_notice_013_STEM_Workshop_Competition_EN.html,02_education/04_school_notice/school_notice_013_STEM_Workshop_Competition_EN.png,02_education/04_school_notice/school_notice_013_STEM_Workshop_Competition_EN.png,02_education/04_school_notice/school_notice_013_STEM_Workshop_Competition_EN__real_phone_creased_normal_oblique.png,phone_creased_indoor_normal_oblique,手机拍纸质文档,折痕/褶皱,室内正常光,斜拍(30-45度),02_education/04_school_notice/school_notice_013_STEM_Workshop_Competition_EN.png,true
02_education/04_school_notice/school_notice_014_体检疫苗接种通知_ZHCN,02_education,04_school_notice,02_education/04_school_notice/school_notice_014_体检疫苗接种通知_ZHCN.json,02_education/04_school_notice/school_notice_014_体检疫苗接种通知_ZHCN.html,02_education/04_school_notice/school_notice_014_体检疫苗接种通知_ZHCN.png,02_education/04_school_notice/school_notice_014_体检疫苗接种通知_ZHCN.png,02_education/04_school_notice/school_notice_014_体检疫苗接种通知_ZHCN__real_screenshot_na_na_na.png,phone_flat_indoor_normal_top,手机拍纸质文档,平整,室内正常光,俯拍,02_education/04_school_notice/school_notice_014_体检疫苗接种通知_ZHCN.png,true
02_education/04_school_notice/school_notice_016_文化艺术节场地管理通知_ZHCN,02_education,04_school_notice,02_education/04_school_notice/school_notice_016_文化艺术节场地管理通知_ZHCN.json,02_education/04_school_notice/school_notice_016_文化艺术节场地管理通知_ZHCN.html,02_education/04_school_notice/school_notice_016_文化艺术节场地管理通知_ZHCN.png,02_education/04_school_notice/school_notice_016_文化艺术节场地管理通知_ZHCN.png,02_education/04_school_notice/school_notice_016_文化艺术节场地管理通知_ZHCN__real_phone_creased_normal_oblique.png,phone_creased_indoor_normal_oblique,手机拍纸质文档,折痕/褶皱,室内正常光,斜拍(30-45度),02_education/04_school_notice/school_notice_016_文化艺术节场地管理通知_ZHCN.png,true
02_education/04_school_notice/school_notice_020_实习协议,02_education,04_school_notice,02_education/04_school_notice/school_notice_020_实习协议.json,02_education/04_school_notice/school_notice_020_实习协议.html,02_education/04_school_notice/school_notice_020_实习协议.png,02_education/04_school_notice/school_notice_020_实习协议.png,02_education/04_school_notice/school_notice_020_实习协议__real_screenshot_na_na_na.png,screenshot_compressed,截图+转发压缩,无(纯数字),无,无,02_education/04_school_notice/school_notice_020_实习协议.png,true
02_education/04_school_notice/school_notice_022_Parent_Teacher_Conference_EN,02_education,04_school_notice,02_education/04_school_notice/school_notice_022_Parent_Teacher_Conference_EN.json,02_education/04_school_notice/school_notice_022_Parent_Teacher_Conference_EN.html,02_education/04_school_notice/school_notice_022_Parent_Teacher_Conference_EN.png,02_education/04_school_notice/school_notice_022_Parent_Teacher_Conference_EN.png,02_education/04_school_notice/school_notice_022_Parent_Teacher_Conference_EN__real_phone_creased_flash_oblique.png,phone_creased_flash_oblique,手机拍纸质文档,折痕/褶皱,闪光灯,斜拍(30-45度),02_education/04_school_notice/school_notice_022_Parent_Teacher_Conference_EN.png,true
02_education/04_school_notice/school_notice_025_Tuition_Invoice_EN,02_education,04_school_notice,02_education/04_school_notice/school_notice_025_Tuition_Invoice_EN.json,02_education/04_school_notice/school_notice_025_Tuition_Invoice_EN.html,02_education/04_school_notice/school_notice_025_Tuition_Invoice_EN.png,02_education/04_school_notice/school_notice_025_Tuition_Invoice_EN.png,02_education/04_school_notice/school_notice_025_Tuition_Invoice_EN__real_screenshot_na_na_na.png,screenshot_compressed,截图+转发压缩,无(纯数字),无,无,02_education/04_school_notice/school_notice_025_Tuition_Invoice_EN.png,true
02_education/04_school_notice/school_notice_029_暑期社会实践通知,02_education,04_school_notice,02_education/04_school_notice/school_notice_029_暑期社会实践通知.json,02_education/04_school_notice/school_notice_029_暑期社会实践通知.html,02_education/04_school_notice/school_notice_029_暑期社会实践通知.png,02_education/04_school_notice/school_notice_029_暑期社会实践通知.png,02_education/04_school_notice/school_notice_029_暑期社会实践通知__real_phone_creased_normal_oblique.png,phone_creased_indoor_normal_oblique,手机拍纸质文档,折痕/褶皱,室内正常光,斜拍(30-45度),02_education/04_school_notice/school_notice_029_暑期社会实践通知.png,true
02_education/04_school_notice/school_notice_030_春季多部门联合公告墙,02_education,04_school_notice,02_education/04_school_notice/school_notice_030_春季多部门联合公告墙.json,02_education/04_school_notice/school_notice_030_春季多部门联合公告墙.html,02_education/04_school_notice/school_notice_030_春季多部门联合公告墙.png,02_education/04_school_notice/school_notice_030_春季多部门联合公告墙.png,02_education/04_school_notice/school_notice_030_春季多部门联合公告墙__real_phone_flat_normal_top.png,phone_flat_indoor_normal_top,手机拍纸质文档,平整,室内正常光,俯拍,02_education/04_school_notice/school_notice_030_春季多部门联合公告墙.png,true
02_education/04_school_notice/school_notice_031_校外实践联合通知材料包,02_education,04_school_notice,02_education/04_school_notice/school_notice_031_校外实践联合通知材料包.json,02_education/04_school_notice/school_notice_031_校外实践联合通知材料包.html,02_education/04_school_notice/school_notice_031_校外实践联合通知材料包.png,02_education/04_school_notice/school_notice_031_校外实践联合通知材料包.png,02_education/04_school_notice/school_notice_031_校外实践联合通知材料包__real_phone_creased_flash_oblique.jpg,phone_creased_flash_oblique,手机拍纸质文档,折痕/褶皱,闪光灯,斜拍(30-45度),02_education/04_school_notice/school_notice_031_校外实践联合通知材料包.png,true
02_education/04_school_notice/school_notice_032_奖学金评审公示材料,02_education,04_school_notice,02_education/04_school_notice/school_notice_032_奖学金评审公示材料.json,02_education/04_school_notice/school_notice_032_奖学金评审公示材料.html,02_education/04_school_notice/school_notice_032_奖学金评审公示材料.png,02_education/04_school_notice/school_notice_032_奖学金评审公示材料.png,02_education/04_school_notice/school_notice_032_奖学金评审公示材料__real_screen_photography.png,screen_photography,拍屏,无(屏幕显示),屏幕背光+室内光,手机对屏幕,02_education/04_school_notice/school_notice_032_奖学金评审公示材料.png,true
02_education/04_school_notice/school_notice_032_系统异常公告,02_education,04_school_notice,02_education/04_school_notice/school_notice_032_系统异常公告.json,02_education/04_school_notice/school_notice_032_系统异常公告.html,02_education/04_school_notice/school_notice_032_系统异常公告.png,02_education/04_school_notice/school_notice_032_系统异常公告.png,02_education/04_school_notice/school_notice_032_系统异常公告__real_phone_creased_normal_oblique.png,phone_creased_indoor_normal_oblique,手机拍纸质文档,折痕/褶皱,室内正常光,斜拍(30-45度),02_education/04_school_notice/school_notice_032_系统异常公告.png,true
02_education/04_school_notice/school_notice_033_Campus_Health_Emergency,02_education,04_school_notice,02_education/04_school_notice/school_notice_033_Campus_Health_Emergency.json,02_education/04_school_notice/school_notice_033_Campus_Health_Emergency.html,02_education/04_school_notice/school_notice_033_Campus_Health_Emergency.png,02_education/04_school_notice/school_notice_033_Campus_Health_Emergency.png,02_education/04_school_notice/school_notice_033_Campus_Health_Emergency__real_screenshot_na_na_na.png,phone_flat_indoor_normal_top,手机拍纸质文档,平整,室内正常光,俯拍,02_education/04_school_notice/school_notice_033_Campus_Health_Emergency.png,true
02_education/04_school_notice/school_notice_033_校园事务导航图,02_education,04_school_notice,02_education/04_school_notice/school_notice_033_校园事务导航图.json,02_education/04_school_notice/school_notice_033_校园事务导航图.html,02_education/04_school_notice/school_notice_033_校园事务导航图.png,02_education/04_school_notice/school_notice_033_校园事务导航图.png,02_education/04_school_notice/school_notice_033_校园事务导航图__real_phone_creased_normal_oblique.png,phone_creased_indoor_normal_oblique,手机拍纸质文档,折痕/褶皱,室内正常光,斜拍(30-45度),02_education/04_school_notice/school_notice_033_校园事务导航图.png,true
02_education/04_school_notice/school_notice_034_教务处关于课程调整与学术讲座安排的联合通知,02_education,04_school_notice,02_education/04_school_notice/school_notice_034_教务处关于课程调整与学术讲座安排的联合通知.json,02_education/04_school_notice/school_notice_034_教务处关于课程调整与学术讲座安排的联合通知.html,02_education/04_school_notice/school_notice_034_教务处关于课程调整与学术讲座安排的联合通知.png,02_education/04_school_notice/school_notice_034_教务处关于课程调整与学术讲座安排的联合通知.png,02_education/04_school_notice/school_notice_034_教务处关于课程调整与学术讲座安排的联合通知__real_phone_flat_normal_top.png,phone_flat_indoor_normal_top,手机拍纸质文档,平整,室内正常光,俯拍,02_education/04_school_notice/school_notice_034_教务处关于课程调整与学术讲座安排的联合通知.png,true
02_education/04_school_notice/school_notice_035_校园安全与生活服务温馨提醒,02_education,04_school_notice,02_education/04_school_notice/school_notice_035_校园安全与生活服务温馨提醒.json,02_education/04_school_notice/school_notice_035_校园安全与生活服务温馨提醒.html,02_education/04_school_notice/school_notice_035_校园安全与生活服务温馨提醒.png,02_education/04_school_notice/school_notice_035_校园安全与生活服务温馨提醒.png,02_education/04_school_notice/school_notice_035_校园安全与生活服务温馨提醒__real_screenshot_na_na_na.png,phone_creased_indoor_normal_oblique,手机拍纸质文档,折痕/褶皱,室内正常光,斜拍(30-45度),02_education/04_school_notice/school_notice_035_校园安全与生活服务温馨提醒.png,true
02_education/04_school_notice/school_notice_036_新生报到流程与校园初到指南,02_education,04_school_notice,02_education/04_school_notice/school_notice_036_新生报到流程与校园初到指南.json,02_education/04_school_notice/school_notice_036_新生报到流程与校园初到指南.html,02_education/04_school_notice/school_notice_036_新生报到流程与校园初到指南.png,02_education/04_school_notice/school_notice_036_新生报到流程与校园初到指南.png,02_education/04_school_notice/school_notice_036_新生报到流程与校园初到指南__real_phone_flat_normal_top.png,phone_flat_indoor_normal_top,手机拍纸质文档,平整,室内正常光,俯拍,02_education/04_school_notice/school_notice_036_新生报到流程与校园初到指南.png,true
02_education/05_syllabus/syllabus_006_医学院_系统解剖学,02_education,05_syllabus,02_education/05_syllabus/syllabus_006_医学院_系统解剖学.json,02_education/05_syllabus/syllabus_006_医学院_系统解剖学.html,02_education/05_syllabus/syllabus_006_医学院_系统解剖学.png,02_education/05_syllabus/syllabus_006_医学院_系统解剖学.png,02_education/05_syllabus/syllabus_006_医学院_系统解剖学__real_screen_na_screen_screen.jpg,screen_photography,拍屏,无(屏幕显示),屏幕背光+室内光,手机对屏幕,02_education/05_syllabus/syllabus_006_医学院_系统解剖学.png,true
02_education/05_syllabus/syllabus_007_MIT_6.006_Algorithms,02_education,05_syllabus,02_education/05_syllabus/syllabus_007_MIT_6.006_Algorithms.json,02_education/05_syllabus/syllabus_007_MIT_6.006_Algorithms.html,02_education/05_syllabus/syllabus_007_MIT_6.006_Algorithms.png,02_education/05_syllabus/syllabus_007_MIT_6.006_Algorithms.png,02_education/05_syllabus/syllabus_007_MIT_6.006_Algorithms__real_phone_photocopy_photocopy_normal_top.jpg,phone_photocopy,手机拍复印件,复印件,室内正常光,俯拍,02_education/05_syllabus/syllabus_007_MIT_6.006_Algorithms.png,true
02_education/05_syllabus/syllabus_008_法学院_刑法学总论,02_education,05_syllabus,02_education/05_syllabus/syllabus_008_法学院_刑法学总论.json,02_education/05_syllabus/syllabus_008_法学院_刑法学总论.html,02_education/05_syllabus/syllabus_008_法学院_刑法学总论.png,02_education/05_syllabus/syllabus_008_法学院_刑法学总论.png,02_education/05_syllabus/syllabus_008_法学院_刑法学总论__real_screenshot_na_na_na.png,phone_flat_indoor_normal_top,手机拍纸质文档,平整,室内正常光,俯拍,02_education/05_syllabus/syllabus_008_法学院_刑法学总论.png,true
02_education/05_syllabus/syllabus_009_Conservatory_Music_Theory,02_education,05_syllabus,02_education/05_syllabus/syllabus_009_Conservatory_Music_Theory.json,02_education/05_syllabus/syllabus_009_Conservatory_Music_Theory.html,02_education/05_syllabus/syllabus_009_Conservatory_Music_Theory.png,02_education/05_syllabus/syllabus_009_Conservatory_Music_Theory.png,02_education/05_syllabus/syllabus_009_Conservatory_Music_Theory__real_phone_photocopy_photocopy_normal_top.png,phone_photocopy,手机拍复印件,复印件,室内正常光,俯拍,02_education/05_syllabus/syllabus_009_Conservatory_Music_Theory.png,true
02_education/05_syllabus/syllabus_010_化工原理_教学大纲,02_education,05_syllabus,02_education/05_syllabus/syllabus_010_化工原理_教学大纲.json,02_education/05_syllabus/syllabus_010_化工原理_教学大纲.html,02_education/05_syllabus/syllabus_010_化工原理_教学大纲.png,02_education/05_syllabus/syllabus_010_化工原理_教学大纲.png,02_education/05_syllabus/syllabus_010_化工原理_教学大纲__real_phone_flat_normal_top.png,phone_flat_indoor_normal_top,手机拍纸质文档,平整,室内正常光,俯拍,02_education/05_syllabus/syllabus_010_化工原理_教学大纲.png,true
02_education/05_syllabus/syllabus_013_电路原理,02_education,05_syllabus,02_education/05_syllabus/syllabus_013_电路原理.json,02_education/05_syllabus/syllabus_013_电路原理.html,02_education/05_syllabus/syllabus_013_电路原理.png,02_education/05_syllabus/syllabus_013_电路原理.png,02_education/05_syllabus/syllabus_013_电路原理__real_phone_photocopy_photocopy_normal_top.png,phone_photocopy,手机拍复印件,复印件,室内正常光,俯拍,02_education/05_syllabus/syllabus_013_电路原理.png,true
02_education/05_syllabus/syllabus_014_国际贸易实务,02_education,05_syllabus,02_education/05_syllabus/syllabus_014_国际贸易实务.json,02_education/05_syllabus/syllabus_014_国际贸易实务.html,02_education/05_syllabus/syllabus_014_国际贸易实务.png,02_education/05_syllabus/syllabus_014_国际贸易实务.png,02_education/05_syllabus/syllabus_014_国际贸易实务__real_screenshot_na_na_na.jpg,screenshot_compressed,截图+转发压缩,无(纯数字),无,无,02_education/05_syllabus/syllabus_014_国际贸易实务.png,true
02_education/05_syllabus/syllabus_023_教育心理学,02_education,05_syllabus,02_education/05_syllabus/syllabus_023_教育心理学.json,02_education/05_syllabus/syllabus_023_教育心理学.html,02_education/05_syllabus/syllabus_023_教育心理学.png,02_education/05_syllabus/syllabus_023_教育心理学.png,02_education/05_syllabus/syllabus_023_教育心理学__real_phone_photocopy_photocopy_normal_top.png,phone_photocopy,手机拍复印件,复印件,室内正常光,俯拍,02_education/05_syllabus/syllabus_023_教育心理学.png,true
02_education/05_syllabus/syllabus_030_Nursing_Fundamentals,02_education,05_syllabus,02_education/05_syllabus/syllabus_030_Nursing_Fundamentals.json,02_education/05_syllabus/syllabus_030_Nursing_Fundamentals.html,02_education/05_syllabus/syllabus_030_Nursing_Fundamentals.png,02_education/05_syllabus/syllabus_030_Nursing_Fundamentals.png,02_education/05_syllabus/syllabus_030_Nursing_Fundamentals__real_screen_photography.png,screen_photography,拍屏,无(屏幕显示),屏幕背光+室内光,手机对屏幕,02_education/05_syllabus/syllabus_030_Nursing_Fundamentals.png,true
02_education/05_syllabus/syllabus_031_Signals_and_Systems,02_education,05_syllabus,02_education/05_syllabus/syllabus_031_Signals_and_Systems.json,02_education/05_syllabus/syllabus_031_Signals_and_Systems.html,02_education/05_syllabus/syllabus_031_Signals_and_Systems.png,02_education/05_syllabus/syllabus_031_Signals_and_Systems.png,02_education/05_syllabus/syllabus_031_Signals_and_Systems__real_phone_photocopy_photocopy_normal_top.png,phone_photocopy,手机拍复印件,复印件,室内正常光,俯拍,02_education/05_syllabus/syllabus_031_Signals_and_Systems.png,true
02_education/05_syllabus/syllabus_032_Global_Media_Culture,02_education,05_syllabus,02_education/05_syllabus/syllabus_032_Global_Media_Culture.json,02_education/05_syllabus/syllabus_032_Global_Media_Culture.html,02_education/05_syllabus/syllabus_032_Global_Media_Culture.png,02_education/05_syllabus/syllabus_032_Global_Media_Culture.png,02_education/05_syllabus/syllabus_032_Global_Media_Culture__real_phone_flat_flash_top.png,phone_flat_flash_top,手机拍纸质文档,平整,闪光灯,俯拍,02_education/05_syllabus/syllabus_032_Global_Media_Culture.png,true
02_education/05_syllabus/syllabus_033_Clinical_Immunology,02_education,05_syllabus,02_education/05_syllabus/syllabus_033_Clinical_Immunology.json,02_education/05_syllabus/syllabus_033_Clinical_Immunology.html,02_education/05_syllabus/syllabus_033_Clinical_Immunology.png,02_education/05_syllabus/syllabus_033_Clinical_Immunology.png,02_education/05_syllabus/syllabus_033_Clinical_Immunology__real_phone_photocopy_photocopy_normal_top.png,phone_photocopy,手机拍复印件,复印件,室内正常光,俯拍,02_education/05_syllabus/syllabus_033_Clinical_Immunology.png,true
02_education/05_syllabus/syllabus_034_Python_Software_Engineering,02_education,05_syllabus,02_education/05_syllabus/syllabus_034_Python_Software_Engineering.json,02_education/05_syllabus/syllabus_034_Python_Software_Engineering.html,02_education/05_syllabus/syllabus_034_Python_Software_Engineering.png,02_education/05_syllabus/syllabus_034_Python_Software_Engineering.png,02_education/05_syllabus/syllabus_034_Python_Software_Engineering__real_phone_flat_normal_top.png,phone_flat_indoor_normal_top,手机拍纸质文档,平整,室内正常光,俯拍,02_education/05_syllabus/syllabus_034_Python_Software_Engineering.png,true
02_education/05_syllabus/syllabus_035_International_Arbitration,02_education,05_syllabus,02_education/05_syllabus/syllabus_035_International_Arbitration.json,02_education/05_syllabus/syllabus_035_International_Arbitration.html,02_education/05_syllabus/syllabus_035_International_Arbitration.png,02_education/05_syllabus/syllabus_035_International_Arbitration.png,02_education/05_syllabus/syllabus_035_International_Arbitration__real_phone_photocopy_photocopy_normal_top.jpg,phone_photocopy,手机拍复印件,复印件,室内正常光,俯拍,02_education/05_syllabus/syllabus_035_International_Arbitration.png,true
02_education/05_syllabus/syllabus_036_Research_Methods,02_education,05_syllabus,02_education/05_syllabus/syllabus_036_Research_Methods.json,02_education/05_syllabus/syllabus_036_Research_Methods.html,02_education/05_syllabus/syllabus_036_Research_Methods.png,02_education/05_syllabus/syllabus_036_Research_Methods.png,02_education/05_syllabus/syllabus_036_Research_Methods__real_screenshot_na_na_na.png,screenshot_compressed,截图+转发压缩,无(纯数字),无,无,02_education/05_syllabus/syllabus_036_Research_Methods.png,true
02_education/05_syllabus/syllabus_037_Classical_Texts_Translation,02_education,05_syllabus,02_education/05_syllabus/syllabus_037_Classical_Texts_Translation.json,02_education/05_syllabus/syllabus_037_Classical_Texts_Translation.html,02_education/05_syllabus/syllabus_037_Classical_Texts_Translation.png,02_education/05_syllabus/syllabus_037_Classical_Texts_Translation.png,02_education/05_syllabus/syllabus_037_Classical_Texts_Translation__real_phone_photocopy_photocopy_normal_top.png,phone_photocopy,手机拍复印件,复印件,室内正常光,俯拍,02_education/05_syllabus/syllabus_037_Classical_Texts_Translation.png,true
02_education/05_syllabus/syllabus_038_Mathematical_Economics,02_education,05_syllabus,02_education/05_syllabus/syllabus_038_Mathematical_Economics.json,02_education/05_syllabus/syllabus_038_Mathematical_Economics.html,02_education/05_syllabus/syllabus_038_Mathematical_Economics.png,02_education/05_syllabus/syllabus_038_Mathematical_Economics.png,02_education/05_syllabus/syllabus_038_Mathematical_Economics__real_screenshot_na_na_na.png,screenshot_compressed,截图+转发压缩,无(纯数字),无,无,02_education/05_syllabus/syllabus_038_Mathematical_Economics.png,true
02_education/05_syllabus/syllabus_039_Autonomous_Robotics,02_education,05_syllabus,02_education/05_syllabus/syllabus_039_Autonomous_Robotics.json,02_education/05_syllabus/syllabus_039_Autonomous_Robotics.html,02_education/05_syllabus/syllabus_039_Autonomous_Robotics.png,02_education/05_syllabus/syllabus_039_Autonomous_Robotics.png,02_education/05_syllabus/syllabus_039_Autonomous_Robotics__real_phone_photocopy.png,phone_photocopy,手机拍复印件,复印件,室内正常光,俯拍,02_education/05_syllabus/syllabus_039_Autonomous_Robotics.png,true
02_education/05_syllabus/syllabus_039_Future_Intelligent_Systems,02_education,05_syllabus,02_education/05_syllabus/syllabus_039_Future_Intelligent_Systems.json,02_education/05_syllabus/syllabus_039_Future_Intelligent_Systems.html,02_education/05_syllabus/syllabus_039_Future_Intelligent_Systems.png,02_education/05_syllabus/syllabus_039_Future_Intelligent_Systems.png,02_education/05_syllabus/syllabus_039_Future_Intelligent_Systems__real_screen_na_screen_screen.png,screen_photography,拍屏,无(屏幕显示),屏幕背光+室内光,手机对屏幕,02_education/05_syllabus/syllabus_039_Future_Intelligent_Systems.png,true
02_education/05_syllabus/syllabus_040_Biomedical_Imaging_Lab,02_education,05_syllabus,02_education/05_syllabus/syllabus_040_Biomedical_Imaging_Lab.json,02_education/05_syllabus/syllabus_040_Biomedical_Imaging_Lab.html,02_education/05_syllabus/syllabus_040_Biomedical_Imaging_Lab.png,02_education/05_syllabus/syllabus_040_Biomedical_Imaging_Lab.png,02_education/05_syllabus/syllabus_040_Biomedical_Imaging_Lab__real_phone_photocopy_photocopy_normal_top.png,phone_photocopy,手机拍复印件,复印件,室内正常光,俯拍,02_education/05_syllabus/syllabus_040_Biomedical_Imaging_Lab.png,true
02_education/05_syllabus/syllabus_040_Quantum_Computing,02_education,05_syllabus,02_education/05_syllabus/syllabus_040_Quantum_Computing.json,02_education/05_syllabus/syllabus_040_Quantum_Computing.html,02_education/05_syllabus/syllabus_040_Quantum_Computing.png,02_education/05_syllabus/syllabus_040_Quantum_Computing.png,02_education/05_syllabus/syllabus_040_Quantum_Computing__real_phone_flat_normal_top.png,phone_flat_indoor_normal_top,手机拍纸质文档,平整,室内正常光,俯拍,02_education/05_syllabus/syllabus_040_Quantum_Computing.png,true
02_education/05_syllabus/syllabus_040_World_Literature,02_education,05_syllabus,02_education/05_syllabus/syllabus_040_World_Literature.json,02_education/05_syllabus/syllabus_040_World_Literature.html,02_education/05_syllabus/syllabus_040_World_Literature.png,02_education/05_syllabus/syllabus_040_World_Literature.png,02_education/05_syllabus/syllabus_040_World_Literature__real_phone_photocopy_photocopy_normal_top.png,phone_photocopy,手机拍复印件,复印件,室内正常光,俯拍,02_education/05_syllabus/syllabus_040_World_Literature.png,true
02_education/05_syllabus/syllabus_041_Climate_Futures_Lab,02_education,05_syllabus,02_education/05_syllabus/syllabus_041_Climate_Futures_Lab.json,02_education/05_syllabus/syllabus_041_Climate_Futures_Lab.html,02_education/05_syllabus/syllabus_041_Climate_Futures_Lab.png,02_education/05_syllabus/syllabus_041_Climate_Futures_Lab.png,02_education/05_syllabus/syllabus_041_Climate_Futures_Lab__real_phone_flat_normal_top.png,phone_flat_indoor_normal_top,手机拍纸质文档,平整,室内正常光,俯拍,02_education/05_syllabus/syllabus_041_Climate_Futures_Lab.png,true
02_education/06_lab_report/lab_report_001_杨氏模量测定实验,02_education,06_lab_report,02_education/06_lab_report/lab_report_001_杨氏模量测定实验.json,02_education/06_lab_report/lab_report_001_杨氏模量测定实验.html,02_education/06_lab_report/lab_report_001_杨氏模量测定实验.png,02_education/06_lab_report/lab_report_001_杨氏模量测定实验.png,02_education/06_lab_report/lab_report_001_杨氏模量测定实验__real_screenshot_na_na_na.png,screenshot_compressed,截图+转发压缩,无(纯数字),无,无,02_education/06_lab_report/lab_report_001_杨氏模量测定实验.png,true
02_education/06_lab_report/lab_report_002_金属拉伸性能测试,02_education,06_lab_report,02_education/06_lab_report/lab_report_002_金属拉伸性能测试.json,02_education/06_lab_report/lab_report_002_金属拉伸性能测试.html,02_education/06_lab_report/lab_report_002_金属拉伸性能测试.png,02_education/06_lab_report/lab_report_002_金属拉伸性能测试.png,02_education/06_lab_report/lab_report_002_金属拉伸性能测试__real_phone_handheld_flash_oblique.jpg,phone_handheld_flash_oblique,手机拍纸质文档,平整(手持),闪光灯,斜拍(30-45度),02_education/06_lab_report/lab_report_002_金属拉伸性能测试.png,true
02_education/06_lab_report/lab_report_003_Spectrophotometric_Iron_EN,02_education,06_lab_report,02_education/06_lab_report/lab_report_003_Spectrophotometric_Iron_EN.json,02_education/06_lab_report/lab_report_003_Spectrophotometric_Iron_EN.html,02_education/06_lab_report/lab_report_003_Spectrophotometric_Iron_EN.png,02_education/06_lab_report/lab_report_003_Spectrophotometric_Iron_EN.png,02_education/06_lab_report/lab_report_003_Spectrophotometric_Iron_EN__real_phone_flat_normal_top.png,phone_flat_indoor_normal_top,手机拍纸质文档,平整,室内正常光,俯拍,02_education/06_lab_report/lab_report_003_Spectrophotometric_Iron_EN.png,true
02_education/06_lab_report/lab_report_004_OpAmp_FreqResponse_Noise_ZHCN,02_education,06_lab_report,02_education/06_lab_report/lab_report_004_OpAmp_FreqResponse_Noise_ZHCN.json,02_education/06_lab_report/lab_report_004_OpAmp_FreqResponse_Noise_ZHCN.html,02_education/06_lab_report/lab_report_004_OpAmp_FreqResponse_Noise_ZHCN.png,02_education/06_lab_report/lab_report_004_OpAmp_FreqResponse_Noise_ZHCN.png,02_education/06_lab_report/lab_report_004_OpAmp_FreqResponse_Noise_ZHCN__real_phone_handheld_normal_oblique.jpg,phone_handheld_indoor_normal_oblique,手机拍纸质文档,平整(手持),室内正常光,斜拍(30-45度),02_education/06_lab_report/lab_report_004_OpAmp_FreqResponse_Noise_ZHCN.png,true
02_education/06_lab_report/lab_report_005_微生物菌落培养比较,02_education,06_lab_report,02_education/06_lab_report/lab_report_005_微生物菌落培养比较.json,02_education/06_lab_report/lab_report_005_微生物菌落培养比较.html,02_education/06_lab_report/lab_report_005_微生物菌落培养比较.png,02_education/06_lab_report/lab_report_005_微生物菌落培养比较.png,02_education/06_lab_report/lab_report_005_微生物菌落培养比较__real_screenshot_na_na_na.png,phone_flat_flash_top,手机拍纸质文档,平整,闪光灯,俯拍,02_education/06_lab_report/lab_report_005_微生物菌落培养比较.png,true
02_education/06_lab_report/lab_report_006_分析化学_滴定实验,02_education,06_lab_report,02_education/06_lab_report/lab_report_006_分析化学_滴定实验.json,02_education/06_lab_report/lab_report_006_分析化学_滴定实验.html,02_education/06_lab_report/lab_report_006_分析化学_滴定实验.png,02_education/06_lab_report/lab_report_006_分析化学_滴定实验.png,02_education/06_lab_report/lab_report_006_分析化学_滴定实验__real_screenshot_na_na_na.png,phone_handheld_indoor_normal_oblique,手机拍纸质文档,平整(手持),室内正常光,斜拍(30-45度),02_education/06_lab_report/lab_report_006_分析化学_滴定实验.png,true
02_education/06_lab_report/lab_report_007_PCR_Gel_Electrophoresis,02_education,06_lab_report,02_education/06_lab_report/lab_report_007_PCR_Gel_Electrophoresis.json,02_education/06_lab_report/lab_report_007_PCR_Gel_Electrophoresis.html,02_education/06_lab_report/lab_report_007_PCR_Gel_Electrophoresis.png,02_education/06_lab_report/lab_report_007_PCR_Gel_Electrophoresis.png,02_education/06_lab_report/lab_report_007_PCR_Gel_Electrophoresis__real_screenshot_na_na_na.png,screenshot_compressed,截图+转发压缩,无(纯数字),无,无,02_education/06_lab_report/lab_report_007_PCR_Gel_Electrophoresis.png,true
02_education/06_lab_report/lab_report_008_模拟电路_运放实验,02_education,06_lab_report,02_education/06_lab_report/lab_report_008_模拟电路_运放实验.json,02_education/06_lab_report/lab_report_008_模拟电路_运放实验.html,02_education/06_lab_report/lab_report_008_模拟电路_运放实验.png,02_education/06_lab_report/lab_report_008_模拟电路_运放实验.png,02_education/06_lab_report/lab_report_008_模拟电路_运放实验__real_screenshot_na_na_na.png,phone_handheld_indoor_normal_oblique,手机拍纸质文档,平整(手持),室内正常光,斜拍(30-45度),02_education/06_lab_report/lab_report_008_模拟电路_运放实验.png,true
02_education/06_lab_report/lab_report_009_Tensile_Test_Materials,02_education,06_lab_report,02_education/06_lab_report/lab_report_009_Tensile_Test_Materials.json,02_education/06_lab_report/lab_report_009_Tensile_Test_Materials.html,02_education/06_lab_report/lab_report_009_Tensile_Test_Materials.png,02_education/06_lab_report/lab_report_009_Tensile_Test_Materials.png,02_education/06_lab_report/lab_report_009_Tensile_Test_Materials__real_phone_flat_normal_top.png,phone_flat_indoor_normal_top,手机拍纸质文档,平整,室内正常光,俯拍,02_education/06_lab_report/lab_report_009_Tensile_Test_Materials.png,true
02_education/06_lab_report/lab_report_010_食品微生物检验报告,02_education,06_lab_report,02_education/06_lab_report/lab_report_010_食品微生物检验报告.json,02_education/06_lab_report/lab_report_010_食品微生物检验报告.html,02_education/06_lab_report/lab_report_010_食品微生物检验报告.png,02_education/06_lab_report/lab_report_010_食品微生物检验报告.png,02_education/06_lab_report/lab_report_010_食品微生物检验报告__real_phone_handheld_normal_oblique.png,phone_handheld_indoor_normal_oblique,手机拍纸质文档,平整(手持),室内正常光,斜拍(30-45度),02_education/06_lab_report/lab_report_010_食品微生物检验报告.png,true
02_education/06_lab_report/lab_report_011_Vibration_Damping_Cantilever_EN,02_education,06_lab_report,02_education/06_lab_report/lab_report_011_Vibration_Damping_Cantilever_EN.json,02_education/06_lab_report/lab_report_011_Vibration_Damping_Cantilever_EN.html,02_education/06_lab_report/lab_report_011_Vibration_Damping_Cantilever_EN.png,02_education/06_lab_report/lab_report_011_Vibration_Damping_Cantilever_EN.png,02_education/06_lab_report/lab_report_011_Vibration_Damping_Cantilever_EN__real_screenshot_na_na_na.png,screenshot_compressed,截图+转发压缩,无(纯数字),无,无,02_education/06_lab_report/lab_report_011_Vibration_Damping_Cantilever_EN.png,true
02_education/06_lab_report/lab_report_012_无机化学_配合物,02_education,06_lab_report,02_education/06_lab_report/lab_report_012_无机化学_配合物.json,02_education/06_lab_report/lab_report_012_无机化学_配合物.html,02_education/06_lab_report/lab_report_012_无机化学_配合物.png,02_education/06_lab_report/lab_report_012_无机化学_配合物.png,02_education/06_lab_report/lab_report_012_无机化学_配合物__real_phone_handheld_normal_oblique.png,phone_handheld_indoor_normal_oblique,手机拍纸质文档,平整(手持),室内正常光,斜拍(30-45度),02_education/06_lab_report/lab_report_012_无机化学_配合物.png,true
02_education/06_lab_report/lab_report_014_酶动力学实验,02_education,06_lab_report,02_education/06_lab_report/lab_report_014_酶动力学实验.json,02_education/06_lab_report/lab_report_014_酶动力学实验.html,02_education/06_lab_report/lab_report_014_酶动力学实验.png,02_education/06_lab_report/lab_report_014_酶动力学实验.png,02_education/06_lab_report/lab_report_014_酶动力学实验__real_phone_flat_normal_top.png,phone_flat_indoor_normal_top,手机拍纸质文档,平整,室内正常光,俯拍,02_education/06_lab_report/lab_report_014_酶动力学实验.png,true
02_education/06_lab_report/lab_report_015_混凝土配合比,02_education,06_lab_report,02_education/06_lab_report/lab_report_015_混凝土配合比.json,02_education/06_lab_report/lab_report_015_混凝土配合比.html,02_education/06_lab_report/lab_report_015_混凝土配合比.png,02_education/06_lab_report/lab_report_015_混凝土配合比.png,02_education/06_lab_report/lab_report_015_混凝土配合比__real_phone_handheld_normal_oblique.png,phone_handheld_indoor_normal_oblique,手机拍纸质文档,平整(手持),室内正常光,斜拍(30-45度),02_education/06_lab_report/lab_report_015_混凝土配合比.png,true
02_education/06_lab_report/lab_report_017_Water_Quality_River_EN,02_education,06_lab_report,02_education/06_lab_report/lab_report_017_Water_Quality_River_EN.json,02_education/06_lab_report/lab_report_017_Water_Quality_River_EN.html,02_education/06_lab_report/lab_report_017_Water_Quality_River_EN.png,02_education/06_lab_report/lab_report_017_Water_Quality_River_EN.png,02_education/06_lab_report/lab_report_017_Water_Quality_River_EN__real_phone_flat_normal_top.png,phone_flat_indoor_normal_top,手机拍纸质文档,平整,室内正常光,俯拍,02_education/06_lab_report/lab_report_017_Water_Quality_River_EN.png,true
02_education/06_lab_report/lab_report_019_Drosophila_Genetics,02_education,06_lab_report,02_education/06_lab_report/lab_report_019_Drosophila_Genetics.json,02_education/06_lab_report/lab_report_019_Drosophila_Genetics.html,02_education/06_lab_report/lab_report_019_Drosophila_Genetics.png,02_education/06_lab_report/lab_report_019_Drosophila_Genetics.png,02_education/06_lab_report/lab_report_019_Drosophila_Genetics__real_phone_handheld_normal_oblique.png,phone_handheld_indoor_normal_oblique,手机拍纸质文档,平整(手持),室内正常光,斜拍(30-45度),02_education/06_lab_report/lab_report_019_Drosophila_Genetics.png,true
02_education/06_lab_report/lab_report_029_CNN_Image_Classification,02_education,06_lab_report,02_education/06_lab_report/lab_report_029_CNN_Image_Classification.json,02_education/06_lab_report/lab_report_029_CNN_Image_Classification.html,02_education/06_lab_report/lab_report_029_CNN_Image_Classification.png,02_education/06_lab_report/lab_report_029_CNN_Image_Classification.png,02_education/06_lab_report/lab_report_029_CNN_Image_Classification__real_phone_flat_normal_top.png,phone_flat_indoor_normal_top,手机拍纸质文档,平整,室内正常光,俯拍,02_education/06_lab_report/lab_report_029_CNN_Image_Classification.png,true
02_education/06_lab_report/lab_report_030_mixed_植物组织培养,02_education,06_lab_report,02_education/06_lab_report/lab_report_030_mixed_植物组织培养.json,02_education/06_lab_report/lab_report_030_mixed_植物组织培养.html,02_education/06_lab_report/lab_report_030_mixed_植物组织培养.png,02_education/06_lab_report/lab_report_030_mixed_植物组织培养.png,02_education/06_lab_report/lab_report_030_mixed_植物组织培养__real_phone_handheld_normal_oblique.png,phone_handheld_indoor_normal_oblique,手机拍纸质文档,平整(手持),室内正常光,斜拍(30-45度),02_education/06_lab_report/lab_report_030_mixed_植物组织培养.png,true
02_education/06_lab_report/lab_report_031_Astronomy_Spectral,02_education,06_lab_report,02_education/06_lab_report/lab_report_031_Astronomy_Spectral.json,02_education/06_lab_report/lab_report_031_Astronomy_Spectral.html,02_education/06_lab_report/lab_report_031_Astronomy_Spectral.png,02_education/06_lab_report/lab_report_031_Astronomy_Spectral.png,02_education/06_lab_report/lab_report_031_Astronomy_Spectral__real_screenshot_na_na_na.png,phone_flat_indoor_normal_top,手机拍纸质文档,平整,室内正常光,俯拍,02_education/06_lab_report/lab_report_031_Astronomy_Spectral.png,true
02_education/06_lab_report/lab_report_032_水质监测实验报告,02_education,06_lab_report,02_education/06_lab_report/lab_report_032_水质监测实验报告.json,02_education/06_lab_report/lab_report_032_水质监测实验报告.html,02_education/06_lab_report/lab_report_032_水质监测实验报告.png,02_education/06_lab_report/lab_report_032_水质监测实验报告.png,02_education/06_lab_report/lab_report_032_水质监测实验报告__real_phone_handheld_normal_oblique.png,phone_handheld_indoor_normal_oblique,手机拍纸质文档,平整(手持),室内正常光,斜拍(30-45度),02_education/06_lab_report/lab_report_032_水质监测实验报告.png,true
02_education/06_lab_report/lab_report_033_Astronomy_Variable_Stars,02_education,06_lab_report,02_education/06_lab_report/lab_report_033_Astronomy_Variable_Stars.json,02_education/06_lab_report/lab_report_033_Astronomy_Variable_Stars.html,02_education/06_lab_report/lab_report_033_Astronomy_Variable_Stars.png,02_education/06_lab_report/lab_report_033_Astronomy_Variable_Stars.png,02_education/06_lab_report/lab_report_033_Astronomy_Variable_Stars__real_phone_flat_normal_top.png,phone_flat_indoor_normal_top,手机拍纸质文档,平整,室内正常光,俯拍,02_education/06_lab_report/lab_report_033_Astronomy_Variable_Stars.png,true
02_education/06_lab_report/lab_report_033_ECG_BP_Exercise,02_education,06_lab_report,02_education/06_lab_report/lab_report_033_ECG_BP_Exercise.json,02_education/06_lab_report/lab_report_033_ECG_BP_Exercise.html,02_education/06_lab_report/lab_report_033_ECG_BP_Exercise.png,02_education/06_lab_report/lab_report_033_ECG_BP_Exercise.png,02_education/06_lab_report/lab_report_033_ECG_BP_Exercise__real_phone_handheld_normal_oblique.png,phone_handheld_indoor_normal_oblique,手机拍纸质文档,平整(手持),室内正常光,斜拍(30-45度),02_education/06_lab_report/lab_report_033_ECG_BP_Exercise.png,true
02_education/06_lab_report/lab_report_034_移动机器人实验报告,02_education,06_lab_report,02_education/06_lab_report/lab_report_034_移动机器人实验报告.json,02_education/06_lab_report/lab_report_034_移动机器人实验报告.html,02_education/06_lab_report/lab_report_034_移动机器人实验报告.png,02_education/06_lab_report/lab_report_034_移动机器人实验报告.png,02_education/06_lab_report/lab_report_034_移动机器人实验报告__real_phone_flat_flash_top.png,phone_flat_flash_top,手机拍纸质文档,平整,闪光灯,俯拍,02_education/06_lab_report/lab_report_034_移动机器人实验报告.png,true
02_education/06_lab_report/lab_report_035_CV_Denoising,02_education,06_lab_report,02_education/06_lab_report/lab_report_035_CV_Denoising.json,02_education/06_lab_report/lab_report_035_CV_Denoising.html,02_education/06_lab_report/lab_report_035_CV_Denoising.png,02_education/06_lab_report/lab_report_035_CV_Denoising.png,02_education/06_lab_report/lab_report_035_CV_Denoising__real_phone_handheld_normal_oblique.png,phone_handheld_indoor_normal_oblique,手机拍纸质文档,平整(手持),室内正常光,斜拍(30-45度),02_education/06_lab_report/lab_report_035_CV_Denoising.png,true
02_education/06_lab_report/lab_report_035_Organic_Esterification,02_education,06_lab_report,02_education/06_lab_report/lab_report_035_Organic_Esterification.json,02_education/06_lab_report/lab_report_035_Organic_Esterification.html,02_education/06_lab_report/lab_report_035_Organic_Esterification.png,02_education/06_lab_report/lab_report_035_Organic_Esterification.png,02_education/06_lab_report/lab_report_035_Organic_Esterification__real_phone_flat_normal_top.png,phone_flat_indoor_normal_top,手机拍纸质文档,平整,室内正常光,俯拍,02_education/06_lab_report/lab_report_035_Organic_Esterification.png,true
02_education/06_lab_report/lab_report_036_维生素C含量变化测定,02_education,06_lab_report,02_education/06_lab_report/lab_report_036_维生素C含量变化测定.json,02_education/06_lab_report/lab_report_036_维生素C含量变化测定.html,02_education/06_lab_report/lab_report_036_维生素C含量变化测定.png,02_education/06_lab_report/lab_report_036_维生素C含量变化测定.png,02_education/06_lab_report/lab_report_036_维生素C含量变化测定__real_phone_handheld_normal_oblique.png,phone_handheld_indoor_normal_oblique,手机拍纸质文档,平整(手持),室内正常光,斜拍(30-45度),02_education/06_lab_report/lab_report_036_维生素C含量变化测定.png,true
03_legal_gov/01_gov_document/gov_document_001_联合发文通知,03_legal_gov,01_gov_document,03_legal_gov/01_gov_document/gov_document_001_联合发文通知.json,03_legal_gov/01_gov_document/gov_document_001_联合发文通知.html,03_legal_gov/01_gov_document/gov_document_001_联合发文通知.png,03_legal_gov/01_gov_document/gov_document_001_联合发文通知.png,03_legal_gov/01_gov_document/gov_document_001_联合发文通知__real_phone_photocopy_photocopy_normal_top.png,phone_photocopy,手机拍复印件,复印件,室内正常光,俯拍,03_legal_gov/01_gov_document/gov_document_001_联合发文通知.png,true
03_legal_gov/01_gov_document/gov_document_002_国务院批复,03_legal_gov,01_gov_document,03_legal_gov/01_gov_document/gov_document_002_国务院批复.json,03_legal_gov/01_gov_document/gov_document_002_国务院批复.html,03_legal_gov/01_gov_document/gov_document_002_国务院批复.png,03_legal_gov/01_gov_document/gov_document_002_国务院批复.png,03_legal_gov/01_gov_document/gov_document_002_国务院批复__real_phone_photocopy.png,phone_photocopy,手机拍复印件,复印件,室内正常光,俯拍,03_legal_gov/01_gov_document/gov_document_002_国务院批复.png,true
03_legal_gov/01_gov_document/gov_document_003_部门联合发文_通知,03_legal_gov,01_gov_document,03_legal_gov/01_gov_document/gov_document_003_部门联合发文_通知.json,03_legal_gov/01_gov_document/gov_document_003_部门联合发文_通知.html,03_legal_gov/01_gov_document/gov_document_003_部门联合发文_通知.png,03_legal_gov/01_gov_document/gov_document_003_部门联合发文_通知.png,03_legal_gov/01_gov_document/gov_document_003_部门联合发文_通知__real_phone_photocopy_photocopy_normal_top.png,phone_photocopy,手机拍复印件,复印件,室内正常光,俯拍,03_legal_gov/01_gov_document/gov_document_003_部门联合发文_通知.png,true
03_legal_gov/01_gov_document/gov_document_004_地方政府意见,03_legal_gov,01_gov_document,03_legal_gov/01_gov_document/gov_document_004_地方政府意见.json,03_legal_gov/01_gov_document/gov_document_004_地方政府意见.html,03_legal_gov/01_gov_document/gov_document_004_地方政府意见.png,03_legal_gov/01_gov_document/gov_document_004_地方政府意见.png,03_legal_gov/01_gov_document/gov_document_004_地方政府意见__real_phone_photocopy_photocopy_normal_top.png,phone_photocopy,手机拍复印件,复印件,室内正常光,俯拍,03_legal_gov/01_gov_document/gov_document_004_地方政府意见.png,true
03_legal_gov/01_gov_document/gov_document_005_会议纪要,03_legal_gov,01_gov_document,03_legal_gov/01_gov_document/gov_document_005_会议纪要.json,03_legal_gov/01_gov_document/gov_document_005_会议纪要.html,03_legal_gov/01_gov_document/gov_document_005_会议纪要.png,03_legal_gov/01_gov_document/gov_document_005_会议纪要.png,03_legal_gov/01_gov_document/gov_document_005_会议纪要__real_phone_photocopy_photocopy_normal_top.png,phone_photocopy,手机拍复印件,复印件,室内正常光,俯拍,03_legal_gov/01_gov_document/gov_document_005_会议纪要.png,true
03_legal_gov/01_gov_document/gov_document_006_国务院令_行政法规,03_legal_gov,01_gov_document,03_legal_gov/01_gov_document/gov_document_006_国务院令_行政法规.json,03_legal_gov/01_gov_document/gov_document_006_国务院令_行政法规.html,03_legal_gov/01_gov_document/gov_document_006_国务院令_行政法规.png,03_legal_gov/01_gov_document/gov_document_006_国务院令_行政法规.png,03_legal_gov/01_gov_document/gov_document_006_国务院令_行政法规__real_phone_photocopy_photocopy_normal_top.png,phone_photocopy,手机拍复印件,复印件,室内正常光,俯拍,03_legal_gov/01_gov_document/gov_document_006_国务院令_行政法规.png,true
03_legal_gov/01_gov_document/gov_document_007_UN_Resolution_EN,03_legal_gov,01_gov_document,03_legal_gov/01_gov_document/gov_document_007_UN_Resolution_EN.json,03_legal_gov/01_gov_document/gov_document_007_UN_Resolution_EN.html,03_legal_gov/01_gov_document/gov_document_007_UN_Resolution_EN.png,03_legal_gov/01_gov_document/gov_document_007_UN_Resolution_EN.png,03_legal_gov/01_gov_document/gov_document_007_UN_Resolution_EN__real_phone_photocopy_photocopy_normal_top.png,phone_photocopy,手机拍复印件,复印件,室内正常光,俯拍,03_legal_gov/01_gov_document/gov_document_007_UN_Resolution_EN.png,true
03_legal_gov/01_gov_document/gov_document_008_中美双语_合作备忘录,03_legal_gov,01_gov_document,03_legal_gov/01_gov_document/gov_document_008_中美双语_合作备忘录.json,03_legal_gov/01_gov_document/gov_document_008_中美双语_合作备忘录.html,03_legal_gov/01_gov_document/gov_document_008_中美双语_合作备忘录.png,03_legal_gov/01_gov_document/gov_document_008_中美双语_合作备忘录.png,03_legal_gov/01_gov_document/gov_document_008_中美双语_合作备忘录__real_phone_photocopy.png,phone_photocopy,手机拍复印件,复印件,室内正常光,俯拍,03_legal_gov/01_gov_document/gov_document_008_中美双语_合作备忘录.png,true
03_legal_gov/01_gov_document/gov_document_009_EU_Official_Journal,03_legal_gov,01_gov_document,03_legal_gov/01_gov_document/gov_document_009_EU_Official_Journal.json,03_legal_gov/01_gov_document/gov_document_009_EU_Official_Journal.html,03_legal_gov/01_gov_document/gov_document_009_EU_Official_Journal.png,03_legal_gov/01_gov_document/gov_document_009_EU_Official_Journal.png,03_legal_gov/01_gov_document/gov_document_009_EU_Official_Journal__real_phone_photocopy_photocopy_normal_top.png,phone_photocopy,手机拍复印件,复印件,室内正常光,俯拍,03_legal_gov/01_gov_document/gov_document_009_EU_Official_Journal.png,true
03_legal_gov/01_gov_document/gov_document_010_招标公告_中英,03_legal_gov,01_gov_document,03_legal_gov/01_gov_document/gov_document_010_招标公告_中英.json,03_legal_gov/01_gov_document/gov_document_010_招标公告_中英.html,03_legal_gov/01_gov_document/gov_document_010_招标公告_中英.png,03_legal_gov/01_gov_document/gov_document_010_招标公告_中英.png,03_legal_gov/01_gov_document/gov_document_010_招标公告_中英__real_phone_photocopy.png,phone_photocopy,手机拍复印件,复印件,室内正常光,俯拍,03_legal_gov/01_gov_document/gov_document_010_招标公告_中英.png,true
03_legal_gov/01_gov_document/gov_document_011_多部门联合规范性文件,03_legal_gov,01_gov_document,03_legal_gov/01_gov_document/gov_document_011_多部门联合规范性文件.json,03_legal_gov/01_gov_document/gov_document_011_多部门联合规范性文件.html,03_legal_gov/01_gov_document/gov_document_011_多部门联合规范性文件.png,03_legal_gov/01_gov_document/gov_document_011_多部门联合规范性文件.png,03_legal_gov/01_gov_document/gov_document_011_多部门联合规范性文件__real_phone_photocopy_photocopy_normal_top.png,phone_photocopy,手机拍复印件,复印件,室内正常光,俯拍,03_legal_gov/01_gov_document/gov_document_011_多部门联合规范性文件.png,true
03_legal_gov/01_gov_document/gov_document_012_国务院行政法规汇编,03_legal_gov,01_gov_document,03_legal_gov/01_gov_document/gov_document_012_国务院行政法规汇编.json,03_legal_gov/01_gov_document/gov_document_012_国务院行政法规汇编.html,03_legal_gov/01_gov_document/gov_document_012_国务院行政法规汇编.png,03_legal_gov/01_gov_document/gov_document_012_国务院行政法规汇编.png,03_legal_gov/01_gov_document/gov_document_012_国务院行政法规汇编__real_phone_photocopy.png,phone_photocopy,手机拍复印件,复印件,室内正常光,俯拍,03_legal_gov/01_gov_document/gov_document_012_国务院行政法规汇编.png,true
03_legal_gov/01_gov_document/gov_document_013_国务院令_数据出境,03_legal_gov,01_gov_document,03_legal_gov/01_gov_document/gov_document_013_国务院令_数据出境.json,03_legal_gov/01_gov_document/gov_document_013_国务院令_数据出境.html,03_legal_gov/01_gov_document/gov_document_013_国务院令_数据出境.png,03_legal_gov/01_gov_document/gov_document_013_国务院令_数据出境.png,03_legal_gov/01_gov_document/gov_document_013_国务院令_数据出境__real_phone_photocopy_photocopy_normal_top.png,phone_photocopy,手机拍复印件,复印件,室内正常光,俯拍,03_legal_gov/01_gov_document/gov_document_013_国务院令_数据出境.png,true
03_legal_gov/01_gov_document/gov_document_014_应急部令_突发事件分级,03_legal_gov,01_gov_document,03_legal_gov/01_gov_document/gov_document_014_应急部令_突发事件分级.json,03_legal_gov/01_gov_document/gov_document_014_应急部令_突发事件分级.html,03_legal_gov/01_gov_document/gov_document_014_应急部令_突发事件分级.png,03_legal_gov/01_gov_document/gov_document_014_应急部令_突发事件分级.png,03_legal_gov/01_gov_document/gov_document_014_应急部令_突发事件分级__real_phone_photocopy_photocopy_normal_top.png,phone_photocopy,手机拍复印件,复印件,室内正常光,俯拍,03_legal_gov/01_gov_document/gov_document_014_应急部令_突发事件分级.png,true
03_legal_gov/01_gov_document/gov_document_015_深圳市公告_预算执行,03_legal_gov,01_gov_document,03_legal_gov/01_gov_document/gov_document_015_深圳市公告_预算执行.json,03_legal_gov/01_gov_document/gov_document_015_深圳市公告_预算执行.html,03_legal_gov/01_gov_document/gov_document_015_深圳市公告_预算执行.png,03_legal_gov/01_gov_document/gov_document_015_深圳市公告_预算执行.png,03_legal_gov/01_gov_document/gov_document_015_深圳市公告_预算执行__real_phone_photocopy_photocopy_normal_top.png,phone_photocopy,手机拍复印件,复印件,室内正常光,俯拍,03_legal_gov/01_gov_document/gov_document_015_深圳市公告_预算执行.png,true
03_legal_gov/01_gov_document/gov_document_016_行政许可决定书,03_legal_gov,01_gov_document,03_legal_gov/01_gov_document/gov_document_016_行政许可决定书.json,03_legal_gov/01_gov_document/gov_document_016_行政许可决定书.html,03_legal_gov/01_gov_document/gov_document_016_行政许可决定书.png,03_legal_gov/01_gov_document/gov_document_016_行政许可决定书.png,03_legal_gov/01_gov_document/gov_document_016_行政许可决定书__real_phone_photocopy_photocopy_normal_top.png,phone_photocopy,手机拍复印件,复印件,室内正常光,俯拍,03_legal_gov/01_gov_document/gov_document_016_行政许可决定书.png,true
03_legal_gov/01_gov_document/gov_document_017_政府采购中标公告,03_legal_gov,01_gov_document,03_legal_gov/01_gov_document/gov_document_017_政府采购中标公告.json,03_legal_gov/01_gov_document/gov_document_017_政府采购中标公告.html,03_legal_gov/01_gov_document/gov_document_017_政府采购中标公告.png,03_legal_gov/01_gov_document/gov_document_017_政府采购中标公告.png,03_legal_gov/01_gov_document/gov_document_017_政府采购中标公告__real_phone_photocopy_photocopy_normal_top.png,phone_photocopy,手机拍复印件,复印件,室内正常光,俯拍,03_legal_gov/01_gov_document/gov_document_017_政府采购中标公告.png,true
03_legal_gov/01_gov_document/gov_document_018_Executive_Order_EN,03_legal_gov,01_gov_document,03_legal_gov/01_gov_document/gov_document_018_Executive_Order_EN.json,03_legal_gov/01_gov_document/gov_document_018_Executive_Order_EN.html,03_legal_gov/01_gov_document/gov_document_018_Executive_Order_EN.png,03_legal_gov/01_gov_document/gov_document_018_Executive_Order_EN.png,03_legal_gov/01_gov_document/gov_document_018_Executive_Order_EN__real_phone_photocopy.png,phone_photocopy,手机拍复印件,复印件,室内正常光,俯拍,03_legal_gov/01_gov_document/gov_document_018_Executive_Order_EN.png,true
03_legal_gov/01_gov_document/gov_document_019_Federal_Register_Notice_EN,03_legal_gov,01_gov_document,03_legal_gov/01_gov_document/gov_document_019_Federal_Register_Notice_EN.json,03_legal_gov/01_gov_document/gov_document_019_Federal_Register_Notice_EN.html,03_legal_gov/01_gov_document/gov_document_019_Federal_Register_Notice_EN.png,03_legal_gov/01_gov_document/gov_document_019_Federal_Register_Notice_EN.png,03_legal_gov/01_gov_document/gov_document_019_Federal_Register_Notice_EN__real_phone_photocopy_photocopy_normal_top.png,phone_photocopy,手机拍复印件,复印件,室内正常光,俯拍,03_legal_gov/01_gov_document/gov_document_019_Federal_Register_Notice_EN.png,true
03_legal_gov/01_gov_document/gov_document_020_Municipal_Ordinance_EN,03_legal_gov,01_gov_document,03_legal_gov/01_gov_document/gov_document_020_Municipal_Ordinance_EN.json,03_legal_gov/01_gov_document/gov_document_020_Municipal_Ordinance_EN.html,03_legal_gov/01_gov_document/gov_document_020_Municipal_Ordinance_EN.png,03_legal_gov/01_gov_document/gov_document_020_Municipal_Ordinance_EN.png,03_legal_gov/01_gov_document/gov_document_020_Municipal_Ordinance_EN__real_phone_photocopy.png,phone_photocopy,手机拍复印件,复印件,室内正常光,俯拍,03_legal_gov/01_gov_document/gov_document_020_Municipal_Ordinance_EN.png,true
03_legal_gov/01_gov_document/gov_document_021_中英双语政府公告,03_legal_gov,01_gov_document,03_legal_gov/01_gov_document/gov_document_021_中英双语政府公告.json,03_legal_gov/01_gov_document/gov_document_021_中英双语政府公告.html,03_legal_gov/01_gov_document/gov_document_021_中英双语政府公告.png,03_legal_gov/01_gov_document/gov_document_021_中英双语政府公告.png,03_legal_gov/01_gov_document/gov_document_021_中英双语政府公告__real_phone_photocopy_photocopy_normal_top.png,phone_photocopy,手机拍复印件,复印件,室内正常光,俯拍,03_legal_gov/01_gov_document/gov_document_021_中英双语政府公告.png,true
03_legal_gov/01_gov_document/gov_document_022_省级红头函,03_legal_gov,01_gov_document,03_legal_gov/01_gov_document/gov_document_022_省级红头函.json,03_legal_gov/01_gov_document/gov_document_022_省级红头函.html,03_legal_gov/01_gov_document/gov_document_022_省级红头函.png,03_legal_gov/01_gov_document/gov_document_022_省级红头函.png,03_legal_gov/01_gov_document/gov_document_022_省级红头函__real_phone_photocopy_photocopy_normal_top.png,phone_photocopy,手机拍复印件,复印件,室内正常光,俯拍,03_legal_gov/01_gov_document/gov_document_022_省级红头函.png,true
03_legal_gov/01_gov_document/gov_document_023_UK_Parliamentary_Act,03_legal_gov,01_gov_document,03_legal_gov/01_gov_document/gov_document_023_UK_Parliamentary_Act.json,03_legal_gov/01_gov_document/gov_document_023_UK_Parliamentary_Act.html,03_legal_gov/01_gov_document/gov_document_023_UK_Parliamentary_Act.png,03_legal_gov/01_gov_document/gov_document_023_UK_Parliamentary_Act.png,03_legal_gov/01_gov_document/gov_document_023_UK_Parliamentary_Act__real_phone_photocopy_photocopy_normal_top.png,phone_photocopy,手机拍复印件,复印件,室内正常光,俯拍,03_legal_gov/01_gov_document/gov_document_023_UK_Parliamentary_Act.png,true
03_legal_gov/01_gov_document/gov_document_024_US_Federal_Register,03_legal_gov,01_gov_document,03_legal_gov/01_gov_document/gov_document_024_US_Federal_Register.json,03_legal_gov/01_gov_document/gov_document_024_US_Federal_Register.html,03_legal_gov/01_gov_document/gov_document_024_US_Federal_Register.png,03_legal_gov/01_gov_document/gov_document_024_US_Federal_Register.png,03_legal_gov/01_gov_document/gov_document_024_US_Federal_Register__real_phone_photocopy_photocopy_normal_top.png,phone_photocopy,手机拍复印件,复印件,室内正常光,俯拍,03_legal_gov/01_gov_document/gov_document_024_US_Federal_Register.png,true
03_legal_gov/01_gov_document/gov_document_025_EU_Commission_Decision,03_legal_gov,01_gov_document,03_legal_gov/01_gov_document/gov_document_025_EU_Commission_Decision.json,03_legal_gov/01_gov_document/gov_document_025_EU_Commission_Decision.html,03_legal_gov/01_gov_document/gov_document_025_EU_Commission_Decision.png,03_legal_gov/01_gov_document/gov_document_025_EU_Commission_Decision.png,03_legal_gov/01_gov_document/gov_document_025_EU_Commission_Decision__real_phone_photocopy_photocopy_normal_top.png,phone_photocopy,手机拍复印件,复印件,室内正常光,俯拍,03_legal_gov/01_gov_document/gov_document_025_EU_Commission_Decision.png,true
03_legal_gov/01_gov_document/gov_document_026_国家标准_关键信息基础设施,03_legal_gov,01_gov_document,03_legal_gov/01_gov_document/gov_document_026_国家标准_关键信息基础设施.json,03_legal_gov/01_gov_document/gov_document_026_国家标准_关键信息基础设施.html,03_legal_gov/01_gov_document/gov_document_026_国家标准_关键信息基础设施.png,03_legal_gov/01_gov_document/gov_document_026_国家标准_关键信息基础设施.png,03_legal_gov/01_gov_document/gov_document_026_国家标准_关键信息基础设施__real_phone_photocopy.png,phone_photocopy,手机拍复印件,复印件,室内正常光,俯拍,03_legal_gov/01_gov_document/gov_document_026_国家标准_关键信息基础设施.png,true
03_legal_gov/01_gov_document/gov_document_027_INTERPOL_Red_Notice,03_legal_gov,01_gov_document,03_legal_gov/01_gov_document/gov_document_027_INTERPOL_Red_Notice.json,03_legal_gov/01_gov_document/gov_document_027_INTERPOL_Red_Notice.html,03_legal_gov/01_gov_document/gov_document_027_INTERPOL_Red_Notice.png,03_legal_gov/01_gov_document/gov_document_027_INTERPOL_Red_Notice.png,03_legal_gov/01_gov_document/gov_document_027_INTERPOL_Red_Notice__real_phone_photocopy_photocopy_normal_top.png,phone_photocopy,手机拍复印件,复印件,室内正常光,俯拍,03_legal_gov/01_gov_document/gov_document_027_INTERPOL_Red_Notice.png,true
03_legal_gov/01_gov_document/gov_document_028_UN_Security_Council_Resolution,03_legal_gov,01_gov_document,03_legal_gov/01_gov_document/gov_document_028_UN_Security_Council_Resolution.json,03_legal_gov/01_gov_document/gov_document_028_UN_Security_Council_Resolution.html,03_legal_gov/01_gov_document/gov_document_028_UN_Security_Council_Resolution.png,03_legal_gov/01_gov_document/gov_document_028_UN_Security_Council_Resolution.png,03_legal_gov/01_gov_document/gov_document_028_UN_Security_Council_Resolution__real_phone_photocopy_photocopy_normal_top.png,phone_photocopy,手机拍复印件,复印件,室内正常光,俯拍,03_legal_gov/01_gov_document/gov_document_028_UN_Security_Council_Resolution.png,true
03_legal_gov/01_gov_document/gov_document_029_最高法司法解释_AIGC著作权,03_legal_gov,01_gov_document,03_legal_gov/01_gov_document/gov_document_029_最高法司法解释_AIGC著作权.json,03_legal_gov/01_gov_document/gov_document_029_最高法司法解释_AIGC著作权.html,03_legal_gov/01_gov_document/gov_document_029_最高法司法解释_AIGC著作权.png,03_legal_gov/01_gov_document/gov_document_029_最高法司法解释_AIGC著作权.png,03_legal_gov/01_gov_document/gov_document_029_最高法司法解释_AIGC著作权__real_phone_photocopy_photocopy_normal_top.png,phone_photocopy,手机拍复印件,复印件,室内正常光,俯拍,03_legal_gov/01_gov_document/gov_document_029_最高法司法解释_AIGC著作权.png,true
03_legal_gov/01_gov_document/gov_document_030_海关进出口报关单,03_legal_gov,01_gov_document,03_legal_gov/01_gov_document/gov_document_030_海关进出口报关单.json,03_legal_gov/01_gov_document/gov_document_030_海关进出口报关单.html,03_legal_gov/01_gov_document/gov_document_030_海关进出口报关单.png,03_legal_gov/01_gov_document/gov_document_030_海关进出口报关单.png,03_legal_gov/01_gov_document/gov_document_030_海关进出口报关单__real_phone_photocopy_photocopy_normal_top.png,phone_photocopy,手机拍复印件,复印件,室内正常光,俯拍,03_legal_gov/01_gov_document/gov_document_030_海关进出口报关单.png,true
03_legal_gov/02_court_document/court_document_001_民事判决书,03_legal_gov,02_court_document,03_legal_gov/02_court_document/court_document_001_民事判决书.json,03_legal_gov/02_court_document/court_document_001_民事判决书.html,03_legal_gov/02_court_document/court_document_001_民事判决书.png,03_legal_gov/02_court_document/court_document_001_民事判决书.png,03_legal_gov/02_court_document/court_document_001_民事判决书__real_phone_photocopy_photocopy_normal_top.png,phone_photocopy,手机拍复印件,复印件,室内正常光,俯拍,03_legal_gov/02_court_document/court_document_001_民事判决书.png,true
03_legal_gov/02_court_document/court_document_002_民事裁定书,03_legal_gov,02_court_document,03_legal_gov/02_court_document/court_document_002_民事裁定书.json,03_legal_gov/02_court_document/court_document_002_民事裁定书.html,03_legal_gov/02_court_document/court_document_002_民事裁定书.png,03_legal_gov/02_court_document/court_document_002_民事裁定书.png,03_legal_gov/02_court_document/court_document_002_民事裁定书__real_phone_photocopy.png,phone_photocopy,手机拍复印件,复印件,室内正常光,俯拍,03_legal_gov/02_court_document/court_document_002_民事裁定书.png,true
03_legal_gov/02_court_document/court_document_003_刑事判决书,03_legal_gov,02_court_document,03_legal_gov/02_court_document/court_document_003_刑事判决书.json,03_legal_gov/02_court_document/court_document_003_刑事判决书.html,03_legal_gov/02_court_document/court_document_003_刑事判决书.png,03_legal_gov/02_court_document/court_document_003_刑事判决书.png,03_legal_gov/02_court_document/court_document_003_刑事判决书__real_phone_photocopy_photocopy_normal_top.png,phone_photocopy,手机拍复印件,复印件,室内正常光,俯拍,03_legal_gov/02_court_document/court_document_003_刑事判决书.png,true
03_legal_gov/02_court_document/court_document_004_起诉状,03_legal_gov,02_court_document,03_legal_gov/02_court_document/court_document_004_起诉状.json,03_legal_gov/02_court_document/court_document_004_起诉状.html,03_legal_gov/02_court_document/court_document_004_起诉状.png,03_legal_gov/02_court_document/court_document_004_起诉状.png,03_legal_gov/02_court_document/court_document_004_起诉状__real_phone_photocopy_photocopy_normal_top.png,phone_photocopy,手机拍复印件,复印件,室内正常光,俯拍,03_legal_gov/02_court_document/court_document_004_起诉状.png,true
03_legal_gov/02_court_document/court_document_005_调解协议书,03_legal_gov,02_court_document,03_legal_gov/02_court_document/court_document_005_调解协议书.json,03_legal_gov/02_court_document/court_document_005_调解协议书.html,03_legal_gov/02_court_document/court_document_005_调解协议书.png,03_legal_gov/02_court_document/court_document_005_调解协议书.png,03_legal_gov/02_court_document/court_document_005_调解协议书__real_phone_photocopy.png,phone_photocopy,手机拍复印件,复印件,室内正常光,俯拍,03_legal_gov/02_court_document/court_document_005_调解协议书.png,true
03_legal_gov/02_court_document/court_document_006_行政裁定书,03_legal_gov,02_court_document,03_legal_gov/02_court_document/court_document_006_行政裁定书.json,03_legal_gov/02_court_document/court_document_006_行政裁定书.html,03_legal_gov/02_court_document/court_document_006_行政裁定书.png,03_legal_gov/02_court_document/court_document_006_行政裁定书.png,03_legal_gov/02_court_document/court_document_006_行政裁定书__real_phone_photocopy_photocopy_normal_top.png,phone_photocopy,手机拍复印件,复印件,室内正常光,俯拍,03_legal_gov/02_court_document/court_document_006_行政裁定书.png,true
03_legal_gov/02_court_document/court_document_007_US_Court_Opinion,03_legal_gov,02_court_document,03_legal_gov/02_court_document/court_document_007_US_Court_Opinion.json,03_legal_gov/02_court_document/court_document_007_US_Court_Opinion.html,03_legal_gov/02_court_document/court_document_007_US_Court_Opinion.png,03_legal_gov/02_court_document/court_document_007_US_Court_Opinion.png,03_legal_gov/02_court_document/court_document_007_US_Court_Opinion__real_screenshot_na_na_na.png,phone_photocopy,手机拍复印件,复印件,室内正常光,俯拍,03_legal_gov/02_court_document/court_document_007_US_Court_Opinion.png,true
03_legal_gov/02_court_document/court_document_008_仲裁裁决书,03_legal_gov,02_court_document,03_legal_gov/02_court_document/court_document_008_仲裁裁决书.json,03_legal_gov/02_court_document/court_document_008_仲裁裁决书.html,03_legal_gov/02_court_document/court_document_008_仲裁裁决书.png,03_legal_gov/02_court_document/court_document_008_仲裁裁决书.png,03_legal_gov/02_court_document/court_document_008_仲裁裁决书__real_phone_photocopy_photocopy_normal_top.jpg,phone_photocopy,手机拍复印件,复印件,室内正常光,俯拍,03_legal_gov/02_court_document/court_document_008_仲裁裁决书.png,true
03_legal_gov/02_court_document/court_document_009_知识产权判决书,03_legal_gov,02_court_document,03_legal_gov/02_court_document/court_document_009_知识产权判决书.json,03_legal_gov/02_court_document/court_document_009_知识产权判决书.html,03_legal_gov/02_court_document/court_document_009_知识产权判决书.png,03_legal_gov/02_court_document/court_document_009_知识产权判决书.png,03_legal_gov/02_court_document/court_document_009_知识产权判决书__real_phone_photocopy_photocopy_normal_top.png,phone_photocopy,手机拍复印件,复印件,室内正常光,俯拍,03_legal_gov/02_court_document/court_document_009_知识产权判决书.png,true
03_legal_gov/02_court_document/court_document_010_刑事附带民事判决书,03_legal_gov,02_court_document,03_legal_gov/02_court_document/court_document_010_刑事附带民事判决书.json,03_legal_gov/02_court_document/court_document_010_刑事附带民事判决书.html,03_legal_gov/02_court_document/court_document_010_刑事附带民事判决书.png,03_legal_gov/02_court_document/court_document_010_刑事附带民事判决书.png,03_legal_gov/02_court_document/court_document_010_刑事附带民事判决书__real_phone_photocopy.png,phone_photocopy,手机拍复印件,复印件,室内正常光,俯拍,03_legal_gov/02_court_document/court_document_010_刑事附带民事判决书.png,true
03_legal_gov/02_court_document/court_document_011_UK_High_Court_Judgment,03_legal_gov,02_court_document,03_legal_gov/02_court_document/court_document_011_UK_High_Court_Judgment.json,03_legal_gov/02_court_document/court_document_011_UK_High_Court_Judgment.html,03_legal_gov/02_court_document/court_document_011_UK_High_Court_Judgment.png,03_legal_gov/02_court_document/court_document_011_UK_High_Court_Judgment.png,03_legal_gov/02_court_document/court_document_011_UK_High_Court_Judgment__real_phone_photocopy_photocopy_normal_top.png,phone_photocopy,手机拍复印件,复印件,室内正常光,俯拍,03_legal_gov/02_court_document/court_document_011_UK_High_Court_Judgment.png,true
03_legal_gov/02_court_document/court_document_012_行政判决书_工伤认定,03_legal_gov,02_court_document,03_legal_gov/02_court_document/court_document_012_行政判决书_工伤认定.json,03_legal_gov/02_court_document/court_document_012_行政判决书_工伤认定.html,03_legal_gov/02_court_document/court_document_012_行政判决书_工伤认定.png,03_legal_gov/02_court_document/court_document_012_行政判决书_工伤认定.png,03_legal_gov/02_court_document/court_document_012_行政判决书_工伤认定__real_phone_photocopy_photocopy_normal_top.png,phone_photocopy,手机拍复印件,复印件,室内正常光,俯拍,03_legal_gov/02_court_document/court_document_012_行政判决书_工伤认定.png,true
03_legal_gov/02_court_document/court_document_013_执行异议裁定书_股权冻结,03_legal_gov,02_court_document,03_legal_gov/02_court_document/court_document_013_执行异议裁定书_股权冻结.json,03_legal_gov/02_court_document/court_document_013_执行异议裁定书_股权冻结.html,03_legal_gov/02_court_document/court_document_013_执行异议裁定书_股权冻结.png,03_legal_gov/02_court_document/court_document_013_执行异议裁定书_股权冻结.png,03_legal_gov/02_court_document/court_document_013_执行异议裁定书_股权冻结__real_phone_photocopy_photocopy_normal_top.png,phone_photocopy,手机拍复印件,复印件,室内正常光,俯拍,03_legal_gov/02_court_document/court_document_013_执行异议裁定书_股权冻结.png,true
03_legal_gov/02_court_document/court_document_014_二审民事判决书,03_legal_gov,02_court_document,03_legal_gov/02_court_document/court_document_014_二审民事判决书.json,03_legal_gov/02_court_document/court_document_014_二审民事判决书.html,03_legal_gov/02_court_document/court_document_014_二审民事判决书.png,03_legal_gov/02_court_document/court_document_014_二审民事判决书.png,03_legal_gov/02_court_document/court_document_014_二审民事判决书__real_phone_photocopy.png,phone_photocopy,手机拍复印件,复印件,室内正常光,俯拍,03_legal_gov/02_court_document/court_document_014_二审民事判决书.png,true
03_legal_gov/02_court_document/court_document_015_知识产权侵权判决,03_legal_gov,02_court_document,03_legal_gov/02_court_document/court_document_015_知识产权侵权判决.json,03_legal_gov/02_court_document/court_document_015_知识产权侵权判决.html,03_legal_gov/02_court_document/court_document_015_知识产权侵权判决.png,03_legal_gov/02_court_document/court_document_015_知识产权侵权判决.png,03_legal_gov/02_court_document/court_document_015_知识产权侵权判决__real_phone_photocopy_photocopy_normal_top.png,phone_photocopy,手机拍复印件,复印件,室内正常光,俯拍,03_legal_gov/02_court_document/court_document_015_知识产权侵权判决.png,true
03_legal_gov/02_court_document/court_document_016_仲裁裁决书_劳动,03_legal_gov,02_court_document,03_legal_gov/02_court_document/court_document_016_仲裁裁决书_劳动.json,03_legal_gov/02_court_document/court_document_016_仲裁裁决书_劳动.html,03_legal_gov/02_court_document/court_document_016_仲裁裁决书_劳动.png,03_legal_gov/02_court_document/court_document_016_仲裁裁决书_劳动.png,03_legal_gov/02_court_document/court_document_016_仲裁裁决书_劳动__real_phone_photocopy_photocopy_normal_top.png,phone_photocopy,手机拍复印件,复印件,室内正常光,俯拍,03_legal_gov/02_court_document/court_document_016_仲裁裁决书_劳动.png,true
03_legal_gov/02_court_document/court_document_017_CICC_国际商事法庭判决书,03_legal_gov,02_court_document,03_legal_gov/02_court_document/court_document_017_CICC_国际商事法庭判决书.json,03_legal_gov/02_court_document/court_document_017_CICC_国际商事法庭判决书.html,03_legal_gov/02_court_document/court_document_017_CICC_国际商事法庭判决书.png,03_legal_gov/02_court_document/court_document_017_CICC_国际商事法庭判决书.png,03_legal_gov/02_court_document/court_document_017_CICC_国际商事法庭判决书__real_phone_photocopy_photocopy_normal_top.png,phone_photocopy,手机拍复印件,复印件,室内正常光,俯拍,03_legal_gov/02_court_document/court_document_017_CICC_国际商事法庭判决书.png,true
03_legal_gov/02_court_document/court_document_018_US_Federal_Court_Opinion,03_legal_gov,02_court_document,03_legal_gov/02_court_document/court_document_018_US_Federal_Court_Opinion.json,03_legal_gov/02_court_document/court_document_018_US_Federal_Court_Opinion.html,03_legal_gov/02_court_document/court_document_018_US_Federal_Court_Opinion.png,03_legal_gov/02_court_document/court_document_018_US_Federal_Court_Opinion.png,03_legal_gov/02_court_document/court_document_018_US_Federal_Court_Opinion__real_phone_photocopy.png,phone_photocopy,手机拍复印件,复印件,室内正常光,俯拍,03_legal_gov/02_court_document/court_document_018_US_Federal_Court_Opinion.png,true
03_legal_gov/02_court_document/court_document_019_UK_High_Court_Judgment_EN,03_legal_gov,02_court_document,03_legal_gov/02_court_document/court_document_019_UK_High_Court_Judgment_EN.json,03_legal_gov/02_court_document/court_document_019_UK_High_Court_Judgment_EN.html,03_legal_gov/02_court_document/court_document_019_UK_High_Court_Judgment_EN.png,03_legal_gov/02_court_document/court_document_019_UK_High_Court_Judgment_EN.png,03_legal_gov/02_court_document/court_document_019_UK_High_Court_Judgment_EN__real_phone_photocopy_photocopy_normal_top.png,phone_photocopy,手机拍复印件,复印件,室内正常光,俯拍,03_legal_gov/02_court_document/court_document_019_UK_High_Court_Judgment_EN.png,true
03_legal_gov/02_court_document/court_document_020_Arbitration_Award_EN,03_legal_gov,02_court_document,03_legal_gov/02_court_document/court_document_020_Arbitration_Award_EN.json,03_legal_gov/02_court_document/court_document_020_Arbitration_Award_EN.html,03_legal_gov/02_court_document/court_document_020_Arbitration_Award_EN.png,03_legal_gov/02_court_document/court_document_020_Arbitration_Award_EN.png,03_legal_gov/02_court_document/court_document_020_Arbitration_Award_EN__real_phone_photocopy.png,phone_photocopy,手机拍复印件,复印件,室内正常光,俯拍,03_legal_gov/02_court_document/court_document_020_Arbitration_Award_EN.png,true
03_legal_gov/02_court_document/court_document_021_庭审笔录_金融借款,03_legal_gov,02_court_document,03_legal_gov/02_court_document/court_document_021_庭审笔录_金融借款.json,03_legal_gov/02_court_document/court_document_021_庭审笔录_金融借款.html,03_legal_gov/02_court_document/court_document_021_庭审笔录_金融借款.png,03_legal_gov/02_court_document/court_document_021_庭审笔录_金融借款.png,03_legal_gov/02_court_document/court_document_021_庭审笔录_金融借款__real_phone_photocopy_photocopy_normal_top.png,phone_photocopy,手机拍复印件,复印件,室内正常光,俯拍,03_legal_gov/02_court_document/court_document_021_庭审笔录_金融借款.png,true
03_legal_gov/02_court_document/court_document_022_海事法院船舶扣押令,03_legal_gov,02_court_document,03_legal_gov/02_court_document/court_document_022_海事法院船舶扣押令.json,03_legal_gov/02_court_document/court_document_022_海事法院船舶扣押令.html,03_legal_gov/02_court_document/court_document_022_海事法院船舶扣押令.png,03_legal_gov/02_court_document/court_document_022_海事法院船舶扣押令.png,03_legal_gov/02_court_document/court_document_022_海事法院船舶扣押令__real_phone_photocopy_photocopy_normal_top.png,phone_photocopy,手机拍复印件,复印件,室内正常光,俯拍,03_legal_gov/02_court_document/court_document_022_海事法院船舶扣押令.png,true
03_legal_gov/02_court_document/court_document_023_司法鉴定意见书_笔迹,03_legal_gov,02_court_document,03_legal_gov/02_court_document/court_document_023_司法鉴定意见书_笔迹.json,03_legal_gov/02_court_document/court_document_023_司法鉴定意见书_笔迹.html,03_legal_gov/02_court_document/court_document_023_司法鉴定意见书_笔迹.png,03_legal_gov/02_court_document/court_document_023_司法鉴定意见书_笔迹.png,03_legal_gov/02_court_document/court_document_023_司法鉴定意见书_笔迹__real_phone_photocopy.png,phone_photocopy,手机拍复印件,复印件,室内正常光,俯拍,03_legal_gov/02_court_document/court_document_023_司法鉴定意见书_笔迹.png,true
03_legal_gov/02_court_document/court_document_024_检察院起诉书_虚开发票,03_legal_gov,02_court_document,03_legal_gov/02_court_document/court_document_024_检察院起诉书_虚开发票.json,03_legal_gov/02_court_document/court_document_024_检察院起诉书_虚开发票.html,03_legal_gov/02_court_document/court_document_024_检察院起诉书_虚开发票.png,03_legal_gov/02_court_document/court_document_024_检察院起诉书_虚开发票.png,03_legal_gov/02_court_document/court_document_024_检察院起诉书_虚开发票__real_phone_photocopy_photocopy_normal_top.png,phone_photocopy,手机拍复印件,复印件,室内正常光,俯拍,03_legal_gov/02_court_document/court_document_024_检察院起诉书_虚开发票.png,true
03_legal_gov/02_court_document/court_document_025_公证书_涉外继承,03_legal_gov,02_court_document,03_legal_gov/02_court_document/court_document_025_公证书_涉外继承.json,03_legal_gov/02_court_document/court_document_025_公证书_涉外继承.html,03_legal_gov/02_court_document/court_document_025_公证书_涉外继承.png,03_legal_gov/02_court_document/court_document_025_公证书_涉外继承.png,03_legal_gov/02_court_document/court_document_025_公证书_涉外继承__real_screenshot_na_na_na.png,phone_photocopy,手机拍复印件,复印件,室内正常光,俯拍,03_legal_gov/02_court_document/court_document_025_公证书_涉外继承.png,true
03_legal_gov/03_notarial_document/notarial_document_001_房产继承公证书,03_legal_gov,03_notarial_document,03_legal_gov/03_notarial_document/notarial_document_001_房产继承公证书.json,03_legal_gov/03_notarial_document/notarial_document_001_房产继承公证书.html,03_legal_gov/03_notarial_document/notarial_document_001_房产继承公证书.png,03_legal_gov/03_notarial_document/notarial_document_001_房产继承公证书.png,03_legal_gov/03_notarial_document/notarial_document_001_房产继承公证书__real_phone_flat_normal_top.png,phone_flat_indoor_normal_top,手机拍纸质文档,平整,室内正常光,俯拍,03_legal_gov/03_notarial_document/notarial_document_001_房产继承公证书.png,true
03_legal_gov/03_notarial_document/notarial_document_002_Notarized_Translation_Certificate,03_legal_gov,03_notarial_document,03_legal_gov/03_notarial_document/notarial_document_002_Notarized_Translation_Certificate.json,03_legal_gov/03_notarial_document/notarial_document_002_Notarized_Translation_Certificate.html,03_legal_gov/03_notarial_document/notarial_document_002_Notarized_Translation_Certificate.png,03_legal_gov/03_notarial_document/notarial_document_002_Notarized_Translation_Certificate.png,03_legal_gov/03_notarial_document/notarial_document_002_Notarized_Translation_Certificate__real_phone_flat_normal_top.png,phone_flat_indoor_normal_top,手机拍纸质文档,平整,室内正常光,俯拍,03_legal_gov/03_notarial_document/notarial_document_002_Notarized_Translation_Certificate.png,true
03_legal_gov/03_notarial_document/notarial_document_003_遗嘱公证书,03_legal_gov,03_notarial_document,03_legal_gov/03_notarial_document/notarial_document_003_遗嘱公证书.json,03_legal_gov/03_notarial_document/notarial_document_003_遗嘱公证书.html,03_legal_gov/03_notarial_document/notarial_document_003_遗嘱公证书.png,03_legal_gov/03_notarial_document/notarial_document_003_遗嘱公证书.png,03_legal_gov/03_notarial_document/notarial_document_003_遗嘱公证书__real_screen_na_screen_screen.jpg,screen_photography,拍屏,无(屏幕显示),屏幕背光+室内光,手机对屏幕,03_legal_gov/03_notarial_document/notarial_document_003_遗嘱公证书.png,true
03_legal_gov/03_notarial_document/notarial_document_004_US_Escrow_Agreement,03_legal_gov,03_notarial_document,03_legal_gov/03_notarial_document/notarial_document_004_US_Escrow_Agreement.json,03_legal_gov/03_notarial_document/notarial_document_004_US_Escrow_Agreement.html,03_legal_gov/03_notarial_document/notarial_document_004_US_Escrow_Agreement.png,03_legal_gov/03_notarial_document/notarial_document_004_US_Escrow_Agreement.png,03_legal_gov/03_notarial_document/notarial_document_004_US_Escrow_Agreement__real_phone_flat_normal_top.png,phone_flat_indoor_normal_top,手机拍纸质文档,平整,室内正常光,俯拍,03_legal_gov/03_notarial_document/notarial_document_004_US_Escrow_Agreement.png,true
03_legal_gov/03_notarial_document/notarial_document_005_UK_Affidavit_of_Service,03_legal_gov,03_notarial_document,03_legal_gov/03_notarial_document/notarial_document_005_UK_Affidavit_of_Service.json,03_legal_gov/03_notarial_document/notarial_document_005_UK_Affidavit_of_Service.html,03_legal_gov/03_notarial_document/notarial_document_005_UK_Affidavit_of_Service.png,03_legal_gov/03_notarial_document/notarial_document_005_UK_Affidavit_of_Service.png,03_legal_gov/03_notarial_document/notarial_document_005_UK_Affidavit_of_Service__real_phone_flat_normal_top.png,phone_flat_indoor_normal_top,手机拍纸质文档,平整,室内正常光,俯拍,03_legal_gov/03_notarial_document/notarial_document_005_UK_Affidavit_of_Service.png,true
03_legal_gov/03_notarial_document/notarial_document_006_Notarized_Power_of_Attorney_EN,03_legal_gov,03_notarial_document,03_legal_gov/03_notarial_document/notarial_document_006_Notarized_Power_of_Attorney_EN.json,03_legal_gov/03_notarial_document/notarial_document_006_Notarized_Power_of_Attorney_EN.html,03_legal_gov/03_notarial_document/notarial_document_006_Notarized_Power_of_Attorney_EN.png,03_legal_gov/03_notarial_document/notarial_document_006_Notarized_Power_of_Attorney_EN.png,03_legal_gov/03_notarial_document/notarial_document_006_Notarized_Power_of_Attorney_EN__real_phone_flat_normal_top.jpg,phone_flat_indoor_normal_top,手机拍纸质文档,平整,室内正常光,俯拍,03_legal_gov/03_notarial_document/notarial_document_006_Notarized_Power_of_Attorney_EN.png,true
03_legal_gov/03_notarial_document/notarial_document_007_Certified_Translation_EN,03_legal_gov,03_notarial_document,03_legal_gov/03_notarial_document/notarial_document_007_Certified_Translation_EN.json,03_legal_gov/03_notarial_document/notarial_document_007_Certified_Translation_EN.html,03_legal_gov/03_notarial_document/notarial_document_007_Certified_Translation_EN.png,03_legal_gov/03_notarial_document/notarial_document_007_Certified_Translation_EN.png,03_legal_gov/03_notarial_document/notarial_document_007_Certified_Translation_EN__real_phone_flat_normal_top.png,phone_flat_indoor_normal_top,手机拍纸质文档,平整,室内正常光,俯拍,03_legal_gov/03_notarial_document/notarial_document_007_Certified_Translation_EN.png,true
03_legal_gov/03_notarial_document/notarial_document_008_Declaration_Under_Oath_EN,03_legal_gov,03_notarial_document,03_legal_gov/03_notarial_document/notarial_document_008_Declaration_Under_Oath_EN.json,03_legal_gov/03_notarial_document/notarial_document_008_Declaration_Under_Oath_EN.html,03_legal_gov/03_notarial_document/notarial_document_008_Declaration_Under_Oath_EN.png,03_legal_gov/03_notarial_document/notarial_document_008_Declaration_Under_Oath_EN.png,03_legal_gov/03_notarial_document/notarial_document_008_Declaration_Under_Oath_EN__real_phone_flat_normal_top.png,phone_flat_indoor_normal_top,手机拍纸质文档,平整,室内正常光,俯拍,03_legal_gov/03_notarial_document/notarial_document_008_Declaration_Under_Oath_EN.png,true
03_legal_gov/03_notarial_document/notarial_document_009_US_Corporate_Resolution,03_legal_gov,03_notarial_document,03_legal_gov/03_notarial_document/notarial_document_009_US_Corporate_Resolution.json,03_legal_gov/03_notarial_document/notarial_document_009_US_Corporate_Resolution.html,03_legal_gov/03_notarial_document/notarial_document_009_US_Corporate_Resolution.png,03_legal_gov/03_notarial_document/notarial_document_009_US_Corporate_Resolution.png,03_legal_gov/03_notarial_document/notarial_document_009_US_Corporate_Resolution__real_screenshot_na_na_na.png,screenshot_compressed,截图+转发压缩,无(纯数字),无,无,03_legal_gov/03_notarial_document/notarial_document_009_US_Corporate_Resolution.png,true
03_legal_gov/03_notarial_document/notarial_document_010_海牙认证附页,03_legal_gov,03_notarial_document,03_legal_gov/03_notarial_document/notarial_document_010_海牙认证附页.json,03_legal_gov/03_notarial_document/notarial_document_010_海牙认证附页.html,03_legal_gov/03_notarial_document/notarial_document_010_海牙认证附页.png,03_legal_gov/03_notarial_document/notarial_document_010_海牙认证附页.png,03_legal_gov/03_notarial_document/notarial_document_010_海牙认证附页__real_phone_flat_normal_top.png,phone_flat_indoor_normal_top,手机拍纸质文档,平整,室内正常光,俯拍,03_legal_gov/03_notarial_document/notarial_document_010_海牙认证附页.png,true
03_legal_gov/03_notarial_document/notarial_document_011_德式公证_Urkunde_EN,03_legal_gov,03_notarial_document,03_legal_gov/03_notarial_document/notarial_document_011_德式公证_Urkunde_EN.json,03_legal_gov/03_notarial_document/notarial_document_011_德式公证_Urkunde_EN.html,03_legal_gov/03_notarial_document/notarial_document_011_德式公证_Urkunde_EN.png,03_legal_gov/03_notarial_document/notarial_document_011_德式公证_Urkunde_EN.png,03_legal_gov/03_notarial_document/notarial_document_011_德式公证_Urkunde_EN__real_phone_flat_normal_top.png,phone_flat_indoor_normal_top,手机拍纸质文档,平整,室内正常光,俯拍,03_legal_gov/03_notarial_document/notarial_document_011_德式公证_Urkunde_EN.png,true
03_legal_gov/03_notarial_document/notarial_document_012_US_Medical_Directive,03_legal_gov,03_notarial_document,03_legal_gov/03_notarial_document/notarial_document_012_US_Medical_Directive.json,03_legal_gov/03_notarial_document/notarial_document_012_US_Medical_Directive.html,03_legal_gov/03_notarial_document/notarial_document_012_US_Medical_Directive.png,03_legal_gov/03_notarial_document/notarial_document_012_US_Medical_Directive.png,03_legal_gov/03_notarial_document/notarial_document_012_US_Medical_Directive__real_phone_flat_normal_top.png,phone_flat_indoor_normal_top,手机拍纸质文档,平整,室内正常光,俯拍,03_legal_gov/03_notarial_document/notarial_document_012_US_Medical_Directive.png,true
03_legal_gov/03_notarial_document/notarial_document_013_UK_Grant_of_Probate,03_legal_gov,03_notarial_document,03_legal_gov/03_notarial_document/notarial_document_013_UK_Grant_of_Probate.json,03_legal_gov/03_notarial_document/notarial_document_013_UK_Grant_of_Probate.html,03_legal_gov/03_notarial_document/notarial_document_013_UK_Grant_of_Probate.png,03_legal_gov/03_notarial_document/notarial_document_013_UK_Grant_of_Probate.png,03_legal_gov/03_notarial_document/notarial_document_013_UK_Grant_of_Probate__real_phone_flat_flash_top.png,phone_flat_flash_top,手机拍纸质文档,平整,闪光灯,俯拍,03_legal_gov/03_notarial_document/notarial_document_013_UK_Grant_of_Probate.png,true
03_legal_gov/03_notarial_document/notarial_document_014_US_Promissory_Note,03_legal_gov,03_notarial_document,03_legal_gov/03_notarial_document/notarial_document_014_US_Promissory_Note.json,03_legal_gov/03_notarial_document/notarial_document_014_US_Promissory_Note.html,03_legal_gov/03_notarial_document/notarial_document_014_US_Promissory_Note.png,03_legal_gov/03_notarial_document/notarial_document_014_US_Promissory_Note.png,03_legal_gov/03_notarial_document/notarial_document_014_US_Promissory_Note__real_phone_flat_normal_top.png,phone_flat_indoor_normal_top,手机拍纸质文档,平整,室内正常光,俯拍,03_legal_gov/03_notarial_document/notarial_document_014_US_Promissory_Note.png,true
03_legal_gov/03_notarial_document/notarial_document_015_涉外收养公证,03_legal_gov,03_notarial_document,03_legal_gov/03_notarial_document/notarial_document_015_涉外收养公证.json,03_legal_gov/03_notarial_document/notarial_document_015_涉外收养公证.html,03_legal_gov/03_notarial_document/notarial_document_015_涉外收养公证.png,03_legal_gov/03_notarial_document/notarial_document_015_涉外收养公证.png,03_legal_gov/03_notarial_document/notarial_document_015_涉外收养公证__real_phone_flat_normal_top.png,phone_flat_indoor_normal_top,手机拍纸质文档,平整,室内正常光,俯拍,03_legal_gov/03_notarial_document/notarial_document_015_涉外收养公证.png,true
03_legal_gov/03_notarial_document/notarial_document_016_US_Acknowledgment_Real_Estate,03_legal_gov,03_notarial_document,03_legal_gov/03_notarial_document/notarial_document_016_US_Acknowledgment_Real_Estate.json,03_legal_gov/03_notarial_document/notarial_document_016_US_Acknowledgment_Real_Estate.html,03_legal_gov/03_notarial_document/notarial_document_016_US_Acknowledgment_Real_Estate.png,03_legal_gov/03_notarial_document/notarial_document_016_US_Acknowledgment_Real_Estate.png,03_legal_gov/03_notarial_document/notarial_document_016_US_Acknowledgment_Real_Estate__real_phone_flat_normal_top.png,phone_flat_indoor_normal_top,手机拍纸质文档,平整,室内正常光,俯拍,03_legal_gov/03_notarial_document/notarial_document_016_US_Acknowledgment_Real_Estate.png,true
03_legal_gov/03_notarial_document/notarial_document_017_UK_Statutory_Declaration,03_legal_gov,03_notarial_document,03_legal_gov/03_notarial_document/notarial_document_017_UK_Statutory_Declaration.json,03_legal_gov/03_notarial_document/notarial_document_017_UK_Statutory_Declaration.html,03_legal_gov/03_notarial_document/notarial_document_017_UK_Statutory_Declaration.png,03_legal_gov/03_notarial_document/notarial_document_017_UK_Statutory_Declaration.png,03_legal_gov/03_notarial_document/notarial_document_017_UK_Statutory_Declaration__real_phone_flat_flash_top.jpg,phone_flat_flash_top,手机拍纸质文档,平整,闪光灯,俯拍,03_legal_gov/03_notarial_document/notarial_document_017_UK_Statutory_Declaration.png,true
03_legal_gov/03_notarial_document/notarial_document_018_US_Trust_Certification,03_legal_gov,03_notarial_document,03_legal_gov/03_notarial_document/notarial_document_018_US_Trust_Certification.json,03_legal_gov/03_notarial_document/notarial_document_018_US_Trust_Certification.html,03_legal_gov/03_notarial_document/notarial_document_018_US_Trust_Certification.png,03_legal_gov/03_notarial_document/notarial_document_018_US_Trust_Certification.png,03_legal_gov/03_notarial_document/notarial_document_018_US_Trust_Certification__real_phone_flat_normal_top.png,phone_flat_indoor_normal_top,手机拍纸质文档,平整,室内正常光,俯拍,03_legal_gov/03_notarial_document/notarial_document_018_US_Trust_Certification.png,true
03_legal_gov/03_notarial_document/notarial_document_019_UK_Deed_Poll,03_legal_gov,03_notarial_document,03_legal_gov/03_notarial_document/notarial_document_019_UK_Deed_Poll.json,03_legal_gov/03_notarial_document/notarial_document_019_UK_Deed_Poll.html,03_legal_gov/03_notarial_document/notarial_document_019_UK_Deed_Poll.png,03_legal_gov/03_notarial_document/notarial_document_019_UK_Deed_Poll.png,03_legal_gov/03_notarial_document/notarial_document_019_UK_Deed_Poll__real_phone_flat_normal_top.png,phone_flat_indoor_normal_top,手机拍纸质文档,平整,室内正常光,俯拍,03_legal_gov/03_notarial_document/notarial_document_019_UK_Deed_Poll.png,true
03_legal_gov/03_notarial_document/notarial_document_020_US_Notarized_Custody_Agreement,03_legal_gov,03_notarial_document,03_legal_gov/03_notarial_document/notarial_document_020_US_Notarized_Custody_Agreement.json,03_legal_gov/03_notarial_document/notarial_document_020_US_Notarized_Custody_Agreement.html,03_legal_gov/03_notarial_document/notarial_document_020_US_Notarized_Custody_Agreement.png,03_legal_gov/03_notarial_document/notarial_document_020_US_Notarized_Custody_Agreement.png,03_legal_gov/03_notarial_document/notarial_document_020_US_Notarized_Custody_Agreement__real_screenshot_compressed.png,screenshot_compressed,截图+转发压缩,无(纯数字),无,无,03_legal_gov/03_notarial_document/notarial_document_020_US_Notarized_Custody_Agreement.png,true
03_legal_gov/03_notarial_document/notarial_document_021_US_Notarized_Vehicle_Bill_of_Sale,03_legal_gov,03_notarial_document,03_legal_gov/03_notarial_document/notarial_document_021_US_Notarized_Vehicle_Bill_of_Sale.json,03_legal_gov/03_notarial_document/notarial_document_021_US_Notarized_Vehicle_Bill_of_Sale.html,03_legal_gov/03_notarial_document/notarial_document_021_US_Notarized_Vehicle_Bill_of_Sale.png,03_legal_gov/03_notarial_document/notarial_document_021_US_Notarized_Vehicle_Bill_of_Sale.png,03_legal_gov/03_notarial_document/notarial_document_021_US_Notarized_Vehicle_Bill_of_Sale__real_screen_na_screen_screen.png,screen_photography,拍屏,无(屏幕显示),屏幕背光+室内光,手机对屏幕,03_legal_gov/03_notarial_document/notarial_document_021_US_Notarized_Vehicle_Bill_of_Sale.png,true
03_legal_gov/04_license_permit/business_license_001_营业执照,03_legal_gov,04_license_permit,03_legal_gov/04_license_permit/business_license_001_营业执照.json,03_legal_gov/04_license_permit/business_license_001_营业执照.html,03_legal_gov/04_license_permit/business_license_001_营业执照.png,03_legal_gov/04_license_permit/business_license_001_营业执照.png,03_legal_gov/04_license_permit/business_license_001_营业执照__real_phone_cover_normal_top.jpg,phone_through_cover_indoor_normal_top,手机拍纸质文档,隔塑料套/玻璃,室内正常光,俯拍,03_legal_gov/04_license_permit/business_license_001_营业执照.png,true
03_legal_gov/04_license_permit/business_license_002_食品经营许可证,03_legal_gov,04_license_permit,03_legal_gov/04_license_permit/business_license_002_食品经营许可证.json,03_legal_gov/04_license_permit/business_license_002_食品经营许可证.html,03_legal_gov/04_license_permit/business_license_002_食品经营许可证.png,03_legal_gov/04_license_permit/business_license_002_食品经营许可证.png,03_legal_gov/04_license_permit/business_license_002_食品经营许可证__real_phone_flat_normal_top.jpg,phone_flat_indoor_normal_top,手机拍纸质文档,平整,室内正常光,俯拍,03_legal_gov/04_license_permit/business_license_002_食品经营许可证.png,true
03_legal_gov/04_license_permit/business_license_003_职业资格证书,03_legal_gov,04_license_permit,03_legal_gov/04_license_permit/business_license_003_职业资格证书.json,03_legal_gov/04_license_permit/business_license_003_职业资格证书.html,03_legal_gov/04_license_permit/business_license_003_职业资格证书.png,03_legal_gov/04_license_permit/business_license_003_职业资格证书.png,03_legal_gov/04_license_permit/business_license_003_职业资格证书__real_phone_through_cover_normal_top.png,phone_through_cover_indoor_normal_top,手机拍纸质文档,隔塑料套/玻璃,室内正常光,俯拍,03_legal_gov/04_license_permit/business_license_003_职业资格证书.png,true
03_legal_gov/04_license_permit/business_license_004_培训结业证书_双语,03_legal_gov,04_license_permit,03_legal_gov/04_license_permit/business_license_004_培训结业证书_双语.json,03_legal_gov/04_license_permit/business_license_004_培训结业证书_双语.html,03_legal_gov/04_license_permit/business_license_004_培训结业证书_双语.png,03_legal_gov/04_license_permit/business_license_004_培训结业证书_双语.png,03_legal_gov/04_license_permit/business_license_004_培训结业证书_双语__real_phone_flat_normal_top.png,phone_flat_indoor_normal_top,手机拍纸质文档,平整,室内正常光,俯拍,03_legal_gov/04_license_permit/business_license_004_培训结业证书_双语.png,true
03_legal_gov/04_license_permit/license_permit_005_建筑施工许可证,03_legal_gov,04_license_permit,03_legal_gov/04_license_permit/license_permit_005_建筑施工许可证.json,03_legal_gov/04_license_permit/license_permit_005_建筑施工许可证.html,03_legal_gov/04_license_permit/license_permit_005_建筑施工许可证.png,03_legal_gov/04_license_permit/license_permit_005_建筑施工许可证.png,03_legal_gov/04_license_permit/license_permit_005_建筑施工许可证__real_phone_cover_flash_top.jpg,phone_through_cover_flash_top,手机拍纸质文档,隔塑料套/玻璃,闪光灯,俯拍,03_legal_gov/04_license_permit/license_permit_005_建筑施工许可证.png,true
03_legal_gov/04_license_permit/license_permit_006_Driving_License_Multi,03_legal_gov,04_license_permit,03_legal_gov/04_license_permit/license_permit_006_Driving_License_Multi.json,03_legal_gov/04_license_permit/license_permit_006_Driving_License_Multi.html,03_legal_gov/04_license_permit/license_permit_006_Driving_License_Multi.png,03_legal_gov/04_license_permit/license_permit_006_Driving_License_Multi.png,03_legal_gov/04_license_permit/license_permit_006_Driving_License_Multi__real_phone_flat_normal_top.png,phone_flat_indoor_normal_top,手机拍纸质文档,平整,室内正常光,俯拍,03_legal_gov/04_license_permit/license_permit_006_Driving_License_Multi.png,true
03_legal_gov/04_license_permit/license_permit_007_药品GSP许可册,03_legal_gov,04_license_permit,03_legal_gov/04_license_permit/license_permit_007_药品GSP许可册.json,03_legal_gov/04_license_permit/license_permit_007_药品GSP许可册.html,03_legal_gov/04_license_permit/license_permit_007_药品GSP许可册.png,03_legal_gov/04_license_permit/license_permit_007_药品GSP许可册.png,03_legal_gov/04_license_permit/license_permit_007_药品GSP许可册__real_phone_cover_normal_top.png,phone_through_cover_indoor_normal_top,手机拍纸质文档,隔塑料套/玻璃,室内正常光,俯拍,03_legal_gov/04_license_permit/license_permit_007_药品GSP许可册.png,true
03_legal_gov/04_license_permit/license_permit_008_道路运输资质卡,03_legal_gov,04_license_permit,03_legal_gov/04_license_permit/license_permit_008_道路运输资质卡.json,03_legal_gov/04_license_permit/license_permit_008_道路运输资质卡.html,03_legal_gov/04_license_permit/license_permit_008_道路运输资质卡.png,03_legal_gov/04_license_permit/license_permit_008_道路运输资质卡.png,03_legal_gov/04_license_permit/license_permit_008_道路运输资质卡__real_phone_flat_normal_top.jpg,phone_flat_indoor_normal_top,手机拍纸质文档,平整,室内正常光,俯拍,03_legal_gov/04_license_permit/license_permit_008_道路运输资质卡.png,true
03_legal_gov/04_license_permit/license_permit_009_危化品经营许可证,03_legal_gov,04_license_permit,03_legal_gov/04_license_permit/license_permit_009_危化品经营许可证.json,03_legal_gov/04_license_permit/license_permit_009_危化品经营许可证.html,03_legal_gov/04_license_permit/license_permit_009_危化品经营许可证.png,03_legal_gov/04_license_permit/license_permit_009_危化品经营许可证.png,03_legal_gov/04_license_permit/license_permit_009_危化品经营许可证__real_phone_cover_normal_top.png,phone_through_cover_indoor_normal_top,手机拍纸质文档,隔塑料套/玻璃,室内正常光,俯拍,03_legal_gov/04_license_permit/license_permit_009_危化品经营许可证.png,true
03_legal_gov/04_license_permit/license_permit_010_医疗机构执业许可证,03_legal_gov,04_license_permit,03_legal_gov/04_license_permit/license_permit_010_医疗机构执业许可证.json,03_legal_gov/04_license_permit/license_permit_010_医疗机构执业许可证.html,03_legal_gov/04_license_permit/license_permit_010_医疗机构执业许可证.png,03_legal_gov/04_license_permit/license_permit_010_医疗机构执业许可证.png,03_legal_gov/04_license_permit/license_permit_010_医疗机构执业许可证__real_phone_flat_normal_top.png,phone_flat_indoor_normal_top,手机拍纸质文档,平整,室内正常光,俯拍,03_legal_gov/04_license_permit/license_permit_010_医疗机构执业许可证.png,true
03_legal_gov/04_license_permit/license_permit_011_安全生产许可Dashboard,03_legal_gov,04_license_permit,03_legal_gov/04_license_permit/license_permit_011_安全生产许可Dashboard.json,03_legal_gov/04_license_permit/license_permit_011_安全生产许可Dashboard.html,03_legal_gov/04_license_permit/license_permit_011_安全生产许可Dashboard.png,03_legal_gov/04_license_permit/license_permit_011_安全生产许可Dashboard.png,03_legal_gov/04_license_permit/license_permit_011_安全生产许可Dashboard__real_phone_cover_normal_top.png,phone_through_cover_indoor_normal_top,手机拍纸质文档,隔塑料套/玻璃,室内正常光,俯拍,03_legal_gov/04_license_permit/license_permit_011_安全生产许可Dashboard.png,true
03_legal_gov/04_license_permit/license_permit_012_特种设备金属铭牌,03_legal_gov,04_license_permit,03_legal_gov/04_license_permit/license_permit_012_特种设备金属铭牌.json,03_legal_gov/04_license_permit/license_permit_012_特种设备金属铭牌.html,03_legal_gov/04_license_permit/license_permit_012_特种设备金属铭牌.png,03_legal_gov/04_license_permit/license_permit_012_特种设备金属铭牌.png,03_legal_gov/04_license_permit/license_permit_012_特种设备金属铭牌__real_phone_flat_normal_top.jpg,phone_flat_indoor_normal_top,手机拍纸质文档,平整,室内正常光,俯拍,03_legal_gov/04_license_permit/license_permit_012_特种设备金属铭牌.png,true
03_legal_gov/04_license_permit/license_permit_013_网络安全等级保护备案,03_legal_gov,04_license_permit,03_legal_gov/04_license_permit/license_permit_013_网络安全等级保护备案.json,03_legal_gov/04_license_permit/license_permit_013_网络安全等级保护备案.html,03_legal_gov/04_license_permit/license_permit_013_网络安全等级保护备案.png,03_legal_gov/04_license_permit/license_permit_013_网络安全等级保护备案.png,03_legal_gov/04_license_permit/license_permit_013_网络安全等级保护备案__real_phone_cover_normal_top.jpg,phone_through_cover_indoor_normal_top,手机拍纸质文档,隔塑料套/玻璃,室内正常光,俯拍,03_legal_gov/04_license_permit/license_permit_013_网络安全等级保护备案.png,true
03_legal_gov/04_license_permit/license_permit_014_Business_License_US,03_legal_gov,04_license_permit,03_legal_gov/04_license_permit/license_permit_014_Business_License_US.json,03_legal_gov/04_license_permit/license_permit_014_Business_License_US.html,03_legal_gov/04_license_permit/license_permit_014_Business_License_US.png,03_legal_gov/04_license_permit/license_permit_014_Business_License_US.png,03_legal_gov/04_license_permit/license_permit_014_Business_License_US__real_screenshot_na_na_na.png,screenshot_compressed,截图+转发压缩,无(纯数字),无,无,03_legal_gov/04_license_permit/license_permit_014_Business_License_US.png,true
03_legal_gov/04_license_permit/license_permit_015_Liquor_License_EN,03_legal_gov,04_license_permit,03_legal_gov/04_license_permit/license_permit_015_Liquor_License_EN.json,03_legal_gov/04_license_permit/license_permit_015_Liquor_License_EN.html,03_legal_gov/04_license_permit/license_permit_015_Liquor_License_EN.png,03_legal_gov/04_license_permit/license_permit_015_Liquor_License_EN.png,03_legal_gov/04_license_permit/license_permit_015_Liquor_License_EN__real_phone_cover_normal_top.png,phone_through_cover_indoor_normal_top,手机拍纸质文档,隔塑料套/玻璃,室内正常光,俯拍,03_legal_gov/04_license_permit/license_permit_015_Liquor_License_EN.png,true
03_legal_gov/04_license_permit/license_permit_016_NYC_Health_Decal,03_legal_gov,04_license_permit,03_legal_gov/04_license_permit/license_permit_016_NYC_Health_Decal.json,03_legal_gov/04_license_permit/license_permit_016_NYC_Health_Decal.html,03_legal_gov/04_license_permit/license_permit_016_NYC_Health_Decal.png,03_legal_gov/04_license_permit/license_permit_016_NYC_Health_Decal.png,03_legal_gov/04_license_permit/license_permit_016_NYC_Health_Decal__real_phone_flat_normal_top.png,phone_flat_indoor_normal_top,手机拍纸质文档,平整,室内正常光,俯拍,03_legal_gov/04_license_permit/license_permit_016_NYC_Health_Decal.png,true
03_legal_gov/04_license_permit/license_permit_017_PE_License_Portal,03_legal_gov,04_license_permit,03_legal_gov/04_license_permit/license_permit_017_PE_License_Portal.json,03_legal_gov/04_license_permit/license_permit_017_PE_License_Portal.html,03_legal_gov/04_license_permit/license_permit_017_PE_License_Portal.png,03_legal_gov/04_license_permit/license_permit_017_PE_License_Portal.png,03_legal_gov/04_license_permit/license_permit_017_PE_License_Portal__real_phone_cover_normal_top.png,phone_through_cover_indoor_normal_top,手机拍纸质文档,隔塑料套/玻璃,室内正常光,俯拍,03_legal_gov/04_license_permit/license_permit_017_PE_License_Portal.png,true
03_legal_gov/04_license_permit/license_permit_018_Real_Estate_License,03_legal_gov,04_license_permit,03_legal_gov/04_license_permit/license_permit_018_Real_Estate_License.json,03_legal_gov/04_license_permit/license_permit_018_Real_Estate_License.html,03_legal_gov/04_license_permit/license_permit_018_Real_Estate_License.png,03_legal_gov/04_license_permit/license_permit_018_Real_Estate_License.png,03_legal_gov/04_license_permit/license_permit_018_Real_Estate_License__real_phone_flat_normal_top.png,phone_flat_indoor_normal_top,手机拍纸质文档,平整,室内正常光,俯拍,03_legal_gov/04_license_permit/license_permit_018_Real_Estate_License.png,true
03_legal_gov/04_license_permit/license_permit_019_Import_License_EN,03_legal_gov,04_license_permit,03_legal_gov/04_license_permit/license_permit_019_Import_License_EN.json,03_legal_gov/04_license_permit/license_permit_019_Import_License_EN.html,03_legal_gov/04_license_permit/license_permit_019_Import_License_EN.png,03_legal_gov/04_license_permit/license_permit_019_Import_License_EN.png,03_legal_gov/04_license_permit/license_permit_019_Import_License_EN__real_phone_cover_normal_top.png,phone_through_cover_indoor_normal_top,手机拍纸质文档,隔塑料套/玻璃,室内正常光,俯拍,03_legal_gov/04_license_permit/license_permit_019_Import_License_EN.png,true
03_legal_gov/04_license_permit/license_permit_020_食品生产许可证_mixed,03_legal_gov,04_license_permit,03_legal_gov/04_license_permit/license_permit_020_食品生产许可证_mixed.json,03_legal_gov/04_license_permit/license_permit_020_食品生产许可证_mixed.html,03_legal_gov/04_license_permit/license_permit_020_食品生产许可证_mixed.png,03_legal_gov/04_license_permit/license_permit_020_食品生产许可证_mixed.png,03_legal_gov/04_license_permit/license_permit_020_食品生产许可证_mixed__real_phone_flat_normal_top.png,phone_flat_indoor_normal_top,手机拍纸质文档,平整,室内正常光,俯拍,03_legal_gov/04_license_permit/license_permit_020_食品生产许可证_mixed.png,true
03_legal_gov/04_license_permit/license_permit_021_民办学校办学Dashboard,03_legal_gov,04_license_permit,03_legal_gov/04_license_permit/license_permit_021_民办学校办学Dashboard.json,03_legal_gov/04_license_permit/license_permit_021_民办学校办学Dashboard.html,03_legal_gov/04_license_permit/license_permit_021_民办学校办学Dashboard.png,03_legal_gov/04_license_permit/license_permit_021_民办学校办学Dashboard.png,03_legal_gov/04_license_permit/license_permit_021_民办学校办学Dashboard__real_phone_cover_normal_top.png,phone_through_cover_indoor_normal_top,手机拍纸质文档,隔塑料套/玻璃,室内正常光,俯拍,03_legal_gov/04_license_permit/license_permit_021_民办学校办学Dashboard.png,true
03_legal_gov/04_license_permit/license_permit_022_烟草零售证_App截图,03_legal_gov,04_license_permit,03_legal_gov/04_license_permit/license_permit_022_烟草零售证_App截图.json,03_legal_gov/04_license_permit/license_permit_022_烟草零售证_App截图.html,03_legal_gov/04_license_permit/license_permit_022_烟草零售证_App截图.png,03_legal_gov/04_license_permit/license_permit_022_烟草零售证_App截图.png,03_legal_gov/04_license_permit/license_permit_022_烟草零售证_App截图__real_phone_flat_normal_top.png,phone_flat_indoor_normal_top,手机拍纸质文档,平整,室内正常光,俯拍,03_legal_gov/04_license_permit/license_permit_022_烟草零售证_App截图.png,true
03_legal_gov/04_license_permit/license_permit_023_ATF_FFL_Audit,03_legal_gov,04_license_permit,03_legal_gov/04_license_permit/license_permit_023_ATF_FFL_Audit.json,03_legal_gov/04_license_permit/license_permit_023_ATF_FFL_Audit.html,03_legal_gov/04_license_permit/license_permit_023_ATF_FFL_Audit.png,03_legal_gov/04_license_permit/license_permit_023_ATF_FFL_Audit.png,03_legal_gov/04_license_permit/license_permit_023_ATF_FFL_Audit__real_phone_through_cover_normal_top.png,phone_through_cover_indoor_normal_top,手机拍纸质文档,隔塑料套/玻璃,室内正常光,俯拍,03_legal_gov/04_license_permit/license_permit_023_ATF_FFL_Audit.png,true
03_legal_gov/04_license_permit/license_permit_024_无线电频谱可视化,03_legal_gov,04_license_permit,03_legal_gov/04_license_permit/license_permit_024_无线电频谱可视化.json,03_legal_gov/04_license_permit/license_permit_024_无线电频谱可视化.html,03_legal_gov/04_license_permit/license_permit_024_无线电频谱可视化.png,03_legal_gov/04_license_permit/license_permit_024_无线电频谱可视化.png,03_legal_gov/04_license_permit/license_permit_024_无线电频谱可视化__real_phone_flat_normal_top.png,phone_flat_indoor_normal_top,手机拍纸质文档,平整,室内正常光,俯拍,03_legal_gov/04_license_permit/license_permit_024_无线电频谱可视化.png,true
03_legal_gov/04_license_permit/license_permit_025_CSLB_LinkedIn_Profile,03_legal_gov,04_license_permit,03_legal_gov/04_license_permit/license_permit_025_CSLB_LinkedIn_Profile.json,03_legal_gov/04_license_permit/license_permit_025_CSLB_LinkedIn_Profile.html,03_legal_gov/04_license_permit/license_permit_025_CSLB_LinkedIn_Profile.png,03_legal_gov/04_license_permit/license_permit_025_CSLB_LinkedIn_Profile.png,03_legal_gov/04_license_permit/license_permit_025_CSLB_LinkedIn_Profile__real_phone_cover_normal_top.png,phone_through_cover_indoor_normal_top,手机拍纸质文档,隔塑料套/玻璃,室内正常光,俯拍,03_legal_gov/04_license_permit/license_permit_025_CSLB_LinkedIn_Profile.png,true
03_legal_gov/05_legislation/legislation_001_中华人民共和国数据安全法,03_legal_gov,05_legislation,03_legal_gov/05_legislation/legislation_001_中华人民共和国数据安全法.json,03_legal_gov/05_legislation/legislation_001_中华人民共和国数据安全法.html,03_legal_gov/05_legislation/legislation_001_中华人民共和国数据安全法.png,03_legal_gov/05_legislation/legislation_001_中华人民共和国数据安全法.png,03_legal_gov/05_legislation/legislation_001_中华人民共和国数据安全法__real_phone_photocopy.png,phone_photocopy,手机拍复印件,复印件,室内正常光,俯拍,03_legal_gov/05_legislation/legislation_001_中华人民共和国数据安全法.png,true
03_legal_gov/05_legislation/legislation_002_EU_GDPR_Excerpt,03_legal_gov,05_legislation,03_legal_gov/05_legislation/legislation_002_EU_GDPR_Excerpt.json,03_legal_gov/05_legislation/legislation_002_EU_GDPR_Excerpt.html,03_legal_gov/05_legislation/legislation_002_EU_GDPR_Excerpt.png,03_legal_gov/05_legislation/legislation_002_EU_GDPR_Excerpt.png,03_legal_gov/05_legislation/legislation_002_EU_GDPR_Excerpt__real_screen_na_screen_screen.png,screen_photography,拍屏,无(屏幕显示),屏幕背光+室内光,手机对屏幕,03_legal_gov/05_legislation/legislation_002_EU_GDPR_Excerpt.png,true
03_legal_gov/05_legislation/legislation_003_劳动合同法实施条例,03_legal_gov,05_legislation,03_legal_gov/05_legislation/legislation_003_劳动合同法实施条例.json,03_legal_gov/05_legislation/legislation_003_劳动合同法实施条例.html,03_legal_gov/05_legislation/legislation_003_劳动合同法实施条例.png,03_legal_gov/05_legislation/legislation_003_劳动合同法实施条例.png,03_legal_gov/05_legislation/legislation_003_劳动合同法实施条例__real_phone_photocopy_photocopy_normal_top.png,phone_photocopy,手机拍复印件,复印件,室内正常光,俯拍,03_legal_gov/05_legislation/legislation_003_劳动合同法实施条例.png,true
03_legal_gov/05_legislation/legislation_004_California_Consumer_Privacy_Act,03_legal_gov,05_legislation,03_legal_gov/05_legislation/legislation_004_California_Consumer_Privacy_Act.json,03_legal_gov/05_legislation/legislation_004_California_Consumer_Privacy_Act.html,03_legal_gov/05_legislation/legislation_004_California_Consumer_Privacy_Act.png,03_legal_gov/05_legislation/legislation_004_California_Consumer_Privacy_Act.png,03_legal_gov/05_legislation/legislation_004_California_Consumer_Privacy_Act__real_phone_flat_normal_top.png,phone_flat_indoor_normal_top,手机拍纸质文档,平整,室内正常光,俯拍,03_legal_gov/05_legislation/legislation_004_California_Consumer_Privacy_Act.png,true
03_legal_gov/05_legislation/legislation_005_城市房屋拆迁管理条例,03_legal_gov,05_legislation,03_legal_gov/05_legislation/legislation_005_城市房屋拆迁管理条例.json,03_legal_gov/05_legislation/legislation_005_城市房屋拆迁管理条例.html,03_legal_gov/05_legislation/legislation_005_城市房屋拆迁管理条例.png,03_legal_gov/05_legislation/legislation_005_城市房屋拆迁管理条例.png,03_legal_gov/05_legislation/legislation_005_城市房屋拆迁管理条例__real_phone_photocopy.png,phone_photocopy,手机拍复印件,复印件,室内正常光,俯拍,03_legal_gov/05_legislation/legislation_005_城市房屋拆迁管理条例.png,true
03_legal_gov/05_legislation/legislation_006_民法典_合同编,03_legal_gov,05_legislation,03_legal_gov/05_legislation/legislation_006_民法典_合同编.json,03_legal_gov/05_legislation/legislation_006_民法典_合同编.html,03_legal_gov/05_legislation/legislation_006_民法典_合同编.png,03_legal_gov/05_legislation/legislation_006_民法典_合同编.png,03_legal_gov/05_legislation/legislation_006_民法典_合同编__real_phone_flat_normal_top.png,phone_flat_indoor_normal_top,手机拍纸质文档,平整,室内正常光,俯拍,03_legal_gov/05_legislation/legislation_006_民法典_合同编.png,true
03_legal_gov/05_legislation/legislation_007_US_Uniform_Commercial_Code,03_legal_gov,05_legislation,03_legal_gov/05_legislation/legislation_007_US_Uniform_Commercial_Code.json,03_legal_gov/05_legislation/legislation_007_US_Uniform_Commercial_Code.html,03_legal_gov/05_legislation/legislation_007_US_Uniform_Commercial_Code.png,03_legal_gov/05_legislation/legislation_007_US_Uniform_Commercial_Code.png,03_legal_gov/05_legislation/legislation_007_US_Uniform_Commercial_Code__real_phone_photocopy_photocopy_normal_top.png,phone_photocopy,手机拍复印件,复印件,室内正常光,俯拍,03_legal_gov/05_legislation/legislation_007_US_Uniform_Commercial_Code.png,true
03_legal_gov/05_legislation/legislation_008_UK_Companies_Act_Schedule,03_legal_gov,05_legislation,03_legal_gov/05_legislation/legislation_008_UK_Companies_Act_Schedule.json,03_legal_gov/05_legislation/legislation_008_UK_Companies_Act_Schedule.html,03_legal_gov/05_legislation/legislation_008_UK_Companies_Act_Schedule.png,03_legal_gov/05_legislation/legislation_008_UK_Companies_Act_Schedule.png,03_legal_gov/05_legislation/legislation_008_UK_Companies_Act_Schedule__real_phone_flat_normal_top.png,phone_flat_indoor_normal_top,手机拍纸质文档,平整,室内正常光,俯拍,03_legal_gov/05_legislation/legislation_008_UK_Companies_Act_Schedule.png,true
03_legal_gov/05_legislation/legislation_009_US_Clean_Air_Act,03_legal_gov,05_legislation,03_legal_gov/05_legislation/legislation_009_US_Clean_Air_Act.json,03_legal_gov/05_legislation/legislation_009_US_Clean_Air_Act.html,03_legal_gov/05_legislation/legislation_009_US_Clean_Air_Act.png,03_legal_gov/05_legislation/legislation_009_US_Clean_Air_Act.png,03_legal_gov/05_legislation/legislation_009_US_Clean_Air_Act__real_phone_photocopy_photocopy_normal_top.png,phone_photocopy,手机拍复印件,复印件,室内正常光,俯拍,03_legal_gov/05_legislation/legislation_009_US_Clean_Air_Act.png,true
03_legal_gov/05_legislation/legislation_010_Australia_Privacy_Act,03_legal_gov,05_legislation,03_legal_gov/05_legislation/legislation_010_Australia_Privacy_Act.json,03_legal_gov/05_legislation/legislation_010_Australia_Privacy_Act.html,03_legal_gov/05_legislation/legislation_010_Australia_Privacy_Act.png,03_legal_gov/05_legislation/legislation_010_Australia_Privacy_Act.png,03_legal_gov/05_legislation/legislation_010_Australia_Privacy_Act__real_phone_flat_normal_top.png,phone_flat_indoor_normal_top,手机拍纸质文档,平整,室内正常光,俯拍,03_legal_gov/05_legislation/legislation_010_Australia_Privacy_Act.png,true
03_legal_gov/05_legislation/legislation_011_US_Dodd_Frank_Act,03_legal_gov,05_legislation,03_legal_gov/05_legislation/legislation_011_US_Dodd_Frank_Act.json,03_legal_gov/05_legislation/legislation_011_US_Dodd_Frank_Act.html,03_legal_gov/05_legislation/legislation_011_US_Dodd_Frank_Act.png,03_legal_gov/05_legislation/legislation_011_US_Dodd_Frank_Act.png,03_legal_gov/05_legislation/legislation_011_US_Dodd_Frank_Act__real_phone_photocopy_photocopy_normal_top.jpg,phone_photocopy,手机拍复印件,复印件,室内正常光,俯拍,03_legal_gov/05_legislation/legislation_011_US_Dodd_Frank_Act.png,true
03_legal_gov/05_legislation/legislation_012_Canada_Criminal_Code,03_legal_gov,05_legislation,03_legal_gov/05_legislation/legislation_012_Canada_Criminal_Code.json,03_legal_gov/05_legislation/legislation_012_Canada_Criminal_Code.html,03_legal_gov/05_legislation/legislation_012_Canada_Criminal_Code.png,03_legal_gov/05_legislation/legislation_012_Canada_Criminal_Code.png,03_legal_gov/05_legislation/legislation_012_Canada_Criminal_Code__real_screenshot_na_na_na.png,screenshot_compressed,截图+转发压缩,无(纯数字),无,无,03_legal_gov/05_legislation/legislation_012_Canada_Criminal_Code.png,true
03_legal_gov/05_legislation/legislation_013_US_ADA_Accessibility,03_legal_gov,05_legislation,03_legal_gov/05_legislation/legislation_013_US_ADA_Accessibility.json,03_legal_gov/05_legislation/legislation_013_US_ADA_Accessibility.html,03_legal_gov/05_legislation/legislation_013_US_ADA_Accessibility.png,03_legal_gov/05_legislation/legislation_013_US_ADA_Accessibility.png,03_legal_gov/05_legislation/legislation_013_US_ADA_Accessibility__real_phone_photocopy_photocopy_normal_top.jpg,phone_photocopy,手机拍复印件,复印件,室内正常光,俯拍,03_legal_gov/05_legislation/legislation_013_US_ADA_Accessibility.png,true
03_legal_gov/05_legislation/legislation_014_Tax_Code_Section_EN,03_legal_gov,05_legislation,03_legal_gov/05_legislation/legislation_014_Tax_Code_Section_EN.json,03_legal_gov/05_legislation/legislation_014_Tax_Code_Section_EN.html,03_legal_gov/05_legislation/legislation_014_Tax_Code_Section_EN.png,03_legal_gov/05_legislation/legislation_014_Tax_Code_Section_EN.png,03_legal_gov/05_legislation/legislation_014_Tax_Code_Section_EN__real_screenshot_na_na_na.jpg,screenshot_compressed,截图+转发压缩,无(纯数字),无,无,03_legal_gov/05_legislation/legislation_014_Tax_Code_Section_EN.png,true
03_legal_gov/05_legislation/legislation_015_GDPR_Article_EN,03_legal_gov,05_legislation,03_legal_gov/05_legislation/legislation_015_GDPR_Article_EN.json,03_legal_gov/05_legislation/legislation_015_GDPR_Article_EN.html,03_legal_gov/05_legislation/legislation_015_GDPR_Article_EN.png,03_legal_gov/05_legislation/legislation_015_GDPR_Article_EN.png,03_legal_gov/05_legislation/legislation_015_GDPR_Article_EN__real_phone_photocopy_photocopy_normal_top.png,phone_photocopy,手机拍复印件,复印件,室内正常光,俯拍,03_legal_gov/05_legislation/legislation_015_GDPR_Article_EN.png,true
03_legal_gov/05_legislation/legislation_016_SEC_Exemption_Flowchart,03_legal_gov,05_legislation,03_legal_gov/05_legislation/legislation_016_SEC_Exemption_Flowchart.json,03_legal_gov/05_legislation/legislation_016_SEC_Exemption_Flowchart.html,03_legal_gov/05_legislation/legislation_016_SEC_Exemption_Flowchart.png,03_legal_gov/05_legislation/legislation_016_SEC_Exemption_Flowchart.png,03_legal_gov/05_legislation/legislation_016_SEC_Exemption_Flowchart__real_phone_flat_normal_top.png,phone_flat_indoor_normal_top,手机拍纸质文档,平整,室内正常光,俯拍,03_legal_gov/05_legislation/legislation_016_SEC_Exemption_Flowchart.png,true
03_legal_gov/05_legislation/legislation_017_Ontario_ESA_Workplace_Poster,03_legal_gov,05_legislation,03_legal_gov/05_legislation/legislation_017_Ontario_ESA_Workplace_Poster.json,03_legal_gov/05_legislation/legislation_017_Ontario_ESA_Workplace_Poster.html,03_legal_gov/05_legislation/legislation_017_Ontario_ESA_Workplace_Poster.png,03_legal_gov/05_legislation/legislation_017_Ontario_ESA_Workplace_Poster.png,03_legal_gov/05_legislation/legislation_017_Ontario_ESA_Workplace_Poster__real_phone_photocopy.png,phone_photocopy,手机拍复印件,复印件,室内正常光,俯拍,03_legal_gov/05_legislation/legislation_017_Ontario_ESA_Workplace_Poster.png,true
03_legal_gov/05_legislation/legislation_018_ACCC_Chatbot,03_legal_gov,05_legislation,03_legal_gov/05_legislation/legislation_018_ACCC_Chatbot.json,03_legal_gov/05_legislation/legislation_018_ACCC_Chatbot.html,03_legal_gov/05_legislation/legislation_018_ACCC_Chatbot.png,03_legal_gov/05_legislation/legislation_018_ACCC_Chatbot.png,03_legal_gov/05_legislation/legislation_018_ACCC_Chatbot__real_screenshot_na_na_na.png,screenshot_compressed,截图+转发压缩,无(纯数字),无,无,03_legal_gov/05_legislation/legislation_018_ACCC_Chatbot.png,true
03_legal_gov/05_legislation/legislation_019_WIPO_PLT_Dashboard,03_legal_gov,05_legislation,03_legal_gov/05_legislation/legislation_019_WIPO_PLT_Dashboard.json,03_legal_gov/05_legislation/legislation_019_WIPO_PLT_Dashboard.html,03_legal_gov/05_legislation/legislation_019_WIPO_PLT_Dashboard.png,03_legal_gov/05_legislation/legislation_019_WIPO_PLT_Dashboard.png,03_legal_gov/05_legislation/legislation_019_WIPO_PLT_Dashboard__real_phone_photocopy_photocopy_normal_top.png,phone_photocopy,手机拍复印件,复印件,室内正常光,俯拍,03_legal_gov/05_legislation/legislation_019_WIPO_PLT_Dashboard.png,true
03_legal_gov/05_legislation/legislation_020_民法典继承可视化图谱,03_legal_gov,05_legislation,03_legal_gov/05_legislation/legislation_020_民法典继承可视化图谱.json,03_legal_gov/05_legislation/legislation_020_民法典继承可视化图谱.html,03_legal_gov/05_legislation/legislation_020_民法典继承可视化图谱.png,03_legal_gov/05_legislation/legislation_020_民法典继承可视化图谱.png,03_legal_gov/05_legislation/legislation_020_民法典继承可视化图谱__real_phone_flat_flash_top.png,phone_flat_flash_top,手机拍纸质文档,平整,闪光灯,俯拍,03_legal_gov/05_legislation/legislation_020_民法典继承可视化图谱.png,true
03_legal_gov/05_legislation/legislation_021_人大表决结果公告,03_legal_gov,05_legislation,03_legal_gov/05_legislation/legislation_021_人大表决结果公告.json,03_legal_gov/05_legislation/legislation_021_人大表决结果公告.html,03_legal_gov/05_legislation/legislation_021_人大表决结果公告.png,03_legal_gov/05_legislation/legislation_021_人大表决结果公告.png,03_legal_gov/05_legislation/legislation_021_人大表决结果公告__real_phone_photocopy_photocopy_normal_top.png,phone_photocopy,手机拍复印件,复印件,室内正常光,俯拍,03_legal_gov/05_legislation/legislation_021_人大表决结果公告.png,true
03_legal_gov/05_legislation/legislation_022_GDPR_PIPL_Quick_Reference,03_legal_gov,05_legislation,03_legal_gov/05_legislation/legislation_022_GDPR_PIPL_Quick_Reference.json,03_legal_gov/05_legislation/legislation_022_GDPR_PIPL_Quick_Reference.html,03_legal_gov/05_legislation/legislation_022_GDPR_PIPL_Quick_Reference.png,03_legal_gov/05_legislation/legislation_022_GDPR_PIPL_Quick_Reference.png,03_legal_gov/05_legislation/legislation_022_GDPR_PIPL_Quick_Reference__real_screenshot_na_na_na.png,screenshot_compressed,截图+转发压缩,无(纯数字),无,无,03_legal_gov/05_legislation/legislation_022_GDPR_PIPL_Quick_Reference.png,true
03_legal_gov/05_legislation/legislation_023_食品安全监督抽检通报,03_legal_gov,05_legislation,03_legal_gov/05_legislation/legislation_023_食品安全监督抽检通报.json,03_legal_gov/05_legislation/legislation_023_食品安全监督抽检通报.html,03_legal_gov/05_legislation/legislation_023_食品安全监督抽检通报.png,03_legal_gov/05_legislation/legislation_023_食品安全监督抽检通报.png,03_legal_gov/05_legislation/legislation_023_食品安全监督抽检通报__real_phone_photocopy.png,phone_photocopy,手机拍复印件,复印件,室内正常光,俯拍,03_legal_gov/05_legislation/legislation_023_食品安全监督抽检通报.png,true
03_legal_gov/05_legislation/legislation_024_证据登记保管单,03_legal_gov,05_legislation,03_legal_gov/05_legislation/legislation_024_证据登记保管单.json,03_legal_gov/05_legislation/legislation_024_证据登记保管单.html,03_legal_gov/05_legislation/legislation_024_证据登记保管单.png,03_legal_gov/05_legislation/legislation_024_证据登记保管单.png,03_legal_gov/05_legislation/legislation_024_证据登记保管单__real_phone_flat_normal_top.png,phone_flat_indoor_normal_top,手机拍纸质文档,平整,室内正常光,俯拍,03_legal_gov/05_legislation/legislation_024_证据登记保管单.png,true
03_legal_gov/05_legislation/legislation_025_CISA_Cybersecurity_Advisory,03_legal_gov,05_legislation,03_legal_gov/05_legislation/legislation_025_CISA_Cybersecurity_Advisory.json,03_legal_gov/05_legislation/legislation_025_CISA_Cybersecurity_Advisory.html,03_legal_gov/05_legislation/legislation_025_CISA_Cybersecurity_Advisory.png,03_legal_gov/05_legislation/legislation_025_CISA_Cybersecurity_Advisory.png,03_legal_gov/05_legislation/legislation_025_CISA_Cybersecurity_Advisory__real_phone_photocopy_photocopy_normal_top.png,phone_photocopy,手机拍复印件,复印件,室内正常光,俯拍,03_legal_gov/05_legislation/legislation_025_CISA_Cybersecurity_Advisory.png,true
03_legal_gov/05_legislation/legislation_026_工程竣工验收记录,03_legal_gov,05_legislation,03_legal_gov/05_legislation/legislation_026_工程竣工验收记录.json,03_legal_gov/05_legislation/legislation_026_工程竣工验收记录.html,03_legal_gov/05_legislation/legislation_026_工程竣工验收记录.png,03_legal_gov/05_legislation/legislation_026_工程竣工验收记录.png,03_legal_gov/05_legislation/legislation_026_工程竣工验收记录__real_phone_flat_flash_top.jpg,phone_flat_flash_top,手机拍纸质文档,平整,闪光灯,俯拍,03_legal_gov/05_legislation/legislation_026_工程竣工验收记录.png,true
03_legal_gov/05_legislation/legislation_027_EU_AI_Act_Pyramid,03_legal_gov,05_legislation,03_legal_gov/05_legislation/legislation_027_EU_AI_Act_Pyramid.json,03_legal_gov/05_legislation/legislation_027_EU_AI_Act_Pyramid.html,03_legal_gov/05_legislation/legislation_027_EU_AI_Act_Pyramid.png,03_legal_gov/05_legislation/legislation_027_EU_AI_Act_Pyramid.png,03_legal_gov/05_legislation/legislation_027_EU_AI_Act_Pyramid__real_phone_photocopy_photocopy_normal_top.jpg,phone_photocopy,手机拍复印件,复印件,室内正常光,俯拍,03_legal_gov/05_legislation/legislation_027_EU_AI_Act_Pyramid.png,true
03_legal_gov/05_legislation/legislation_028_网络数据安全条例_监管沙盒,03_legal_gov,05_legislation,03_legal_gov/05_legislation/legislation_028_网络数据安全条例_监管沙盒.json,03_legal_gov/05_legislation/legislation_028_网络数据安全条例_监管沙盒.html,03_legal_gov/05_legislation/legislation_028_网络数据安全条例_监管沙盒.png,03_legal_gov/05_legislation/legislation_028_网络数据安全条例_监管沙盒.png,03_legal_gov/05_legislation/legislation_028_网络数据安全条例_监管沙盒__real_screen_na_screen_screen.jpg,screen_photography,拍屏,无(屏幕显示),屏幕背光+室内光,手机对屏幕,03_legal_gov/05_legislation/legislation_028_网络数据安全条例_监管沙盒.png,true
03_legal_gov/05_legislation/legislation_029_Canada_Criminal_Code_Bilingual,03_legal_gov,05_legislation,03_legal_gov/05_legislation/legislation_029_Canada_Criminal_Code_Bilingual.json,03_legal_gov/05_legislation/legislation_029_Canada_Criminal_Code_Bilingual.html,03_legal_gov/05_legislation/legislation_029_Canada_Criminal_Code_Bilingual.png,03_legal_gov/05_legislation/legislation_029_Canada_Criminal_Code_Bilingual.png,03_legal_gov/05_legislation/legislation_029_Canada_Criminal_Code_Bilingual__real_phone_photocopy_photocopy_normal_top.png,phone_photocopy,手机拍复印件,复印件,室内正常光,俯拍,03_legal_gov/05_legislation/legislation_029_Canada_Criminal_Code_Bilingual.png,true
03_legal_gov/05_legislation/legislation_030_突发事件应对法_修订对照,03_legal_gov,05_legislation,03_legal_gov/05_legislation/legislation_030_突发事件应对法_修订对照.json,03_legal_gov/05_legislation/legislation_030_突发事件应对法_修订对照.html,03_legal_gov/05_legislation/legislation_030_突发事件应对法_修订对照.png,03_legal_gov/05_legislation/legislation_030_突发事件应对法_修订对照.png,03_legal_gov/05_legislation/legislation_030_突发事件应对法_修订对照__real_screenshot_na_na_na.jpg,screenshot_compressed,截图+转发压缩,无(纯数字),无,无,03_legal_gov/05_legislation/legislation_030_突发事件应对法_修订对照.png,true
03_legal_gov/06_accident_report/accident_report_001_交通事故认定书,03_legal_gov,06_accident_report,03_legal_gov/06_accident_report/accident_report_001_交通事故认定书.json,03_legal_gov/06_accident_report/accident_report_001_交通事故认定书.html,03_legal_gov/06_accident_report/accident_report_001_交通事故认定书.png,03_legal_gov/06_accident_report/accident_report_001_交通事故认定书.png,03_legal_gov/06_accident_report/accident_report_001_交通事故认定书__real_phone_creased_normal_top.png,phone_creased_indoor_normal_top,手机拍纸质文档,折痕/褶皱,室内正常光,俯拍,03_legal_gov/06_accident_report/accident_report_001_交通事故认定书.png,true
03_legal_gov/06_accident_report/accident_report_002_Incident_Report_EN,03_legal_gov,06_accident_report,03_legal_gov/06_accident_report/accident_report_002_Incident_Report_EN.json,03_legal_gov/06_accident_report/accident_report_002_Incident_Report_EN.html,03_legal_gov/06_accident_report/accident_report_002_Incident_Report_EN.png,03_legal_gov/06_accident_report/accident_report_002_Incident_Report_EN.png,03_legal_gov/06_accident_report/accident_report_002_Incident_Report_EN__real_phone_photocopy.png,phone_photocopy,手机拍复印件,复印件,室内正常光,俯拍,03_legal_gov/06_accident_report/accident_report_002_Incident_Report_EN.png,true
03_legal_gov/06_accident_report/accident_report_003_危化品泄漏快报,03_legal_gov,06_accident_report,03_legal_gov/06_accident_report/accident_report_003_危化品泄漏快报.json,03_legal_gov/06_accident_report/accident_report_003_危化品泄漏快报.html,03_legal_gov/06_accident_report/accident_report_003_危化品泄漏快报.png,03_legal_gov/06_accident_report/accident_report_003_危化品泄漏快报.png,03_legal_gov/06_accident_report/accident_report_003_危化品泄漏快报__real_phone_creased_normal_top.png,phone_creased_indoor_normal_top,手机拍纸质文档,折痕/褶皱,室内正常光,俯拍,03_legal_gov/06_accident_report/accident_report_003_危化品泄漏快报.png,true
03_legal_gov/06_accident_report/accident_report_004_工伤事故调查报告,03_legal_gov,06_accident_report,03_legal_gov/06_accident_report/accident_report_004_工伤事故调查报告.json,03_legal_gov/06_accident_report/accident_report_004_工伤事故调查报告.html,03_legal_gov/06_accident_report/accident_report_004_工伤事故调查报告.png,03_legal_gov/06_accident_report/accident_report_004_工伤事故调查报告.png,03_legal_gov/06_accident_report/accident_report_004_工伤事故调查报告__real_phone_photocopy_photocopy_normal_top.jpg,phone_photocopy,手机拍复印件,复印件,室内正常光,俯拍,03_legal_gov/06_accident_report/accident_report_004_工伤事故调查报告.png,true
03_legal_gov/06_accident_report/accident_report_005_Workplace_Incident_EN,03_legal_gov,06_accident_report,03_legal_gov/06_accident_report/accident_report_005_Workplace_Incident_EN.json,03_legal_gov/06_accident_report/accident_report_005_Workplace_Incident_EN.html,03_legal_gov/06_accident_report/accident_report_005_Workplace_Incident_EN.png,03_legal_gov/06_accident_report/accident_report_005_Workplace_Incident_EN.png,03_legal_gov/06_accident_report/accident_report_005_Workplace_Incident_EN__real_phone_creased_flash_top.jpg,phone_creased_flash_top,手机拍纸质文档,折痕/褶皱,闪光灯,俯拍,03_legal_gov/06_accident_report/accident_report_005_Workplace_Incident_EN.png,true
03_legal_gov/06_accident_report/accident_report_006_NTSB_Aviation_Report,03_legal_gov,06_accident_report,03_legal_gov/06_accident_report/accident_report_006_NTSB_Aviation_Report.json,03_legal_gov/06_accident_report/accident_report_006_NTSB_Aviation_Report.html,03_legal_gov/06_accident_report/accident_report_006_NTSB_Aviation_Report.png,03_legal_gov/06_accident_report/accident_report_006_NTSB_Aviation_Report.png,03_legal_gov/06_accident_report/accident_report_006_NTSB_Aviation_Report__real_phone_photocopy_photocopy_normal_top.png,phone_photocopy,手机拍复印件,复印件,室内正常光,俯拍,03_legal_gov/06_accident_report/accident_report_006_NTSB_Aviation_Report.png,true
03_legal_gov/06_accident_report/accident_report_007_UK_HSE_RIDDOR,03_legal_gov,06_accident_report,03_legal_gov/06_accident_report/accident_report_007_UK_HSE_RIDDOR.json,03_legal_gov/06_accident_report/accident_report_007_UK_HSE_RIDDOR.html,03_legal_gov/06_accident_report/accident_report_007_UK_HSE_RIDDOR.png,03_legal_gov/06_accident_report/accident_report_007_UK_HSE_RIDDOR.png,03_legal_gov/06_accident_report/accident_report_007_UK_HSE_RIDDOR__real_phone_creased_normal_top.jpg,phone_creased_indoor_normal_top,手机拍纸质文档,折痕/褶皱,室内正常光,俯拍,03_legal_gov/06_accident_report/accident_report_007_UK_HSE_RIDDOR.png,true
03_legal_gov/06_accident_report/accident_report_008_OSHA_Fatality_Investigation,03_legal_gov,06_accident_report,03_legal_gov/06_accident_report/accident_report_008_OSHA_Fatality_Investigation.json,03_legal_gov/06_accident_report/accident_report_008_OSHA_Fatality_Investigation.html,03_legal_gov/06_accident_report/accident_report_008_OSHA_Fatality_Investigation.png,03_legal_gov/06_accident_report/accident_report_008_OSHA_Fatality_Investigation.png,03_legal_gov/06_accident_report/accident_report_008_OSHA_Fatality_Investigation__real_phone_photocopy_photocopy_normal_top.png,phone_photocopy,手机拍复印件,复印件,室内正常光,俯拍,03_legal_gov/06_accident_report/accident_report_008_OSHA_Fatality_Investigation.png,true
03_legal_gov/06_accident_report/accident_report_009_EPA_Environmental_Incident,03_legal_gov,06_accident_report,03_legal_gov/06_accident_report/accident_report_009_EPA_Environmental_Incident.json,03_legal_gov/06_accident_report/accident_report_009_EPA_Environmental_Incident.html,03_legal_gov/06_accident_report/accident_report_009_EPA_Environmental_Incident.png,03_legal_gov/06_accident_report/accident_report_009_EPA_Environmental_Incident.png,03_legal_gov/06_accident_report/accident_report_009_EPA_Environmental_Incident__real_phone_creased_normal_top.png,phone_creased_indoor_normal_top,手机拍纸质文档,折痕/褶皱,室内正常光,俯拍,03_legal_gov/06_accident_report/accident_report_009_EPA_Environmental_Incident.png,true
03_legal_gov/06_accident_report/accident_report_010_UK_MAIB_Marine_Report,03_legal_gov,06_accident_report,03_legal_gov/06_accident_report/accident_report_010_UK_MAIB_Marine_Report.json,03_legal_gov/06_accident_report/accident_report_010_UK_MAIB_Marine_Report.html,03_legal_gov/06_accident_report/accident_report_010_UK_MAIB_Marine_Report.png,03_legal_gov/06_accident_report/accident_report_010_UK_MAIB_Marine_Report.png,03_legal_gov/06_accident_report/accident_report_010_UK_MAIB_Marine_Report__real_phone_photocopy_photocopy_normal_top.png,phone_photocopy,手机拍复印件,复印件,室内正常光,俯拍,03_legal_gov/06_accident_report/accident_report_010_UK_MAIB_Marine_Report.png,true
03_legal_gov/06_accident_report/accident_report_011_US_DOT_Pipeline_Incident,03_legal_gov,06_accident_report,03_legal_gov/06_accident_report/accident_report_011_US_DOT_Pipeline_Incident.json,03_legal_gov/06_accident_report/accident_report_011_US_DOT_Pipeline_Incident.html,03_legal_gov/06_accident_report/accident_report_011_US_DOT_Pipeline_Incident.png,03_legal_gov/06_accident_report/accident_report_011_US_DOT_Pipeline_Incident.png,03_legal_gov/06_accident_report/accident_report_011_US_DOT_Pipeline_Incident__real_phone_creased_flash_top.png,phone_creased_flash_top,手机拍纸质文档,折痕/褶皱,闪光灯,俯拍,03_legal_gov/06_accident_report/accident_report_011_US_DOT_Pipeline_Incident.png,true
03_legal_gov/06_accident_report/accident_report_012_Australia_SafeWork_Investigation,03_legal_gov,06_accident_report,03_legal_gov/06_accident_report/accident_report_012_Australia_SafeWork_Investigation.json,03_legal_gov/06_accident_report/accident_report_012_Australia_SafeWork_Investigation.html,03_legal_gov/06_accident_report/accident_report_012_Australia_SafeWork_Investigation.png,03_legal_gov/06_accident_report/accident_report_012_Australia_SafeWork_Investigation.png,03_legal_gov/06_accident_report/accident_report_012_Australia_SafeWork_Investigation__real_phone_photocopy.png,phone_photocopy,手机拍复印件,复印件,室内正常光,俯拍,03_legal_gov/06_accident_report/accident_report_012_Australia_SafeWork_Investigation.png,true
03_legal_gov/06_accident_report/accident_report_013_US_CSB_Chemical_Investigation,03_legal_gov,06_accident_report,03_legal_gov/06_accident_report/accident_report_013_US_CSB_Chemical_Investigation.json,03_legal_gov/06_accident_report/accident_report_013_US_CSB_Chemical_Investigation.html,03_legal_gov/06_accident_report/accident_report_013_US_CSB_Chemical_Investigation.png,03_legal_gov/06_accident_report/accident_report_013_US_CSB_Chemical_Investigation.png,03_legal_gov/06_accident_report/accident_report_013_US_CSB_Chemical_Investigation__real_phone_creased_normal_top.png,phone_creased_indoor_normal_top,手机拍纸质文档,折痕/褶皱,室内正常光,俯拍,03_legal_gov/06_accident_report/accident_report_013_US_CSB_Chemical_Investigation.png,true
03_legal_gov/06_accident_report/accident_report_014_Canada_TSB_Rail_Report,03_legal_gov,06_accident_report,03_legal_gov/06_accident_report/accident_report_014_Canada_TSB_Rail_Report.json,03_legal_gov/06_accident_report/accident_report_014_Canada_TSB_Rail_Report.html,03_legal_gov/06_accident_report/accident_report_014_Canada_TSB_Rail_Report.png,03_legal_gov/06_accident_report/accident_report_014_Canada_TSB_Rail_Report.png,03_legal_gov/06_accident_report/accident_report_014_Canada_TSB_Rail_Report__real_phone_photocopy_photocopy_normal_top.png,phone_photocopy,手机拍复印件,复印件,室内正常光,俯拍,03_legal_gov/06_accident_report/accident_report_014_Canada_TSB_Rail_Report.png,true
03_legal_gov/06_accident_report/accident_report_015_US_MSHA_Mine_Accident,03_legal_gov,06_accident_report,03_legal_gov/06_accident_report/accident_report_015_US_MSHA_Mine_Accident.json,03_legal_gov/06_accident_report/accident_report_015_US_MSHA_Mine_Accident.html,03_legal_gov/06_accident_report/accident_report_015_US_MSHA_Mine_Accident.png,03_legal_gov/06_accident_report/accident_report_015_US_MSHA_Mine_Accident.png,03_legal_gov/06_accident_report/accident_report_015_US_MSHA_Mine_Accident__real_phone_creased_normal_top.png,phone_creased_indoor_normal_top,手机拍纸质文档,折痕/褶皱,室内正常光,俯拍,03_legal_gov/06_accident_report/accident_report_015_US_MSHA_Mine_Accident.png,true
03_legal_gov/06_accident_report/accident_report_016_US_Police_Traffic_Report,03_legal_gov,06_accident_report,03_legal_gov/06_accident_report/accident_report_016_US_Police_Traffic_Report.json,03_legal_gov/06_accident_report/accident_report_016_US_Police_Traffic_Report.html,03_legal_gov/06_accident_report/accident_report_016_US_Police_Traffic_Report.png,03_legal_gov/06_accident_report/accident_report_016_US_Police_Traffic_Report.png,03_legal_gov/06_accident_report/accident_report_016_US_Police_Traffic_Report__real_phone_photocopy_photocopy_normal_top.png,phone_photocopy,手机拍复印件,复印件,室内正常光,俯拍,03_legal_gov/06_accident_report/accident_report_016_US_Police_Traffic_Report.png,true
03_legal_gov/06_accident_report/accident_report_017_FDA_MedWatch_Adverse_Event,03_legal_gov,06_accident_report,03_legal_gov/06_accident_report/accident_report_017_FDA_MedWatch_Adverse_Event.json,03_legal_gov/06_accident_report/accident_report_017_FDA_MedWatch_Adverse_Event.html,03_legal_gov/06_accident_report/accident_report_017_FDA_MedWatch_Adverse_Event.png,03_legal_gov/06_accident_report/accident_report_017_FDA_MedWatch_Adverse_Event.png,03_legal_gov/06_accident_report/accident_report_017_FDA_MedWatch_Adverse_Event__real_phone_creased_normal_top.png,phone_creased_indoor_normal_top,手机拍纸质文档,折痕/褶皱,室内正常光,俯拍,03_legal_gov/06_accident_report/accident_report_017_FDA_MedWatch_Adverse_Event.png,true
03_legal_gov/06_accident_report/accident_report_018_UK_EA_Pollution_Incident,03_legal_gov,06_accident_report,03_legal_gov/06_accident_report/accident_report_018_UK_EA_Pollution_Incident.json,03_legal_gov/06_accident_report/accident_report_018_UK_EA_Pollution_Incident.html,03_legal_gov/06_accident_report/accident_report_018_UK_EA_Pollution_Incident.png,03_legal_gov/06_accident_report/accident_report_018_UK_EA_Pollution_Incident.png,03_legal_gov/06_accident_report/accident_report_018_UK_EA_Pollution_Incident__real_phone_photocopy_photocopy_normal_top.png,phone_photocopy,手机拍复印件,复印件,室内正常光,俯拍,03_legal_gov/06_accident_report/accident_report_018_UK_EA_Pollution_Incident.png,true
03_legal_gov/06_accident_report/accident_report_019_NTSB_Highway_Accident,03_legal_gov,06_accident_report,03_legal_gov/06_accident_report/accident_report_019_NTSB_Highway_Accident.json,03_legal_gov/06_accident_report/accident_report_019_NTSB_Highway_Accident.html,03_legal_gov/06_accident_report/accident_report_019_NTSB_Highway_Accident.png,03_legal_gov/06_accident_report/accident_report_019_NTSB_Highway_Accident.png,03_legal_gov/06_accident_report/accident_report_019_NTSB_Highway_Accident__real_phone_creased_normal_top.png,phone_creased_indoor_normal_top,手机拍纸质文档,折痕/褶皱,室内正常光,俯拍,03_legal_gov/06_accident_report/accident_report_019_NTSB_Highway_Accident.png,true
03_legal_gov/06_accident_report/accident_report_020_SafeWork_NSW_Investigation,03_legal_gov,06_accident_report,03_legal_gov/06_accident_report/accident_report_020_SafeWork_NSW_Investigation.json,03_legal_gov/06_accident_report/accident_report_020_SafeWork_NSW_Investigation.html,03_legal_gov/06_accident_report/accident_report_020_SafeWork_NSW_Investigation.png,03_legal_gov/06_accident_report/accident_report_020_SafeWork_NSW_Investigation.png,03_legal_gov/06_accident_report/accident_report_020_SafeWork_NSW_Investigation__real_phone_photocopy_photocopy_normal_top.png,phone_photocopy,手机拍复印件,复印件,室内正常光,俯拍,03_legal_gov/06_accident_report/accident_report_020_SafeWork_NSW_Investigation.png,true
04_business/01_contract/contract_002_技术开发合同,04_business,01_contract,04_business/01_contract/contract_002_技术开发合同.json,04_business/01_contract/contract_002_技术开发合同.html,04_business/01_contract/contract_002_技术开发合同.png,04_business/01_contract/contract_002_技术开发合同.png,04_business/01_contract/contract_002_技术开发合同__real_phone_photocopy_photocopy_normal_top.png,phone_photocopy,手机拍复印件,复印件,室内正常光,俯拍,04_business/01_contract/contract_002_技术开发合同.png,true
04_business/01_contract/contract_003_Employment_Agreement_EN,04_business,01_contract,04_business/01_contract/contract_003_Employment_Agreement_EN.json,04_business/01_contract/contract_003_Employment_Agreement_EN.html,04_business/01_contract/contract_003_Employment_Agreement_EN.png,04_business/01_contract/contract_003_Employment_Agreement_EN.png,04_business/01_contract/contract_003_Employment_Agreement_EN__real_phone_flat_normal_top.png,phone_flat_indoor_normal_top,手机拍纸质文档,平整,室内正常光,俯拍,04_business/01_contract/contract_003_Employment_Agreement_EN.png,true
04_business/01_contract/contract_004_房屋租赁合同,04_business,01_contract,04_business/01_contract/contract_004_房屋租赁合同.json,04_business/01_contract/contract_004_房屋租赁合同.html,04_business/01_contract/contract_004_房屋租赁合同.png,04_business/01_contract/contract_004_房屋租赁合同.png,04_business/01_contract/contract_004_房屋租赁合同__real_phone_photocopy_photocopy_normal_top.png,phone_photocopy,手机拍复印件,复印件,室内正常光,俯拍,04_business/01_contract/contract_004_房屋租赁合同.png,true
04_business/01_contract/contract_006_股权转让协议,04_business,01_contract,04_business/01_contract/contract_006_股权转让协议.json,04_business/01_contract/contract_006_股权转让协议.html,04_business/01_contract/contract_006_股权转让协议.png,04_business/01_contract/contract_006_股权转让协议.png,04_business/01_contract/contract_006_股权转让协议__real_phone_flat_normal_top.png,phone_flat_indoor_normal_top,手机拍纸质文档,平整,室内正常光,俯拍,04_business/01_contract/contract_006_股权转让协议.png,true
04_business/01_contract/contract_007_Software_License_Agreement,04_business,01_contract,04_business/01_contract/contract_007_Software_License_Agreement.json,04_business/01_contract/contract_007_Software_License_Agreement.html,04_business/01_contract/contract_007_Software_License_Agreement.png,04_business/01_contract/contract_007_Software_License_Agreement.png,04_business/01_contract/contract_007_Software_License_Agreement__real_screenshot_na_na_na.png,phone_photocopy,手机拍复印件,复印件,室内正常光,俯拍,04_business/01_contract/contract_007_Software_License_Agreement.png,true
04_business/01_contract/contract_008_建设工程施工合同,04_business,01_contract,04_business/01_contract/contract_008_建设工程施工合同.json,04_business/01_contract/contract_008_建设工程施工合同.html,04_business/01_contract/contract_008_建设工程施工合同.png,04_business/01_contract/contract_008_建设工程施工合同.png,04_business/01_contract/contract_008_建设工程施工合同__real_phone_flat_normal_top.png,phone_flat_indoor_normal_top,手机拍纸质文档,平整,室内正常光,俯拍,04_business/01_contract/contract_008_建设工程施工合同.png,true
04_business/01_contract/contract_009_物业服务合同,04_business,01_contract,04_business/01_contract/contract_009_物业服务合同.json,04_business/01_contract/contract_009_物业服务合同.html,04_business/01_contract/contract_009_物业服务合同.png,04_business/01_contract/contract_009_物业服务合同.png,04_business/01_contract/contract_009_物业服务合同__real_phone_photocopy_photocopy_normal_top.png,phone_photocopy,手机拍复印件,复印件,室内正常光,俯拍,04_business/01_contract/contract_009_物业服务合同.png,true
04_business/01_contract/contract_010_Sales_Agency_Agreement,04_business,01_contract,04_business/01_contract/contract_010_Sales_Agency_Agreement.json,04_business/01_contract/contract_010_Sales_Agency_Agreement.html,04_business/01_contract/contract_010_Sales_Agency_Agreement.png,04_business/01_contract/contract_010_Sales_Agency_Agreement.png,04_business/01_contract/contract_010_Sales_Agency_Agreement__real_phone_flat_normal_top.png,phone_flat_indoor_normal_top,手机拍纸质文档,平整,室内正常光,俯拍,04_business/01_contract/contract_010_Sales_Agency_Agreement.png,true
04_business/01_contract/contract_011_融资租赁合同,04_business,01_contract,04_business/01_contract/contract_011_融资租赁合同.json,04_business/01_contract/contract_011_融资租赁合同.html,04_business/01_contract/contract_011_融资租赁合同.png,04_business/01_contract/contract_011_融资租赁合同.png,04_business/01_contract/contract_011_融资租赁合同__real_phone_photocopy_photocopy_normal_top.png,phone_photocopy,手机拍复印件,复印件,室内正常光,俯拍,04_business/01_contract/contract_011_融资租赁合同.png,true
04_business/01_contract/contract_012_Consulting_Service_Agreement,04_business,01_contract,04_business/01_contract/contract_012_Consulting_Service_Agreement.json,04_business/01_contract/contract_012_Consulting_Service_Agreement.html,04_business/01_contract/contract_012_Consulting_Service_Agreement.png,04_business/01_contract/contract_012_Consulting_Service_Agreement.png,04_business/01_contract/contract_012_Consulting_Service_Agreement__real_phone_flat_normal_top.png,phone_flat_indoor_normal_top,手机拍纸质文档,平整,室内正常光,俯拍,04_business/01_contract/contract_012_Consulting_Service_Agreement.png,true
04_business/01_contract/contract_014_特许经营合同,04_business,01_contract,04_business/01_contract/contract_014_特许经营合同.json,04_business/01_contract/contract_014_特许经营合同.html,04_business/01_contract/contract_014_特许经营合同.png,04_business/01_contract/contract_014_特许经营合同.png,04_business/01_contract/contract_014_特许经营合同__real_phone_photocopy_photocopy_normal_top.png,phone_photocopy,手机拍复印件,复印件,室内正常光,俯拍,04_business/01_contract/contract_014_特许经营合同.png,true
04_business/01_contract/contract_016_知识产权许可合同_双语,04_business,01_contract,04_business/01_contract/contract_016_知识产权许可合同_双语.json,04_business/01_contract/contract_016_知识产权许可合同_双语.html,04_business/01_contract/contract_016_知识产权许可合同_双语.png,04_business/01_contract/contract_016_知识产权许可合同_双语.png,04_business/01_contract/contract_016_知识产权许可合同_双语__real_phone_flat_flash_top.png,phone_flat_flash_top,手机拍纸质文档,平整,闪光灯,俯拍,04_business/01_contract/contract_016_知识产权许可合同_双语.png,true
04_business/01_contract/contract_021_AI_Employment_Agreement,04_business,01_contract,04_business/01_contract/contract_021_AI_Employment_Agreement.json,04_business/01_contract/contract_021_AI_Employment_Agreement.html,04_business/01_contract/contract_021_AI_Employment_Agreement.png,04_business/01_contract/contract_021_AI_Employment_Agreement.png,04_business/01_contract/contract_021_AI_Employment_Agreement__real_phone_photocopy.png,phone_photocopy,手机拍复印件,复印件,室内正常光,俯拍,04_business/01_contract/contract_021_AI_Employment_Agreement.png,true
04_business/01_contract/contract_021_Smart_Port_Logistics,04_business,01_contract,04_business/01_contract/contract_021_Smart_Port_Logistics.json,04_business/01_contract/contract_021_Smart_Port_Logistics.html,04_business/01_contract/contract_021_Smart_Port_Logistics.png,04_business/01_contract/contract_021_Smart_Port_Logistics.png,04_business/01_contract/contract_021_Smart_Port_Logistics__real_phone_flat_normal_top.jpg,phone_flat_indoor_normal_top,手机拍纸质文档,平整,室内正常光,俯拍,04_business/01_contract/contract_021_Smart_Port_Logistics.png,true
04_business/01_contract/contract_022_Emergency_Airdrop_Drone,04_business,01_contract,04_business/01_contract/contract_022_Emergency_Airdrop_Drone.json,04_business/01_contract/contract_022_Emergency_Airdrop_Drone.html,04_business/01_contract/contract_022_Emergency_Airdrop_Drone.png,04_business/01_contract/contract_022_Emergency_Airdrop_Drone.png,04_business/01_contract/contract_022_Emergency_Airdrop_Drone__real_phone_photocopy_photocopy_normal_top.png,phone_photocopy,手机拍复印件,复印件,室内正常光,俯拍,04_business/01_contract/contract_022_Emergency_Airdrop_Drone.png,true
04_business/01_contract/contract_022_深海微生物跨国转让合同,04_business,01_contract,04_business/01_contract/contract_022_深海微生物跨国转让合同.json,04_business/01_contract/contract_022_深海微生物跨国转让合同.html,04_business/01_contract/contract_022_深海微生物跨国转让合同.png,04_business/01_contract/contract_022_深海微生物跨国转让合同.png,04_business/01_contract/contract_022_深海微生物跨国转让合同__real_phone_flat_normal_top.png,phone_flat_indoor_normal_top,手机拍纸质文档,平整,室内正常光,俯拍,04_business/01_contract/contract_022_深海微生物跨国转让合同.png,true
04_business/01_contract/contract_023_Space_Tourism,04_business,01_contract,04_business/01_contract/contract_023_Space_Tourism.json,04_business/01_contract/contract_023_Space_Tourism.html,04_business/01_contract/contract_023_Space_Tourism.png,04_business/01_contract/contract_023_Space_Tourism.png,04_business/01_contract/contract_023_Space_Tourism__real_phone_photocopy_photocopy_normal_top.jpg,phone_photocopy,手机拍复印件,复印件,室内正常光,俯拍,04_business/01_contract/contract_023_Space_Tourism.png,true
04_business/01_contract/contract_023_艺术品委托修复展览保险合同,04_business,01_contract,04_business/01_contract/contract_023_艺术品委托修复展览保险合同.json,04_business/01_contract/contract_023_艺术品委托修复展览保险合同.html,04_business/01_contract/contract_023_艺术品委托修复展览保险合同.png,04_business/01_contract/contract_023_艺术品委托修复展览保险合同.png,04_business/01_contract/contract_023_艺术品委托修复展览保险合同__real_phone_flat_normal_top.png,phone_flat_indoor_normal_top,手机拍纸质文档,平整,室内正常光,俯拍,04_business/01_contract/contract_023_艺术品委托修复展览保险合同.png,true
04_business/01_contract/contract_024_智能实验室设备采购合同,04_business,01_contract,04_business/01_contract/contract_024_智能实验室设备采购合同.json,04_business/01_contract/contract_024_智能实验室设备采购合同.html,04_business/01_contract/contract_024_智能实验室设备采购合同.png,04_business/01_contract/contract_024_智能实验室设备采购合同.png,04_business/01_contract/contract_024_智能实验室设备采购合同__real_phone_photocopy.png,phone_photocopy,手机拍复印件,复印件,室内正常光,俯拍,04_business/01_contract/contract_024_智能实验室设备采购合同.png,true
04_business/01_contract/contract_025_城市低空物流无人机走廊联合运营协议,04_business,01_contract,04_business/01_contract/contract_025_城市低空物流无人机走廊联合运营协议.json,04_business/01_contract/contract_025_城市低空物流无人机走廊联合运营协议.html,04_business/01_contract/contract_025_城市低空物流无人机走廊联合运营协议.png,04_business/01_contract/contract_025_城市低空物流无人机走廊联合运营协议.png,04_business/01_contract/contract_025_城市低空物流无人机走廊联合运营协议__real_phone_flat_normal_top.png,phone_flat_indoor_normal_top,手机拍纸质文档,平整,室内正常光,俯拍,04_business/01_contract/contract_025_城市低空物流无人机走廊联合运营协议.png,true
04_business/01_contract/contract_026_Biobank_Sample_Transfer_and_Genomic_Data_Licensing_Agreement,04_business,01_contract,04_business/01_contract/contract_026_Biobank_Sample_Transfer_and_Genomic_Data_Licensing_Agreement.json,04_business/01_contract/contract_026_Biobank_Sample_Transfer_and_Genomic_Data_Licensing_Agreement.html,04_business/01_contract/contract_026_Biobank_Sample_Transfer_and_Genomic_Data_Licensing_Agreement.png,04_business/01_contract/contract_026_Biobank_Sample_Transfer_and_Genomic_Data_Licensing_Agreement.png,04_business/01_contract/contract_026_Biobank_Sample_Transfer_and_Genomic_Data_Licensing_Agreement__real_phone_photocopy_photocopy_normal_top.png,phone_photocopy,手机拍复印件,复印件,室内正常光,俯拍,04_business/01_contract/contract_026_Biobank_Sample_Transfer_and_Genomic_Data_Licensing_Agreement.png,true
04_business/01_contract/contract_026_沉浸式数字展演联合制作合同,04_business,01_contract,04_business/01_contract/contract_026_沉浸式数字展演联合制作合同.json,04_business/01_contract/contract_026_沉浸式数字展演联合制作合同.html,04_business/01_contract/contract_026_沉浸式数字展演联合制作合同.png,04_business/01_contract/contract_026_沉浸式数字展演联合制作合同.png,04_business/01_contract/contract_026_沉浸式数字展演联合制作合同__real_screen_na_screen_screen.jpg,screen_photography,拍屏,无(屏幕显示),屏幕背光+室内光,手机对屏幕,04_business/01_contract/contract_026_沉浸式数字展演联合制作合同.png,true
04_business/01_contract/contract_027_博物馆临时借展与运输保险协议,04_business,01_contract,04_business/01_contract/contract_027_博物馆临时借展与运输保险协议.json,04_business/01_contract/contract_027_博物馆临时借展与运输保险协议.html,04_business/01_contract/contract_027_博物馆临时借展与运输保险协议.png,04_business/01_contract/contract_027_博物馆临时借展与运输保险协议.png,04_business/01_contract/contract_027_博物馆临时借展与运输保险协议__real_phone_photocopy.png,phone_photocopy,手机拍复印件,复印件,室内正常光,俯拍,04_business/01_contract/contract_027_博物馆临时借展与运输保险协议.png,true
04_business/01_contract/contract_028_校园艺术节摊位租赁与联合运营协议,04_business,01_contract,04_business/01_contract/contract_028_校园艺术节摊位租赁与联合运营协议.json,04_business/01_contract/contract_028_校园艺术节摊位租赁与联合运营协议.html,04_business/01_contract/contract_028_校园艺术节摊位租赁与联合运营协议.png,04_business/01_contract/contract_028_校园艺术节摊位租赁与联合运营协议.png,04_business/01_contract/contract_028_校园艺术节摊位租赁与联合运营协议__real_screenshot_na_na_na.png,screenshot_compressed,截图+转发压缩,无(纯数字),无,无,04_business/01_contract/contract_028_校园艺术节摊位租赁与联合运营协议.png,true
04_business/02_quotation/quotation_001_IT设备采购报价单,04_business,02_quotation,04_business/02_quotation/quotation_001_IT设备采购报价单.json,04_business/02_quotation/quotation_001_IT设备采购报价单.html,04_business/02_quotation/quotation_001_IT设备采购报价单.png,04_business/02_quotation/quotation_001_IT设备采购报价单.png,04_business/02_quotation/quotation_001_IT设备采购报价单__real_phone_flat_normal_top.png,phone_flat_indoor_normal_top,手机拍纸质文档,平整,室内正常光,俯拍,04_business/02_quotation/quotation_001_IT设备采购报价单.png,true
04_business/02_quotation/quotation_002_Construction_Project_Quote,04_business,02_quotation,04_business/02_quotation/quotation_002_Construction_Project_Quote.json,04_business/02_quotation/quotation_002_Construction_Project_Quote.html,04_business/02_quotation/quotation_002_Construction_Project_Quote.png,04_business/02_quotation/quotation_002_Construction_Project_Quote.png,04_business/02_quotation/quotation_002_Construction_Project_Quote__real_screenshot_na_na_na.png,screenshot_compressed,截图+转发压缩,无(纯数字),无,无,04_business/02_quotation/quotation_002_Construction_Project_Quote.png,true
04_business/02_quotation/quotation_003_广告投放报价方案,04_business,02_quotation,04_business/02_quotation/quotation_003_广告投放报价方案.json,04_business/02_quotation/quotation_003_广告投放报价方案.html,04_business/02_quotation/quotation_003_广告投放报价方案.png,04_business/02_quotation/quotation_003_广告投放报价方案.png,04_business/02_quotation/quotation_003_广告投放报价方案__real_phone_flat_normal_top.png,phone_flat_indoor_normal_top,手机拍纸质文档,平整,室内正常光,俯拍,04_business/02_quotation/quotation_003_广告投放报价方案.png,true
04_business/02_quotation/quotation_004_Catering_Service_Quotation,04_business,02_quotation,04_business/02_quotation/quotation_004_Catering_Service_Quotation.json,04_business/02_quotation/quotation_004_Catering_Service_Quotation.html,04_business/02_quotation/quotation_004_Catering_Service_Quotation.png,04_business/02_quotation/quotation_004_Catering_Service_Quotation.png,04_business/02_quotation/quotation_004_Catering_Service_Quotation__real_screenshot_na_na_na.jpg,screenshot_compressed,截图+转发压缩,无(纯数字),无,无,04_business/02_quotation/quotation_004_Catering_Service_Quotation.png,true
04_business/02_quotation/quotation_005_印刷品报价单,04_business,02_quotation,04_business/02_quotation/quotation_005_印刷品报价单.json,04_business/02_quotation/quotation_005_印刷品报价单.html,04_business/02_quotation/quotation_005_印刷品报价单.png,04_business/02_quotation/quotation_005_印刷品报价单.png,04_business/02_quotation/quotation_005_印刷品报价单__real_phone_flat_normal_top.png,phone_flat_indoor_normal_top,手机拍纸质文档,平整,室内正常光,俯拍,04_business/02_quotation/quotation_005_印刷品报价单.png,true
04_business/02_quotation/quotation_006_医疗设备报价单,04_business,02_quotation,04_business/02_quotation/quotation_006_医疗设备报价单.json,04_business/02_quotation/quotation_006_医疗设备报价单.html,04_business/02_quotation/quotation_006_医疗设备报价单.png,04_business/02_quotation/quotation_006_医疗设备报价单.png,04_business/02_quotation/quotation_006_医疗设备报价单__real_screenshot_na_na_na.png,screenshot_compressed,截图+转发压缩,无(纯数字),无,无,04_business/02_quotation/quotation_006_医疗设备报价单.png,true
04_business/02_quotation/quotation_008_婚庆服务报价方案,04_business,02_quotation,04_business/02_quotation/quotation_008_婚庆服务报价方案.json,04_business/02_quotation/quotation_008_婚庆服务报价方案.html,04_business/02_quotation/quotation_008_婚庆服务报价方案.png,04_business/02_quotation/quotation_008_婚庆服务报价方案.png,04_business/02_quotation/quotation_008_婚庆服务报价方案__real_phone_flat_normal_top.png,phone_flat_indoor_normal_top,手机拍纸质文档,平整,室内正常光,俯拍,04_business/02_quotation/quotation_008_婚庆服务报价方案.png,true
04_business/02_quotation/quotation_011_Precision_Hydraulic_Export_Quote,04_business,02_quotation,04_business/02_quotation/quotation_011_Precision_Hydraulic_Export_Quote.json,04_business/02_quotation/quotation_011_Precision_Hydraulic_Export_Quote.html,04_business/02_quotation/quotation_011_Precision_Hydraulic_Export_Quote.png,04_business/02_quotation/quotation_011_Precision_Hydraulic_Export_Quote.png,04_business/02_quotation/quotation_011_Precision_Hydraulic_Export_Quote__real_screenshot_compressed.png,screenshot_compressed,截图+转发压缩,无(纯数字),无,无,04_business/02_quotation/quotation_011_Precision_Hydraulic_Export_Quote.png,true
04_business/02_quotation/quotation_012_半导体封测服务报价单,04_business,02_quotation,04_business/02_quotation/quotation_012_半导体封测服务报价单.json,04_business/02_quotation/quotation_012_半导体封测服务报价单.html,04_business/02_quotation/quotation_012_半导体封测服务报价单.png,04_business/02_quotation/quotation_012_半导体封测服务报价单.png,04_business/02_quotation/quotation_012_半导体封测服务报价单__real_phone_flat_normal_top.png,phone_flat_indoor_normal_top,手机拍纸质文档,平整,室内正常光,俯拍,04_business/02_quotation/quotation_012_半导体封测服务报价单.png,true
04_business/02_quotation/quotation_013_Pharmaceutical_API_Quotation,04_business,02_quotation,04_business/02_quotation/quotation_013_Pharmaceutical_API_Quotation.json,04_business/02_quotation/quotation_013_Pharmaceutical_API_Quotation.html,04_business/02_quotation/quotation_013_Pharmaceutical_API_Quotation.png,04_business/02_quotation/quotation_013_Pharmaceutical_API_Quotation.png,04_business/02_quotation/quotation_013_Pharmaceutical_API_Quotation__real_screenshot_compressed.png,screenshot_compressed,截图+转发压缩,无(纯数字),无,无,04_business/02_quotation/quotation_013_Pharmaceutical_API_Quotation.png,true
04_business/02_quotation/quotation_014_会展搭建报价方案,04_business,02_quotation,04_business/02_quotation/quotation_014_会展搭建报价方案.json,04_business/02_quotation/quotation_014_会展搭建报价方案.html,04_business/02_quotation/quotation_014_会展搭建报价方案.png,04_business/02_quotation/quotation_014_会展搭建报价方案.png,04_business/02_quotation/quotation_014_会展搭建报价方案__real_screenshot_na_na_na.jpg,screenshot_compressed,截图+转发压缩,无(纯数字),无,无,04_business/02_quotation/quotation_014_会展搭建报价方案.png,true
04_business/02_quotation/quotation_015_Industrial_Automation_Line_Quote,04_business,02_quotation,04_business/02_quotation/quotation_015_Industrial_Automation_Line_Quote.json,04_business/02_quotation/quotation_015_Industrial_Automation_Line_Quote.html,04_business/02_quotation/quotation_015_Industrial_Automation_Line_Quote.png,04_business/02_quotation/quotation_015_Industrial_Automation_Line_Quote.png,04_business/02_quotation/quotation_015_Industrial_Automation_Line_Quote__real_screenshot_na_na_na.png,screenshot_compressed,截图+转发压缩,无(纯数字),无,无,04_business/02_quotation/quotation_015_Industrial_Automation_Line_Quote.png,true
04_business/02_quotation/quotation_016_光伏组件出口报价单,04_business,02_quotation,04_business/02_quotation/quotation_016_光伏组件出口报价单.json,04_business/02_quotation/quotation_016_光伏组件出口报价单.html,04_business/02_quotation/quotation_016_光伏组件出口报价单.png,04_business/02_quotation/quotation_016_光伏组件出口报价单.png,04_business/02_quotation/quotation_016_光伏组件出口报价单__real_screen_na_screen_screen.png,screen_photography,拍屏,无(屏幕显示),屏幕背光+室内光,手机对屏幕,04_business/02_quotation/quotation_016_光伏组件出口报价单.png,true
04_business/02_quotation/quotation_017_Luxury_Hotel_Conference_Quote,04_business,02_quotation,04_business/02_quotation/quotation_017_Luxury_Hotel_Conference_Quote.json,04_business/02_quotation/quotation_017_Luxury_Hotel_Conference_Quote.html,04_business/02_quotation/quotation_017_Luxury_Hotel_Conference_Quote.png,04_business/02_quotation/quotation_017_Luxury_Hotel_Conference_Quote.png,04_business/02_quotation/quotation_017_Luxury_Hotel_Conference_Quote__real_screenshot_na_na_na.png,screenshot_compressed,截图+转发压缩,无(纯数字),无,无,04_business/02_quotation/quotation_017_Luxury_Hotel_Conference_Quote.png,true
04_business/02_quotation/quotation_018_化工原料报价单,04_business,02_quotation,04_business/02_quotation/quotation_018_化工原料报价单.json,04_business/02_quotation/quotation_018_化工原料报价单.html,04_business/02_quotation/quotation_018_化工原料报价单.png,04_business/02_quotation/quotation_018_化工原料报价单.png,04_business/02_quotation/quotation_018_化工原料报价单__real_screenshot_na_na_na.png,screenshot_compressed,截图+转发压缩,无(纯数字),无,无,04_business/02_quotation/quotation_018_化工原料报价单.png,true
04_business/02_quotation/quotation_019_Telecom_Network_Equipment_Quote,04_business,02_quotation,04_business/02_quotation/quotation_019_Telecom_Network_Equipment_Quote.json,04_business/02_quotation/quotation_019_Telecom_Network_Equipment_Quote.html,04_business/02_quotation/quotation_019_Telecom_Network_Equipment_Quote.png,04_business/02_quotation/quotation_019_Telecom_Network_Equipment_Quote.png,04_business/02_quotation/quotation_019_Telecom_Network_Equipment_Quote__real_screenshot_compressed.png,screenshot_compressed,截图+转发压缩,无(纯数字),无,无,04_business/02_quotation/quotation_019_Telecom_Network_Equipment_Quote.png,true
04_business/02_quotation/quotation_020_全屋定制装修报价单,04_business,02_quotation,04_business/02_quotation/quotation_020_全屋定制装修报价单.json,04_business/02_quotation/quotation_020_全屋定制装修报价单.html,04_business/02_quotation/quotation_020_全屋定制装修报价单.png,04_business/02_quotation/quotation_020_全屋定制装修报价单.png,04_business/02_quotation/quotation_020_全屋定制装修报价单__real_phone_flat_normal_top.png,phone_flat_indoor_normal_top,手机拍纸质文档,平整,室内正常光,俯拍,04_business/02_quotation/quotation_020_全屋定制装修报价单.png,true
04_business/02_quotation/quotation_021_安防监控系统报价单,04_business,02_quotation,04_business/02_quotation/quotation_021_安防监控系统报价单.json,04_business/02_quotation/quotation_021_安防监控系统报价单.html,04_business/02_quotation/quotation_021_安防监控系统报价单.png,04_business/02_quotation/quotation_021_安防监控系统报价单.png,04_business/02_quotation/quotation_021_安防监控系统报价单__real_screenshot_na_na_na.png,screenshot_compressed,截图+转发压缩,无(纯数字),无,无,04_business/02_quotation/quotation_021_安防监控系统报价单.png,true
04_business/02_quotation/quotation_022_SaaS_Enterprise_Software_Quote,04_business,02_quotation,04_business/02_quotation/quotation_022_SaaS_Enterprise_Software_Quote.json,04_business/02_quotation/quotation_022_SaaS_Enterprise_Software_Quote.html,04_business/02_quotation/quotation_022_SaaS_Enterprise_Software_Quote.png,04_business/02_quotation/quotation_022_SaaS_Enterprise_Software_Quote.png,04_business/02_quotation/quotation_022_SaaS_Enterprise_Software_Quote__real_phone_flat_flash_top.png,phone_flat_flash_top,手机拍纸质文档,平整,闪光灯,俯拍,04_business/02_quotation/quotation_022_SaaS_Enterprise_Software_Quote.png,true
04_business/02_quotation/quotation_023_汽车零配件OEM报价单,04_business,02_quotation,04_business/02_quotation/quotation_023_汽车零配件OEM报价单.json,04_business/02_quotation/quotation_023_汽车零配件OEM报价单.html,04_business/02_quotation/quotation_023_汽车零配件OEM报价单.png,04_business/02_quotation/quotation_023_汽车零配件OEM报价单.png,04_business/02_quotation/quotation_023_汽车零配件OEM报价单__real_screenshot_na_na_na.jpg,screenshot_compressed,截图+转发压缩,无(纯数字),无,无,04_business/02_quotation/quotation_023_汽车零配件OEM报价单.png,true
04_business/02_quotation/quotation_024_食品原料进口报价单,04_business,02_quotation,04_business/02_quotation/quotation_024_食品原料进口报价单.json,04_business/02_quotation/quotation_024_食品原料进口报价单.html,04_business/02_quotation/quotation_024_食品原料进口报价单.png,04_business/02_quotation/quotation_024_食品原料进口报价单.png,04_business/02_quotation/quotation_024_食品原料进口报价单__real_phone_flat_flash_top.png,phone_flat_flash_top,手机拍纸质文档,平整,闪光灯,俯拍,04_business/02_quotation/quotation_024_食品原料进口报价单.png,true
04_business/02_quotation/quotation_025_Compliance_Consulting,04_business,02_quotation,04_business/02_quotation/quotation_025_Compliance_Consulting.json,04_business/02_quotation/quotation_025_Compliance_Consulting.html,04_business/02_quotation/quotation_025_Compliance_Consulting.png,04_business/02_quotation/quotation_025_Compliance_Consulting.png,04_business/02_quotation/quotation_025_Compliance_Consulting__real_screenshot_compressed.png,screenshot_compressed,截图+转发压缩,无(纯数字),无,无,04_business/02_quotation/quotation_025_Compliance_Consulting.png,true
04_business/02_quotation/quotation_025_Medical_Equipment,04_business,02_quotation,04_business/02_quotation/quotation_025_Medical_Equipment.json,04_business/02_quotation/quotation_025_Medical_Equipment.html,04_business/02_quotation/quotation_025_Medical_Equipment.png,04_business/02_quotation/quotation_025_Medical_Equipment.png,04_business/02_quotation/quotation_025_Medical_Equipment__real_screenshot_na_na_na.png,screenshot_compressed,截图+转发压缩,无(纯数字),无,无,04_business/02_quotation/quotation_025_Medical_Equipment.png,true
04_business/02_quotation/quotation_026_Ultrafast_Laser_System,04_business,02_quotation,04_business/02_quotation/quotation_026_Ultrafast_Laser_System.json,04_business/02_quotation/quotation_026_Ultrafast_Laser_System.html,04_business/02_quotation/quotation_026_Ultrafast_Laser_System.png,04_business/02_quotation/quotation_026_Ultrafast_Laser_System.png,04_business/02_quotation/quotation_026_Ultrafast_Laser_System__real_screenshot_na_na_na.jpg,screenshot_compressed,截图+转发压缩,无(纯数字),无,无,04_business/02_quotation/quotation_026_Ultrafast_Laser_System.png,true
04_business/02_quotation/quotation_026_工业自动化产线报价单,04_business,02_quotation,04_business/02_quotation/quotation_026_工业自动化产线报价单.json,04_business/02_quotation/quotation_026_工业自动化产线报价单.html,04_business/02_quotation/quotation_026_工业自动化产线报价单.png,04_business/02_quotation/quotation_026_工业自动化产线报价单.png,04_business/02_quotation/quotation_026_工业自动化产线报价单__real_phone_flat_normal_top.png,phone_flat_indoor_normal_top,手机拍纸质文档,平整,室内正常光,俯拍,04_business/02_quotation/quotation_026_工业自动化产线报价单.png,true
04_business/02_quotation/quotation_027_品牌发布会创意报价,04_business,02_quotation,04_business/02_quotation/quotation_027_品牌发布会创意报价.json,04_business/02_quotation/quotation_027_品牌发布会创意报价.html,04_business/02_quotation/quotation_027_品牌发布会创意报价.png,04_business/02_quotation/quotation_027_品牌发布会创意报价.png,04_business/02_quotation/quotation_027_品牌发布会创意报价__real_screenshot_compressed.png,screenshot_compressed,截图+转发压缩,无(纯数字),无,无,04_business/02_quotation/quotation_027_品牌发布会创意报价.png,true
04_business/02_quotation/quotation_028_Curtainwall_MEP,04_business,02_quotation,04_business/02_quotation/quotation_028_Curtainwall_MEP.json,04_business/02_quotation/quotation_028_Curtainwall_MEP.html,04_business/02_quotation/quotation_028_Curtainwall_MEP.png,04_business/02_quotation/quotation_028_Curtainwall_MEP.png,04_business/02_quotation/quotation_028_Curtainwall_MEP__real_phone_flat_normal_top.png,phone_flat_indoor_normal_top,手机拍纸质文档,平整,室内正常光,俯拍,04_business/02_quotation/quotation_028_Curtainwall_MEP.png,true
04_business/02_quotation/quotation_029_大型科技艺术节舞台搭建与沉浸式灯光系统报价方案,04_business,02_quotation,04_business/02_quotation/quotation_029_大型科技艺术节舞台搭建与沉浸式灯光系统报价方案.json,04_business/02_quotation/quotation_029_大型科技艺术节舞台搭建与沉浸式灯光系统报价方案.html,04_business/02_quotation/quotation_029_大型科技艺术节舞台搭建与沉浸式灯光系统报价方案.png,04_business/02_quotation/quotation_029_大型科技艺术节舞台搭建与沉浸式灯光系统报价方案.png,04_business/02_quotation/quotation_029_大型科技艺术节舞台搭建与沉浸式灯光系统报价方案__real_screenshot_compressed.png,screenshot_compressed,截图+转发压缩,无(纯数字),无,无,04_business/02_quotation/quotation_029_大型科技艺术节舞台搭建与沉浸式灯光系统报价方案.png,true
04_business/03_formal_letter/formal_letter_001_律师函_知识产权侵权,04_business,03_formal_letter,04_business/03_formal_letter/formal_letter_001_律师函_知识产权侵权.json,04_business/03_formal_letter/formal_letter_001_律师函_知识产权侵权.html,04_business/03_formal_letter/formal_letter_001_律师函_知识产权侵权.png,04_business/03_formal_letter/formal_letter_001_律师函_知识产权侵权.png,04_business/03_formal_letter/formal_letter_001_律师函_知识产权侵权__real_phone_flat_normal_top.png,phone_flat_indoor_normal_top,手机拍纸质文档,平整,室内正常光,俯拍,04_business/03_formal_letter/formal_letter_001_律师函_知识产权侵权.png,true
04_business/03_formal_letter/formal_letter_002_商务信函,04_business,03_formal_letter,04_business/03_formal_letter/formal_letter_002_商务信函.json,04_business/03_formal_letter/formal_letter_002_商务信函.html,04_business/03_formal_letter/formal_letter_002_商务信函.png,04_business/03_formal_letter/formal_letter_002_商务信函.png,04_business/03_formal_letter/formal_letter_002_商务信函__real_screenshot_na_na_na.png,screenshot_compressed,截图+转发压缩,无(纯数字),无,无,04_business/03_formal_letter/formal_letter_002_商务信函.png,true
04_business/03_formal_letter/formal_letter_003_Recommendation_Letter_EN,04_business,03_formal_letter,04_business/03_formal_letter/formal_letter_003_Recommendation_Letter_EN.json,04_business/03_formal_letter/formal_letter_003_Recommendation_Letter_EN.html,04_business/03_formal_letter/formal_letter_003_Recommendation_Letter_EN.png,04_business/03_formal_letter/formal_letter_003_Recommendation_Letter_EN.png,04_business/03_formal_letter/formal_letter_003_Recommendation_Letter_EN__real_phone_flat_flash_top.png,phone_flat_flash_top,手机拍纸质文档,平整,闪光灯,俯拍,04_business/03_formal_letter/formal_letter_003_Recommendation_Letter_EN.png,true
04_business/03_formal_letter/formal_letter_004_录用通知书,04_business,03_formal_letter,04_business/03_formal_letter/formal_letter_004_录用通知书.json,04_business/03_formal_letter/formal_letter_004_录用通知书.html,04_business/03_formal_letter/formal_letter_004_录用通知书.png,04_business/03_formal_letter/formal_letter_004_录用通知书.png,04_business/03_formal_letter/formal_letter_004_录用通知书__real_phone_flat_normal_top.png,phone_flat_indoor_normal_top,手机拍纸质文档,平整,室内正常光,俯拍,04_business/03_formal_letter/formal_letter_004_录用通知书.png,true
04_business/03_formal_letter/formal_letter_005_律师函,04_business,03_formal_letter,04_business/03_formal_letter/formal_letter_005_律师函.json,04_business/03_formal_letter/formal_letter_005_律师函.html,04_business/03_formal_letter/formal_letter_005_律师函.png,04_business/03_formal_letter/formal_letter_005_律师函.png,04_business/03_formal_letter/formal_letter_005_律师函__real_screen_photography.png,screen_photography,拍屏,无(屏幕显示),屏幕背光+室内光,手机对屏幕,04_business/03_formal_letter/formal_letter_005_律师函.png,true
04_business/03_formal_letter/formal_letter_006_催款函,04_business,03_formal_letter,04_business/03_formal_letter/formal_letter_006_催款函.json,04_business/03_formal_letter/formal_letter_006_催款函.html,04_business/03_formal_letter/formal_letter_006_催款函.png,04_business/03_formal_letter/formal_letter_006_催款函.png,04_business/03_formal_letter/formal_letter_006_催款函__real_screenshot_na_na_na.png,screenshot_compressed,截图+转发压缩,无(纯数字),无,无,04_business/03_formal_letter/formal_letter_006_催款函.png,true
04_business/03_formal_letter/formal_letter_007_Letter_of_Credit_EN,04_business,03_formal_letter,04_business/03_formal_letter/formal_letter_007_Letter_of_Credit_EN.json,04_business/03_formal_letter/formal_letter_007_Letter_of_Credit_EN.html,04_business/03_formal_letter/formal_letter_007_Letter_of_Credit_EN.png,04_business/03_formal_letter/formal_letter_007_Letter_of_Credit_EN.png,04_business/03_formal_letter/formal_letter_007_Letter_of_Credit_EN__real_screenshot_compressed.png,screenshot_compressed,截图+转发压缩,无(纯数字),无,无,04_business/03_formal_letter/formal_letter_007_Letter_of_Credit_EN.png,true
04_business/03_formal_letter/formal_letter_008_Business_Letter_EN,04_business,03_formal_letter,04_business/03_formal_letter/formal_letter_008_Business_Letter_EN.json,04_business/03_formal_letter/formal_letter_008_Business_Letter_EN.html,04_business/03_formal_letter/formal_letter_008_Business_Letter_EN.png,04_business/03_formal_letter/formal_letter_008_Business_Letter_EN.png,04_business/03_formal_letter/formal_letter_008_Business_Letter_EN__real_phone_flat_normal_top.png,phone_flat_indoor_normal_top,手机拍纸质文档,平整,室内正常光,俯拍,04_business/03_formal_letter/formal_letter_008_Business_Letter_EN.png,true
04_business/03_formal_letter/formal_letter_009_投标邀请函,04_business,03_formal_letter,04_business/03_formal_letter/formal_letter_009_投标邀请函.json,04_business/03_formal_letter/formal_letter_009_投标邀请函.html,04_business/03_formal_letter/formal_letter_009_投标邀请函.png,04_business/03_formal_letter/formal_letter_009_投标邀请函.png,04_business/03_formal_letter/formal_letter_009_投标邀请函__real_phone_flat_normal_top.png,phone_flat_indoor_normal_top,手机拍纸质文档,平整,室内正常光,俯拍,04_business/03_formal_letter/formal_letter_009_投标邀请函.png,true
04_business/03_formal_letter/formal_letter_010_Resignation_Letter_EN,04_business,03_formal_letter,04_business/03_formal_letter/formal_letter_010_Resignation_Letter_EN.json,04_business/03_formal_letter/formal_letter_010_Resignation_Letter_EN.html,04_business/03_formal_letter/formal_letter_010_Resignation_Letter_EN.png,04_business/03_formal_letter/formal_letter_010_Resignation_Letter_EN.png,04_business/03_formal_letter/formal_letter_010_Resignation_Letter_EN__real_phone_flat_normal_top.png,phone_flat_indoor_normal_top,手机拍纸质文档,平整,室内正常光,俯拍,04_business/03_formal_letter/formal_letter_010_Resignation_Letter_EN.png,true
04_business/03_formal_letter/formal_letter_011_解除劳动合同通知书,04_business,03_formal_letter,04_business/03_formal_letter/formal_letter_011_解除劳动合同通知书.json,04_business/03_formal_letter/formal_letter_011_解除劳动合同通知书.html,04_business/03_formal_letter/formal_letter_011_解除劳动合同通知书.png,04_business/03_formal_letter/formal_letter_011_解除劳动合同通知书.png,04_business/03_formal_letter/formal_letter_011_解除劳动合同通知书__real_phone_flat_normal_top.jpg,phone_flat_indoor_normal_top,手机拍纸质文档,平整,室内正常光,俯拍,04_business/03_formal_letter/formal_letter_011_解除劳动合同通知书.png,true
04_business/03_formal_letter/formal_letter_013_政府采购中标通知书,04_business,03_formal_letter,04_business/03_formal_letter/formal_letter_013_政府采购中标通知书.json,04_business/03_formal_letter/formal_letter_013_政府采购中标通知书.html,04_business/03_formal_letter/formal_letter_013_政府采购中标通知书.png,04_business/03_formal_letter/formal_letter_013_政府采购中标通知书.png,04_business/03_formal_letter/formal_letter_013_政府采购中标通知书__real_phone_flat_normal_top.png,phone_flat_indoor_normal_top,手机拍纸质文档,平整,室内正常光,俯拍,04_business/03_formal_letter/formal_letter_013_政府采购中标通知书.png,true
04_business/03_formal_letter/formal_letter_014_Joint_Venture_Proposal_ENZH,04_business,03_formal_letter,04_business/03_formal_letter/formal_letter_014_Joint_Venture_Proposal_ENZH.json,04_business/03_formal_letter/formal_letter_014_Joint_Venture_Proposal_ENZH.html,04_business/03_formal_letter/formal_letter_014_Joint_Venture_Proposal_ENZH.png,04_business/03_formal_letter/formal_letter_014_Joint_Venture_Proposal_ENZH.png,04_business/03_formal_letter/formal_letter_014_Joint_Venture_Proposal_ENZH__real_phone_flat_normal_top.png,phone_flat_indoor_normal_top,手机拍纸质文档,平整,室内正常光,俯拍,04_business/03_formal_letter/formal_letter_014_Joint_Venture_Proposal_ENZH.png,true
04_business/03_formal_letter/formal_letter_015_商业投诉函,04_business,03_formal_letter,04_business/03_formal_letter/formal_letter_015_商业投诉函.json,04_business/03_formal_letter/formal_letter_015_商业投诉函.html,04_business/03_formal_letter/formal_letter_015_商业投诉函.png,04_business/03_formal_letter/formal_letter_015_商业投诉函.png,04_business/03_formal_letter/formal_letter_015_商业投诉函__real_phone_flat_normal_top.jpg,phone_flat_indoor_normal_top,手机拍纸质文档,平整,室内正常光,俯拍,04_business/03_formal_letter/formal_letter_015_商业投诉函.png,true
04_business/03_formal_letter/formal_letter_016_Notice_of_Default_EN,04_business,03_formal_letter,04_business/03_formal_letter/formal_letter_016_Notice_of_Default_EN.json,04_business/03_formal_letter/formal_letter_016_Notice_of_Default_EN.html,04_business/03_formal_letter/formal_letter_016_Notice_of_Default_EN.png,04_business/03_formal_letter/formal_letter_016_Notice_of_Default_EN.png,04_business/03_formal_letter/formal_letter_016_Notice_of_Default_EN__real_screenshot_na_na_na.png,screenshot_compressed,截图+转发压缩,无(纯数字),无,无,04_business/03_formal_letter/formal_letter_016_Notice_of_Default_EN.png,true
04_business/03_formal_letter/formal_letter_017_知识产权许可授权函,04_business,03_formal_letter,04_business/03_formal_letter/formal_letter_017_知识产权许可授权函.json,04_business/03_formal_letter/formal_letter_017_知识产权许可授权函.html,04_business/03_formal_letter/formal_letter_017_知识产权许可授权函.png,04_business/03_formal_letter/formal_letter_017_知识产权许可授权函.png,04_business/03_formal_letter/formal_letter_017_知识产权许可授权函__real_phone_flat_normal_top.png,phone_flat_indoor_normal_top,手机拍纸质文档,平整,室内正常光,俯拍,04_business/03_formal_letter/formal_letter_017_知识产权许可授权函.png,true
04_business/03_formal_letter/formal_letter_018_Cease_and_Desist_EN,04_business,03_formal_letter,04_business/03_formal_letter/formal_letter_018_Cease_and_Desist_EN.json,04_business/03_formal_letter/formal_letter_018_Cease_and_Desist_EN.html,04_business/03_formal_letter/formal_letter_018_Cease_and_Desist_EN.png,04_business/03_formal_letter/formal_letter_018_Cease_and_Desist_EN.png,04_business/03_formal_letter/formal_letter_018_Cease_and_Desist_EN__real_phone_flat_normal_top.png,phone_flat_indoor_normal_top,手机拍纸质文档,平整,室内正常光,俯拍,04_business/03_formal_letter/formal_letter_018_Cease_and_Desist_EN.png,true
04_business/03_formal_letter/formal_letter_019_工程竣工验收通知书,04_business,03_formal_letter,04_business/03_formal_letter/formal_letter_019_工程竣工验收通知书.json,04_business/03_formal_letter/formal_letter_019_工程竣工验收通知书.html,04_business/03_formal_letter/formal_letter_019_工程竣工验收通知书.png,04_business/03_formal_letter/formal_letter_019_工程竣工验收通知书.png,04_business/03_formal_letter/formal_letter_019_工程竣工验收通知书__real_screenshot_na_na_na.jpg,screenshot_compressed,截图+转发压缩,无(纯数字),无,无,04_business/03_formal_letter/formal_letter_019_工程竣工验收通知书.png,true
04_business/03_formal_letter/formal_letter_020_Notice_of_Arbitration_ENZH,04_business,03_formal_letter,04_business/03_formal_letter/formal_letter_020_Notice_of_Arbitration_ENZH.json,04_business/03_formal_letter/formal_letter_020_Notice_of_Arbitration_ENZH.html,04_business/03_formal_letter/formal_letter_020_Notice_of_Arbitration_ENZH.png,04_business/03_formal_letter/formal_letter_020_Notice_of_Arbitration_ENZH.png,04_business/03_formal_letter/formal_letter_020_Notice_of_Arbitration_ENZH__real_screen_photography.png,screen_photography,拍屏,无(屏幕显示),屏幕背光+室内光,手机对屏幕,04_business/03_formal_letter/formal_letter_020_Notice_of_Arbitration_ENZH.png,true
04_business/03_formal_letter/formal_letter_021_历史街区改造联合申诉函,04_business,03_formal_letter,04_business/03_formal_letter/formal_letter_021_历史街区改造联合申诉函.json,04_business/03_formal_letter/formal_letter_021_历史街区改造联合申诉函.html,04_business/03_formal_letter/formal_letter_021_历史街区改造联合申诉函.png,04_business/03_formal_letter/formal_letter_021_历史街区改造联合申诉函.png,04_business/03_formal_letter/formal_letter_021_历史街区改造联合申诉函__real_phone_flat_normal_top.png,phone_flat_indoor_normal_top,手机拍纸质文档,平整,室内正常光,俯拍,04_business/03_formal_letter/formal_letter_021_历史街区改造联合申诉函.png,true
04_business/04_meeting_memo/meeting_memo_001_部门周会纪要,04_business,04_meeting_memo,04_business/04_meeting_memo/meeting_memo_001_部门周会纪要.json,04_business/04_meeting_memo/meeting_memo_001_部门周会纪要.html,04_business/04_meeting_memo/meeting_memo_001_部门周会纪要.png,04_business/04_meeting_memo/meeting_memo_001_部门周会纪要.png,04_business/04_meeting_memo/meeting_memo_001_部门周会纪要__real_phone_handheld_normal_oblique.png,phone_handheld_indoor_normal_oblique,手机拍纸质文档,平整(手持),室内正常光,斜拍(30-45度),04_business/04_meeting_memo/meeting_memo_001_部门周会纪要.png,true
04_business/04_meeting_memo/meeting_memo_002_Team_Standup_Notes_EN,04_business,04_meeting_memo,04_business/04_meeting_memo/meeting_memo_002_Team_Standup_Notes_EN.json,04_business/04_meeting_memo/meeting_memo_002_Team_Standup_Notes_EN.html,04_business/04_meeting_memo/meeting_memo_002_Team_Standup_Notes_EN.png,04_business/04_meeting_memo/meeting_memo_002_Team_Standup_Notes_EN.png,04_business/04_meeting_memo/meeting_memo_002_Team_Standup_Notes_EN__real_screenshot_compressed.png,screenshot_compressed,截图+转发压缩,无(纯数字),无,无,04_business/04_meeting_memo/meeting_memo_002_Team_Standup_Notes_EN.png,true
04_business/04_meeting_memo/meeting_memo_003_项目启动会备忘录,04_business,04_meeting_memo,04_business/04_meeting_memo/meeting_memo_003_项目启动会备忘录.json,04_business/04_meeting_memo/meeting_memo_003_项目启动会备忘录.html,04_business/04_meeting_memo/meeting_memo_003_项目启动会备忘录.png,04_business/04_meeting_memo/meeting_memo_003_项目启动会备忘录.png,04_business/04_meeting_memo/meeting_memo_003_项目启动会备忘录__real_phone_handheld_normal_oblique.jpg,phone_handheld_indoor_normal_oblique,手机拍纸质文档,平整(手持),室内正常光,斜拍(30-45度),04_business/04_meeting_memo/meeting_memo_003_项目启动会备忘录.png,true
04_business/04_meeting_memo/meeting_memo_004_Staff_Meeting_Minutes_EN,04_business,04_meeting_memo,04_business/04_meeting_memo/meeting_memo_004_Staff_Meeting_Minutes_EN.json,04_business/04_meeting_memo/meeting_memo_004_Staff_Meeting_Minutes_EN.html,04_business/04_meeting_memo/meeting_memo_004_Staff_Meeting_Minutes_EN.png,04_business/04_meeting_memo/meeting_memo_004_Staff_Meeting_Minutes_EN.png,04_business/04_meeting_memo/meeting_memo_004_Staff_Meeting_Minutes_EN__real_screenshot_na_na_na.png,screenshot_compressed,截图+转发压缩,无(纯数字),无,无,04_business/04_meeting_memo/meeting_memo_004_Staff_Meeting_Minutes_EN.png,true
04_business/04_meeting_memo/meeting_memo_005_季度经营分析会纪要,04_business,04_meeting_memo,04_business/04_meeting_memo/meeting_memo_005_季度经营分析会纪要.json,04_business/04_meeting_memo/meeting_memo_005_季度经营分析会纪要.html,04_business/04_meeting_memo/meeting_memo_005_季度经营分析会纪要.png,04_business/04_meeting_memo/meeting_memo_005_季度经营分析会纪要.png,04_business/04_meeting_memo/meeting_memo_005_季度经营分析会纪要__real_phone_handheld_normal_oblique.png,phone_handheld_indoor_normal_oblique,手机拍纸质文档,平整(手持),室内正常光,斜拍(30-45度),04_business/04_meeting_memo/meeting_memo_005_季度经营分析会纪要.png,true
04_business/04_meeting_memo/meeting_memo_006_Product_Review_Meeting_EN,04_business,04_meeting_memo,04_business/04_meeting_memo/meeting_memo_006_Product_Review_Meeting_EN.json,04_business/04_meeting_memo/meeting_memo_006_Product_Review_Meeting_EN.html,04_business/04_meeting_memo/meeting_memo_006_Product_Review_Meeting_EN.png,04_business/04_meeting_memo/meeting_memo_006_Product_Review_Meeting_EN.png,04_business/04_meeting_memo/meeting_memo_006_Product_Review_Meeting_EN__real_screenshot_compressed.png,screenshot_compressed,截图+转发压缩,无(纯数字),无,无,04_business/04_meeting_memo/meeting_memo_006_Product_Review_Meeting_EN.png,true
04_business/04_meeting_memo/meeting_memo_007_技术方案评审备忘录,04_business,04_meeting_memo,04_business/04_meeting_memo/meeting_memo_007_技术方案评审备忘录.json,04_business/04_meeting_memo/meeting_memo_007_技术方案评审备忘录.html,04_business/04_meeting_memo/meeting_memo_007_技术方案评审备忘录.png,04_business/04_meeting_memo/meeting_memo_007_技术方案评审备忘录.png,04_business/04_meeting_memo/meeting_memo_007_技术方案评审备忘录__real_phone_handheld_normal_oblique.png,phone_handheld_indoor_normal_oblique,手机拍纸质文档,平整(手持),室内正常光,斜拍(30-45度),04_business/04_meeting_memo/meeting_memo_007_技术方案评审备忘录.png,true
04_business/04_meeting_memo/meeting_memo_008_Budget_Committee_Minutes_ENZH,04_business,04_meeting_memo,04_business/04_meeting_memo/meeting_memo_008_Budget_Committee_Minutes_ENZH.json,04_business/04_meeting_memo/meeting_memo_008_Budget_Committee_Minutes_ENZH.html,04_business/04_meeting_memo/meeting_memo_008_Budget_Committee_Minutes_ENZH.png,04_business/04_meeting_memo/meeting_memo_008_Budget_Committee_Minutes_ENZH.png,04_business/04_meeting_memo/meeting_memo_008_Budget_Committee_Minutes_ENZH__real_screenshot_na_na_na.png,screenshot_compressed,截图+转发压缩,无(纯数字),无,无,04_business/04_meeting_memo/meeting_memo_008_Budget_Committee_Minutes_ENZH.png,true
04_business/04_meeting_memo/meeting_memo_009_董事会决议纪要,04_business,04_meeting_memo,04_business/04_meeting_memo/meeting_memo_009_董事会决议纪要.json,04_business/04_meeting_memo/meeting_memo_009_董事会决议纪要.html,04_business/04_meeting_memo/meeting_memo_009_董事会决议纪要.png,04_business/04_meeting_memo/meeting_memo_009_董事会决议纪要.png,04_business/04_meeting_memo/meeting_memo_009_董事会决议纪要__real_phone_handheld_normal_oblique.png,phone_handheld_indoor_normal_oblique,手机拍纸质文档,平整(手持),室内正常光,斜拍(30-45度),04_business/04_meeting_memo/meeting_memo_009_董事会决议纪要.png,true
04_business/04_meeting_memo/meeting_memo_010_MnA_Due_Diligence_Meeting_EN,04_business,04_meeting_memo,04_business/04_meeting_memo/meeting_memo_010_MnA_Due_Diligence_Meeting_EN.json,04_business/04_meeting_memo/meeting_memo_010_MnA_Due_Diligence_Meeting_EN.html,04_business/04_meeting_memo/meeting_memo_010_MnA_Due_Diligence_Meeting_EN.png,04_business/04_meeting_memo/meeting_memo_010_MnA_Due_Diligence_Meeting_EN.png,04_business/04_meeting_memo/meeting_memo_010_MnA_Due_Diligence_Meeting_EN__real_screenshot_na_na_na.png,screenshot_compressed,截图+转发压缩,无(纯数字),无,无,04_business/04_meeting_memo/meeting_memo_010_MnA_Due_Diligence_Meeting_EN.png,true
04_business/04_meeting_memo/meeting_memo_011_安全生产专题会纪要,04_business,04_meeting_memo,04_business/04_meeting_memo/meeting_memo_011_安全生产专题会纪要.json,04_business/04_meeting_memo/meeting_memo_011_安全生产专题会纪要.html,04_business/04_meeting_memo/meeting_memo_011_安全生产专题会纪要.png,04_business/04_meeting_memo/meeting_memo_011_安全生产专题会纪要.png,04_business/04_meeting_memo/meeting_memo_011_安全生产专题会纪要__real_phone_handheld_normal_oblique.png,phone_handheld_indoor_normal_oblique,手机拍纸质文档,平整(手持),室内正常光,斜拍(30-45度),04_business/04_meeting_memo/meeting_memo_011_安全生产专题会纪要.png,true
04_business/04_meeting_memo/meeting_memo_012_Strategic_Planning_Offsite_ENZH,04_business,04_meeting_memo,04_business/04_meeting_memo/meeting_memo_012_Strategic_Planning_Offsite_ENZH.json,04_business/04_meeting_memo/meeting_memo_012_Strategic_Planning_Offsite_ENZH.html,04_business/04_meeting_memo/meeting_memo_012_Strategic_Planning_Offsite_ENZH.png,04_business/04_meeting_memo/meeting_memo_012_Strategic_Planning_Offsite_ENZH.png,04_business/04_meeting_memo/meeting_memo_012_Strategic_Planning_Offsite_ENZH__real_screenshot_na_na_na.jpg,screenshot_compressed,截图+转发压缩,无(纯数字),无,无,04_business/04_meeting_memo/meeting_memo_012_Strategic_Planning_Offsite_ENZH.png,true
04_business/04_meeting_memo/meeting_memo_013_供应链协调会纪要,04_business,04_meeting_memo,04_business/04_meeting_memo/meeting_memo_013_供应链协调会纪要.json,04_business/04_meeting_memo/meeting_memo_013_供应链协调会纪要.html,04_business/04_meeting_memo/meeting_memo_013_供应链协调会纪要.png,04_business/04_meeting_memo/meeting_memo_013_供应链协调会纪要.png,04_business/04_meeting_memo/meeting_memo_013_供应链协调会纪要__real_phone_handheld_normal_oblique.png,phone_handheld_indoor_normal_oblique,手机拍纸质文档,平整(手持),室内正常光,斜拍(30-45度),04_business/04_meeting_memo/meeting_memo_013_供应链协调会纪要.png,true
04_business/04_meeting_memo/meeting_memo_014_Board_Audit_Committee_EN,04_business,04_meeting_memo,04_business/04_meeting_memo/meeting_memo_014_Board_Audit_Committee_EN.json,04_business/04_meeting_memo/meeting_memo_014_Board_Audit_Committee_EN.html,04_business/04_meeting_memo/meeting_memo_014_Board_Audit_Committee_EN.png,04_business/04_meeting_memo/meeting_memo_014_Board_Audit_Committee_EN.png,04_business/04_meeting_memo/meeting_memo_014_Board_Audit_Committee_EN__real_screenshot_na_na_na.png,screenshot_compressed,截图+转发压缩,无(纯数字),无,无,04_business/04_meeting_memo/meeting_memo_014_Board_Audit_Committee_EN.png,true
04_business/04_meeting_memo/meeting_memo_015_研发项目评审会纪要,04_business,04_meeting_memo,04_business/04_meeting_memo/meeting_memo_015_研发项目评审会纪要.json,04_business/04_meeting_memo/meeting_memo_015_研发项目评审会纪要.html,04_business/04_meeting_memo/meeting_memo_015_研发项目评审会纪要.png,04_business/04_meeting_memo/meeting_memo_015_研发项目评审会纪要.png,04_business/04_meeting_memo/meeting_memo_015_研发项目评审会纪要__real_phone_handheld_normal_oblique.png,phone_handheld_indoor_normal_oblique,手机拍纸质文档,平整(手持),室内正常光,斜拍(30-45度),04_business/04_meeting_memo/meeting_memo_015_研发项目评审会纪要.png,true
04_business/04_meeting_memo/meeting_memo_016_Crisis_Management_Meeting_EN,04_business,04_meeting_memo,04_business/04_meeting_memo/meeting_memo_016_Crisis_Management_Meeting_EN.json,04_business/04_meeting_memo/meeting_memo_016_Crisis_Management_Meeting_EN.html,04_business/04_meeting_memo/meeting_memo_016_Crisis_Management_Meeting_EN.png,04_business/04_meeting_memo/meeting_memo_016_Crisis_Management_Meeting_EN.png,04_business/04_meeting_memo/meeting_memo_016_Crisis_Management_Meeting_EN__real_screenshot_na_na_na.png,screenshot_compressed,截图+转发压缩,无(纯数字),无,无,04_business/04_meeting_memo/meeting_memo_016_Crisis_Management_Meeting_EN.png,true
04_business/04_meeting_memo/meeting_memo_017_薪酬绩效委员会纪要,04_business,04_meeting_memo,04_business/04_meeting_memo/meeting_memo_017_薪酬绩效委员会纪要.json,04_business/04_meeting_memo/meeting_memo_017_薪酬绩效委员会纪要.html,04_business/04_meeting_memo/meeting_memo_017_薪酬绩效委员会纪要.png,04_business/04_meeting_memo/meeting_memo_017_薪酬绩效委员会纪要.png,04_business/04_meeting_memo/meeting_memo_017_薪酬绩效委员会纪要__real_phone_handheld_normal_oblique.png,phone_handheld_indoor_normal_oblique,手机拍纸质文档,平整(手持),室内正常光,斜拍(30-45度),04_business/04_meeting_memo/meeting_memo_017_薪酬绩效委员会纪要.png,true
04_business/04_meeting_memo/meeting_memo_018_Investment_Committee_ENZH,04_business,04_meeting_memo,04_business/04_meeting_memo/meeting_memo_018_Investment_Committee_ENZH.json,04_business/04_meeting_memo/meeting_memo_018_Investment_Committee_ENZH.html,04_business/04_meeting_memo/meeting_memo_018_Investment_Committee_ENZH.png,04_business/04_meeting_memo/meeting_memo_018_Investment_Committee_ENZH.png,04_business/04_meeting_memo/meeting_memo_018_Investment_Committee_ENZH__real_screenshot_na_na_na.png,screenshot_compressed,截图+转发压缩,无(纯数字),无,无,04_business/04_meeting_memo/meeting_memo_018_Investment_Committee_ENZH.png,true
04_business/04_meeting_memo/meeting_memo_019_信息化建设推进会纪要,04_business,04_meeting_memo,04_business/04_meeting_memo/meeting_memo_019_信息化建设推进会纪要.json,04_business/04_meeting_memo/meeting_memo_019_信息化建设推进会纪要.html,04_business/04_meeting_memo/meeting_memo_019_信息化建设推进会纪要.png,04_business/04_meeting_memo/meeting_memo_019_信息化建设推进会纪要.png,04_business/04_meeting_memo/meeting_memo_019_信息化建设推进会纪要__real_phone_handheld_normal_oblique.png,phone_handheld_indoor_normal_oblique,手机拍纸质文档,平整(手持),室内正常光,斜拍(30-45度),04_business/04_meeting_memo/meeting_memo_019_信息化建设推进会纪要.png,true
04_business/04_meeting_memo/meeting_memo_020_Compliance_Review_Meeting_EN,04_business,04_meeting_memo,04_business/04_meeting_memo/meeting_memo_020_Compliance_Review_Meeting_EN.json,04_business/04_meeting_memo/meeting_memo_020_Compliance_Review_Meeting_EN.html,04_business/04_meeting_memo/meeting_memo_020_Compliance_Review_Meeting_EN.png,04_business/04_meeting_memo/meeting_memo_020_Compliance_Review_Meeting_EN.png,04_business/04_meeting_memo/meeting_memo_020_Compliance_Review_Meeting_EN__real_screenshot_na_na_na.png,screenshot_compressed,截图+转发压缩,无(纯数字),无,无,04_business/04_meeting_memo/meeting_memo_020_Compliance_Review_Meeting_EN.png,true
04_business/04_meeting_memo/meeting_memo_021_CrossDept_Product_Review_Alignment_ENZH,04_business,04_meeting_memo,04_business/04_meeting_memo/meeting_memo_021_CrossDept_Product_Review_Alignment_ENZH.json,04_business/04_meeting_memo/meeting_memo_021_CrossDept_Product_Review_Alignment_ENZH.html,04_business/04_meeting_memo/meeting_memo_021_CrossDept_Product_Review_Alignment_ENZH.png,04_business/04_meeting_memo/meeting_memo_021_CrossDept_Product_Review_Alignment_ENZH.png,04_business/04_meeting_memo/meeting_memo_021_CrossDept_Product_Review_Alignment_ENZH__real_phone_handheld_normal_oblique.png,phone_handheld_indoor_normal_oblique,手机拍纸质文档,平整(手持),室内正常光,斜拍(30-45度),04_business/04_meeting_memo/meeting_memo_021_CrossDept_Product_Review_Alignment_ENZH.png,true
04_business/05_resume/resume_001_应届毕业生求职简历,04_business,05_resume,04_business/05_resume/resume_001_应届毕业生求职简历.json,04_business/05_resume/resume_001_应届毕业生求职简历.html,04_business/05_resume/resume_001_应届毕业生求职简历.png,04_business/05_resume/resume_001_应届毕业生求职简历.png,04_business/05_resume/resume_001_应届毕业生求职简历__real_screenshot_na_na_na.png,screenshot_compressed,截图+转发压缩,无(纯数字),无,无,04_business/05_resume/resume_001_应届毕业生求职简历.png,true
04_business/05_resume/resume_002_Software_Engineer_CV_EN,04_business,05_resume,04_business/05_resume/resume_002_Software_Engineer_CV_EN.json,04_business/05_resume/resume_002_Software_Engineer_CV_EN.html,04_business/05_resume/resume_002_Software_Engineer_CV_EN.png,04_business/05_resume/resume_002_Software_Engineer_CV_EN.png,04_business/05_resume/resume_002_Software_Engineer_CV_EN__real_phone_flat_normal_top.png,phone_flat_indoor_normal_top,手机拍纸质文档,平整,室内正常光,俯拍,04_business/05_resume/resume_002_Software_Engineer_CV_EN.png,true
04_business/05_resume/resume_004_Administrative_Assistant_ENZH,04_business,05_resume,04_business/05_resume/resume_004_Administrative_Assistant_ENZH.json,04_business/05_resume/resume_004_Administrative_Assistant_ENZH.html,04_business/05_resume/resume_004_Administrative_Assistant_ENZH.png,04_business/05_resume/resume_004_Administrative_Assistant_ENZH.png,04_business/05_resume/resume_004_Administrative_Assistant_ENZH__real_screenshot_compressed.png,screenshot_compressed,截图+转发压缩,无(纯数字),无,无,04_business/05_resume/resume_004_Administrative_Assistant_ENZH.png,true
04_business/05_resume/resume_005_高级财务经理简历,04_business,05_resume,04_business/05_resume/resume_005_高级财务经理简历.json,04_business/05_resume/resume_005_高级财务经理简历.html,04_business/05_resume/resume_005_高级财务经理简历.png,04_business/05_resume/resume_005_高级财务经理简历.png,04_business/05_resume/resume_005_高级财务经理简历__real_phone_flat_normal_top.png,phone_flat_indoor_normal_top,手机拍纸质文档,平整,室内正常光,俯拍,04_business/05_resume/resume_005_高级财务经理简历.png,true
04_business/05_resume/resume_006_UX_Designer_CV_EN,04_business,05_resume,04_business/05_resume/resume_006_UX_Designer_CV_EN.json,04_business/05_resume/resume_006_UX_Designer_CV_EN.html,04_business/05_resume/resume_006_UX_Designer_CV_EN.png,04_business/05_resume/resume_006_UX_Designer_CV_EN.png,04_business/05_resume/resume_006_UX_Designer_CV_EN__real_screenshot_na_na_na.png,screenshot_compressed,截图+转发压缩,无(纯数字),无,无,04_business/05_resume/resume_006_UX_Designer_CV_EN.png,true
04_business/05_resume/resume_007_学术科研人员简历,04_business,05_resume,04_business/05_resume/resume_007_学术科研人员简历.json,04_business/05_resume/resume_007_学术科研人员简历.html,04_business/05_resume/resume_007_学术科研人员简历.png,04_business/05_resume/resume_007_学术科研人员简历.png,04_business/05_resume/resume_007_学术科研人员简历__real_phone_flat_normal_top.jpg,phone_flat_indoor_normal_top,手机拍纸质文档,平整,室内正常光,俯拍,04_business/05_resume/resume_007_学术科研人员简历.png,true
04_business/05_resume/resume_009_资深人力资源总监简历,04_business,05_resume,04_business/05_resume/resume_009_资深人力资源总监简历.json,04_business/05_resume/resume_009_资深人力资源总监简历.html,04_business/05_resume/resume_009_资深人力资源总监简历.png,04_business/05_resume/resume_009_资深人力资源总监简历.png,04_business/05_resume/resume_009_资深人力资源总监简历__real_screenshot_na_na_na.png,screenshot_compressed,截图+转发压缩,无(纯数字),无,无,04_business/05_resume/resume_009_资深人力资源总监简历.png,true
04_business/05_resume/resume_010_Senior_Legal_Counsel_CV_EN,04_business,05_resume,04_business/05_resume/resume_010_Senior_Legal_Counsel_CV_EN.json,04_business/05_resume/resume_010_Senior_Legal_Counsel_CV_EN.html,04_business/05_resume/resume_010_Senior_Legal_Counsel_CV_EN.png,04_business/05_resume/resume_010_Senior_Legal_Counsel_CV_EN.png,04_business/05_resume/resume_010_Senior_Legal_Counsel_CV_EN__real_phone_flat_normal_top.png,phone_flat_indoor_normal_top,手机拍纸质文档,平整,室内正常光,俯拍,04_business/05_resume/resume_010_Senior_Legal_Counsel_CV_EN.png,true
04_business/05_resume/resume_012_Chief_Medical_Officer_ENZH,04_business,05_resume,04_business/05_resume/resume_012_Chief_Medical_Officer_ENZH.json,04_business/05_resume/resume_012_Chief_Medical_Officer_ENZH.html,04_business/05_resume/resume_012_Chief_Medical_Officer_ENZH.png,04_business/05_resume/resume_012_Chief_Medical_Officer_ENZH.png,04_business/05_resume/resume_012_Chief_Medical_Officer_ENZH__real_screenshot_na_na_na.png,screenshot_compressed,截图+转发压缩,无(纯数字),无,无,04_business/05_resume/resume_012_Chief_Medical_Officer_ENZH.png,true
04_business/05_resume/resume_014_Data_Scientist_CV_EN,04_business,05_resume,04_business/05_resume/resume_014_Data_Scientist_CV_EN.json,04_business/05_resume/resume_014_Data_Scientist_CV_EN.html,04_business/05_resume/resume_014_Data_Scientist_CV_EN.png,04_business/05_resume/resume_014_Data_Scientist_CV_EN.png,04_business/05_resume/resume_014_Data_Scientist_CV_EN__real_phone_flat_normal_top.png,phone_flat_indoor_normal_top,手机拍纸质文档,平整,室内正常光,俯拍,04_business/05_resume/resume_014_Data_Scientist_CV_EN.png,true
04_business/05_resume/resume_015_资深翻译项目经理简历,04_business,05_resume,04_business/05_resume/resume_015_资深翻译项目经理简历.json,04_business/05_resume/resume_015_资深翻译项目经理简历.html,04_business/05_resume/resume_015_资深翻译项目经理简历.png,04_business/05_resume/resume_015_资深翻译项目经理简历.png,04_business/05_resume/resume_015_资深翻译项目经理简历__real_screenshot_na_na_na.png,screenshot_compressed,截图+转发压缩,无(纯数字),无,无,04_business/05_resume/resume_015_资深翻译项目经理简历.png,true
04_business/05_resume/resume_016_CTO_Resume_ENZH,04_business,05_resume,04_business/05_resume/resume_016_CTO_Resume_ENZH.json,04_business/05_resume/resume_016_CTO_Resume_ENZH.html,04_business/05_resume/resume_016_CTO_Resume_ENZH.png,04_business/05_resume/resume_016_CTO_Resume_ENZH.png,04_business/05_resume/resume_016_CTO_Resume_ENZH__real_phone_flat_normal_top.png,phone_flat_indoor_normal_top,手机拍纸质文档,平整,室内正常光,俯拍,04_business/05_resume/resume_016_CTO_Resume_ENZH.png,true
04_business/05_resume/resume_017_酒店总经理简历,04_business,05_resume,04_business/05_resume/resume_017_酒店总经理简历.json,04_business/05_resume/resume_017_酒店总经理简历.html,04_business/05_resume/resume_017_酒店总经理简历.png,04_business/05_resume/resume_017_酒店总经理简历.png,04_business/05_resume/resume_017_酒店总经理简历__real_screenshot_na_na_na.png,screenshot_compressed,截图+转发压缩,无(纯数字),无,无,04_business/05_resume/resume_017_酒店总经理简历.png,true
04_business/05_resume/resume_018_Cybersecurity_Director_EN,04_business,05_resume,04_business/05_resume/resume_018_Cybersecurity_Director_EN.json,04_business/05_resume/resume_018_Cybersecurity_Director_EN.html,04_business/05_resume/resume_018_Cybersecurity_Director_EN.png,04_business/05_resume/resume_018_Cybersecurity_Director_EN.png,04_business/05_resume/resume_018_Cybersecurity_Director_EN__real_phone_flat_normal_top.png,phone_flat_indoor_normal_top,手机拍纸质文档,平整,室内正常光,俯拍,04_business/05_resume/resume_018_Cybersecurity_Director_EN.png,true
04_business/05_resume/resume_020_Product_Director_ENZH,04_business,05_resume,04_business/05_resume/resume_020_Product_Director_ENZH.json,04_business/05_resume/resume_020_Product_Director_ENZH.html,04_business/05_resume/resume_020_Product_Director_ENZH.png,04_business/05_resume/resume_020_Product_Director_ENZH.png,04_business/05_resume/resume_020_Product_Director_ENZH__real_screenshot_na_na_na.png,screenshot_compressed,截图+转发压缩,无(纯数字),无,无,04_business/05_resume/resume_020_Product_Director_ENZH.png,true
04_business/05_resume/resume_021_AI_VP_Career_Dossier,04_business,05_resume,04_business/05_resume/resume_021_AI_VP_Career_Dossier.json,04_business/05_resume/resume_021_AI_VP_Career_Dossier.html,04_business/05_resume/resume_021_AI_VP_Career_Dossier.png,04_business/05_resume/resume_021_AI_VP_Career_Dossier.png,04_business/05_resume/resume_021_AI_VP_Career_Dossier__real_phone_flat_normal_top.jpg,phone_flat_indoor_normal_top,手机拍纸质文档,平整,室内正常光,俯拍,04_business/05_resume/resume_021_AI_VP_Career_Dossier.png,true
04_business/05_resume/resume_021_Research_Dossier,04_business,05_resume,04_business/05_resume/resume_021_Research_Dossier.json,04_business/05_resume/resume_021_Research_Dossier.html,04_business/05_resume/resume_021_Research_Dossier.png,04_business/05_resume/resume_021_Research_Dossier.png,04_business/05_resume/resume_021_Research_Dossier__real_screenshot_na_na_na.jpg,screenshot_compressed,截图+转发压缩,无(纯数字),无,无,04_business/05_resume/resume_021_Research_Dossier.png,true
04_business/05_resume/resume_022_Career_Atlas,04_business,05_resume,04_business/05_resume/resume_022_Career_Atlas.json,04_business/05_resume/resume_022_Career_Atlas.html,04_business/05_resume/resume_022_Career_Atlas.png,04_business/05_resume/resume_022_Career_Atlas.png,04_business/05_resume/resume_022_Career_Atlas__real_phone_flat_normal_top.png,phone_flat_indoor_normal_top,手机拍纸质文档,平整,室内正常光,俯拍,04_business/05_resume/resume_022_Career_Atlas.png,true
04_business/05_resume/resume_022_Draft_Review_CV,04_business,05_resume,04_business/05_resume/resume_022_Draft_Review_CV.json,04_business/05_resume/resume_022_Draft_Review_CV.html,04_business/05_resume/resume_022_Draft_Review_CV.png,04_business/05_resume/resume_022_Draft_Review_CV.png,04_business/05_resume/resume_022_Draft_Review_CV__real_screenshot_compressed.png,screenshot_compressed,截图+转发压缩,无(纯数字),无,无,04_business/05_resume/resume_022_Draft_Review_CV.png,true
04_business/05_resume/resume_022_射频IC工程师实验履历,04_business,05_resume,04_business/05_resume/resume_022_射频IC工程师实验履历.json,04_business/05_resume/resume_022_射频IC工程师实验履历.html,04_business/05_resume/resume_022_射频IC工程师实验履历.png,04_business/05_resume/resume_022_射频IC工程师实验履历.png,04_business/05_resume/resume_022_射频IC工程师实验履历__real_phone_flat_normal_top.png,phone_flat_indoor_normal_top,手机拍纸质文档,平整,室内正常光,俯拍,04_business/05_resume/resume_022_射频IC工程师实验履历.png,true
04_business/05_resume/resume_023_科研人才全景履历海报,04_business,05_resume,04_business/05_resume/resume_023_科研人才全景履历海报.json,04_business/05_resume/resume_023_科研人才全景履历海报.html,04_business/05_resume/resume_023_科研人才全景履历海报.png,04_business/05_resume/resume_023_科研人才全景履历海报.png,04_business/05_resume/resume_023_科研人才全景履历海报__real_screenshot_na_na_na.jpg,screenshot_compressed,截图+转发压缩,无(纯数字),无,无,04_business/05_resume/resume_023_科研人才全景履历海报.png,true
04_business/05_resume/resume_024_Quant_Research_Dashboard,04_business,05_resume,04_business/05_resume/resume_024_Quant_Research_Dashboard.json,04_business/05_resume/resume_024_Quant_Research_Dashboard.html,04_business/05_resume/resume_024_Quant_Research_Dashboard.png,04_business/05_resume/resume_024_Quant_Research_Dashboard.png,04_business/05_resume/resume_024_Quant_Research_Dashboard__real_phone_flat_normal_top.png,phone_flat_indoor_normal_top,手机拍纸质文档,平整,室内正常光,俯拍,04_business/05_resume/resume_024_Quant_Research_Dashboard.png,true
04_business/05_resume/resume_025_创意设计总监作品履历折页,04_business,05_resume,04_business/05_resume/resume_025_创意设计总监作品履历折页.json,04_business/05_resume/resume_025_创意设计总监作品履历折页.html,04_business/05_resume/resume_025_创意设计总监作品履历折页.png,04_business/05_resume/resume_025_创意设计总监作品履历折页.png,04_business/05_resume/resume_025_创意设计总监作品履历折页__real_screenshot_na_na_na.png,screenshot_compressed,截图+转发压缩,无(纯数字),无,无,04_business/05_resume/resume_025_创意设计总监作品履历折页.png,true
04_business/05_resume/resume_026_科研型候选人履历墙,04_business,05_resume,04_business/05_resume/resume_026_科研型候选人履历墙.json,04_business/05_resume/resume_026_科研型候选人履历墙.html,04_business/05_resume/resume_026_科研型候选人履历墙.png,04_business/05_resume/resume_026_科研型候选人履历墙.png,04_business/05_resume/resume_026_科研型候选人履历墙__real_screen_na_screen_screen.jpg,screen_photography,拍屏,无(屏幕显示),屏幕背光+室内光,手机对屏幕,04_business/05_resume/resume_026_科研型候选人履历墙.png,true
04_business/05_resume/resume_027_Data_Driven_Executive_Resume_Dashboard,04_business,05_resume,04_business/05_resume/resume_027_Data_Driven_Executive_Resume_Dashboard.json,04_business/05_resume/resume_027_Data_Driven_Executive_Resume_Dashboard.html,04_business/05_resume/resume_027_Data_Driven_Executive_Resume_Dashboard.png,04_business/05_resume/resume_027_Data_Driven_Executive_Resume_Dashboard.png,04_business/05_resume/resume_027_Data_Driven_Executive_Resume_Dashboard__real_screenshot_na_na_na.png,screenshot_compressed,截图+转发压缩,无(纯数字),无,无,04_business/05_resume/resume_027_Data_Driven_Executive_Resume_Dashboard.png,true
04_business/05_resume/resume_028_创意技术人杂志式履历页,04_business,05_resume,04_business/05_resume/resume_028_创意技术人杂志式履历页.json,04_business/05_resume/resume_028_创意技术人杂志式履历页.html,04_business/05_resume/resume_028_创意技术人杂志式履历页.png,04_business/05_resume/resume_028_创意技术人杂志式履历页.png,04_business/05_resume/resume_028_创意技术人杂志式履历页__real_screenshot_na_na_na.png,screenshot_compressed,截图+转发压缩,无(纯数字),无,无,04_business/05_resume/resume_028_创意技术人杂志式履历页.png,true
04_business/06_business_plan/bp_ancare_community_zh_v1,04_business,06_business_plan,04_business/06_business_plan/bp_ancare_community_zh_v1.json,04_business/06_business_plan/bp_ancare_community_zh_v1.html,04_business/06_business_plan/bp_ancare_community_zh_v1.png,04_business/06_business_plan/bp_ancare_community_zh_v1.png,04_business/06_business_plan/bp_ancare_community_zh_v1__real_phone_flat_normal_top.png,phone_flat_indoor_normal_top,手机拍纸质文档,平整,室内正常光,俯拍,04_business/06_business_plan/bp_ancare_community_zh_v1.png,true
04_business/06_business_plan/bp_fitnest_mix_v1,04_business,06_business_plan,04_business/06_business_plan/bp_fitnest_mix_v1.json,04_business/06_business_plan/bp_fitnest_mix_v1.html,04_business/06_business_plan/bp_fitnest_mix_v1.png,04_business/06_business_plan/bp_fitnest_mix_v1.png,04_business/06_business_plan/bp_fitnest_mix_v1__real_screenshot_na_na_na.png,screenshot_compressed,截图+转发压缩,无(纯数字),无,无,04_business/06_business_plan/bp_fitnest_mix_v1.png,true
04_business/06_business_plan/bp_verdapack_en_v1,04_business,06_business_plan,04_business/06_business_plan/bp_verdapack_en_v1.json,04_business/06_business_plan/bp_verdapack_en_v1.html,04_business/06_business_plan/bp_verdapack_en_v1.png,04_business/06_business_plan/bp_verdapack_en_v1.png,04_business/06_business_plan/bp_verdapack_en_v1__real_phone_flat_normal_top.png,phone_flat_indoor_normal_top,手机拍纸质文档,平整,室内正常光,俯拍,04_business/06_business_plan/bp_verdapack_en_v1.png,true
04_business/06_business_plan/business_plan_001_智能农业科技公司商业计划书,04_business,06_business_plan,04_business/06_business_plan/business_plan_001_智能农业科技公司商业计划书.json,04_business/06_business_plan/business_plan_001_智能农业科技公司商业计划书.html,04_business/06_business_plan/business_plan_001_智能农业科技公司商业计划书.png,04_business/06_business_plan/business_plan_001_智能农业科技公司商业计划书.png,04_business/06_business_plan/business_plan_001_智能农业科技公司商业计划书__real_phone_flat_normal_top.png,phone_flat_indoor_normal_top,手机拍纸质文档,平整,室内正常光,俯拍,04_business/06_business_plan/business_plan_001_智能农业科技公司商业计划书.png,true
04_business/06_business_plan/business_plan_002_SaaS_Startup_Business_Plan,04_business,06_business_plan,04_business/06_business_plan/business_plan_002_SaaS_Startup_Business_Plan.json,04_business/06_business_plan/business_plan_002_SaaS_Startup_Business_Plan.html,04_business/06_business_plan/business_plan_002_SaaS_Startup_Business_Plan.png,04_business/06_business_plan/business_plan_002_SaaS_Startup_Business_Plan.png,04_business/06_business_plan/business_plan_002_SaaS_Startup_Business_Plan__real_phone_flat_normal_top.png,phone_flat_indoor_normal_top,手机拍纸质文档,平整,室内正常光,俯拍,04_business/06_business_plan/business_plan_002_SaaS_Startup_Business_Plan.png,true
04_business/06_business_plan/business_plan_003_连锁餐饮品牌拓展计划,04_business,06_business_plan,04_business/06_business_plan/business_plan_003_连锁餐饮品牌拓展计划.json,04_business/06_business_plan/business_plan_003_连锁餐饮品牌拓展计划.html,04_business/06_business_plan/business_plan_003_连锁餐饮品牌拓展计划.png,04_business/06_business_plan/business_plan_003_连锁餐饮品牌拓展计划.png,04_business/06_business_plan/business_plan_003_连锁餐饮品牌拓展计划__real_phone_flat_normal_top.png,phone_flat_indoor_normal_top,手机拍纸质文档,平整,室内正常光,俯拍,04_business/06_business_plan/business_plan_003_连锁餐饮品牌拓展计划.png,true
04_business/06_business_plan/business_plan_004_EdTech_Platform_Pitch,04_business,06_business_plan,04_business/06_business_plan/business_plan_004_EdTech_Platform_Pitch.json,04_business/06_business_plan/business_plan_004_EdTech_Platform_Pitch.html,04_business/06_business_plan/business_plan_004_EdTech_Platform_Pitch.png,04_business/06_business_plan/business_plan_004_EdTech_Platform_Pitch.png,04_business/06_business_plan/business_plan_004_EdTech_Platform_Pitch__real_phone_flat_normal_top.png,phone_flat_indoor_normal_top,手机拍纸质文档,平整,室内正常光,俯拍,04_business/06_business_plan/business_plan_004_EdTech_Platform_Pitch.png,true
04_business/06_business_plan/business_plan_007_Biotech_Startup_Plan,04_business,06_business_plan,04_business/06_business_plan/business_plan_007_Biotech_Startup_Plan.json,04_business/06_business_plan/business_plan_007_Biotech_Startup_Plan.html,04_business/06_business_plan/business_plan_007_Biotech_Startup_Plan.png,04_business/06_business_plan/business_plan_007_Biotech_Startup_Plan.png,04_business/06_business_plan/business_plan_007_Biotech_Startup_Plan__real_screenshot_na_na_na.png,screenshot_compressed,截图+转发压缩,无(纯数字),无,无,04_business/06_business_plan/business_plan_007_Biotech_Startup_Plan.png,true
04_business/06_business_plan/business_plan_008_文旅项目投资计划,04_business,06_business_plan,04_business/06_business_plan/business_plan_008_文旅项目投资计划.json,04_business/06_business_plan/business_plan_008_文旅项目投资计划.html,04_business/06_business_plan/business_plan_008_文旅项目投资计划.png,04_business/06_business_plan/business_plan_008_文旅项目投资计划.png,04_business/06_business_plan/business_plan_008_文旅项目投资计划__real_screenshot_compressed.png,screenshot_compressed,截图+转发压缩,无(纯数字),无,无,04_business/06_business_plan/business_plan_008_文旅项目投资计划.png,true
04_business/06_business_plan/business_plan_009_FinTech_Pitch_Deck,04_business,06_business_plan,04_business/06_business_plan/business_plan_009_FinTech_Pitch_Deck.json,04_business/06_business_plan/business_plan_009_FinTech_Pitch_Deck.html,04_business/06_business_plan/business_plan_009_FinTech_Pitch_Deck.png,04_business/06_business_plan/business_plan_009_FinTech_Pitch_Deck.png,04_business/06_business_plan/business_plan_009_FinTech_Pitch_Deck__real_screenshot_na_na_na.png,screenshot_compressed,截图+转发压缩,无(纯数字),无,无,04_business/06_business_plan/business_plan_009_FinTech_Pitch_Deck.png,true
04_business/06_business_plan/business_plan_011_UrbanPulse,04_business,06_business_plan,04_business/06_business_plan/business_plan_011_UrbanPulse.json,04_business/06_business_plan/business_plan_011_UrbanPulse.html,04_business/06_business_plan/business_plan_011_UrbanPulse.png,04_business/06_business_plan/business_plan_011_UrbanPulse.png,04_business/06_business_plan/business_plan_011_UrbanPulse__real_phone_flat_normal_top.png,phone_flat_indoor_normal_top,手机拍纸质文档,平整,室内正常光,俯拍,04_business/06_business_plan/business_plan_011_UrbanPulse.png,true
04_business/06_business_plan/business_plan_021_DeepCurrent_Energy,04_business,06_business_plan,04_business/06_business_plan/business_plan_021_DeepCurrent_Energy.json,04_business/06_business_plan/business_plan_021_DeepCurrent_Energy.html,04_business/06_business_plan/business_plan_021_DeepCurrent_Energy.png,04_business/06_business_plan/business_plan_021_DeepCurrent_Energy.png,04_business/06_business_plan/business_plan_021_DeepCurrent_Energy__real_phone_flat_normal_top.jpg,phone_flat_indoor_normal_top,手机拍纸质文档,平整,室内正常光,俯拍,04_business/06_business_plan/business_plan_021_DeepCurrent_Energy.png,true
04_business/06_business_plan/business_plan_021_HelixForge_Bioworks,04_business,06_business_plan,04_business/06_business_plan/business_plan_021_HelixForge_Bioworks.json,04_business/06_business_plan/business_plan_021_HelixForge_Bioworks.html,04_business/06_business_plan/business_plan_021_HelixForge_Bioworks.png,04_business/06_business_plan/business_plan_021_HelixForge_Bioworks.png,04_business/06_business_plan/business_plan_021_HelixForge_Bioworks__real_screenshot_na_na_na.png,screenshot_compressed,截图+转发压缩,无(纯数字),无,无,04_business/06_business_plan/business_plan_021_HelixForge_Bioworks.png,true
04_business/06_business_plan/business_plan_022_Aerostrata_Systems,04_business,06_business_plan,04_business/06_business_plan/business_plan_022_Aerostrata_Systems.json,04_business/06_business_plan/business_plan_022_Aerostrata_Systems.html,04_business/06_business_plan/business_plan_022_Aerostrata_Systems.png,04_business/06_business_plan/business_plan_022_Aerostrata_Systems.png,04_business/06_business_plan/business_plan_022_Aerostrata_Systems__real_phone_flat_normal_top.png,phone_flat_indoor_normal_top,手机拍纸质文档,平整,室内正常光,俯拍,04_business/06_business_plan/business_plan_022_Aerostrata_Systems.png,true
04_business/06_business_plan/business_plan_022_ForgeMind,04_business,06_business_plan,04_business/06_business_plan/business_plan_022_ForgeMind.json,04_business/06_business_plan/business_plan_022_ForgeMind.html,04_business/06_business_plan/business_plan_022_ForgeMind.png,04_business/06_business_plan/business_plan_022_ForgeMind.png,04_business/06_business_plan/business_plan_022_ForgeMind__real_phone_flat_normal_top.png,phone_flat_indoor_normal_top,手机拍纸质文档,平整,室内正常光,俯拍,04_business/06_business_plan/business_plan_022_ForgeMind.png,true
04_business/06_business_plan/business_plan_023_Zhijie_Research_Plan,04_business,06_business_plan,04_business/06_business_plan/business_plan_023_Zhijie_Research_Plan.json,04_business/06_business_plan/business_plan_023_Zhijie_Research_Plan.html,04_business/06_business_plan/business_plan_023_Zhijie_Research_Plan.png,04_business/06_business_plan/business_plan_023_Zhijie_Research_Plan.png,04_business/06_business_plan/business_plan_023_Zhijie_Research_Plan__real_phone_flat_normal_top.png,phone_flat_indoor_normal_top,手机拍纸质文档,平整,室内正常光,俯拍,04_business/06_business_plan/business_plan_023_Zhijie_Research_Plan.png,true
04_business/06_business_plan/business_plan_024_MEDFLOW_GRID,04_business,06_business_plan,04_business/06_business_plan/business_plan_024_MEDFLOW_GRID.json,04_business/06_business_plan/business_plan_024_MEDFLOW_GRID.html,04_business/06_business_plan/business_plan_024_MEDFLOW_GRID.png,04_business/06_business_plan/business_plan_024_MEDFLOW_GRID.png,04_business/06_business_plan/business_plan_024_MEDFLOW_GRID__real_screenshot_na_na_na.png,screenshot_compressed,截图+转发压缩,无(纯数字),无,无,04_business/06_business_plan/business_plan_024_MEDFLOW_GRID.png,true
04_business/06_business_plan/business_plan_025_PawDay_Business_Plan,04_business,06_business_plan,04_business/06_business_plan/business_plan_025_PawDay_Business_Plan.json,04_business/06_business_plan/business_plan_025_PawDay_Business_Plan.html,04_business/06_business_plan/business_plan_025_PawDay_Business_Plan.png,04_business/06_business_plan/business_plan_025_PawDay_Business_Plan.png,04_business/06_business_plan/business_plan_025_PawDay_Business_Plan__real_phone_flat_normal_top.png,phone_flat_indoor_normal_top,手机拍纸质文档,平整,室内正常光,俯拍,04_business/06_business_plan/business_plan_025_PawDay_Business_Plan.png,true
04_business/06_business_plan/business_plan_026_The_Last_District,04_business,06_business_plan,04_business/06_business_plan/business_plan_026_The_Last_District.json,04_business/06_business_plan/business_plan_026_The_Last_District.html,04_business/06_business_plan/business_plan_026_The_Last_District.png,04_business/06_business_plan/business_plan_026_The_Last_District.png,04_business/06_business_plan/business_plan_026_The_Last_District__real_phone_flat_normal_top.png,phone_flat_indoor_normal_top,手机拍纸质文档,平整,室内正常光,俯拍,04_business/06_business_plan/business_plan_026_The_Last_District.png,true
04_business/06_business_plan/business_plan_027_Orbital_Harvest_Master_Dossier,04_business,06_business_plan,04_business/06_business_plan/business_plan_027_Orbital_Harvest_Master_Dossier.json,04_business/06_business_plan/business_plan_027_Orbital_Harvest_Master_Dossier.html,04_business/06_business_plan/business_plan_027_Orbital_Harvest_Master_Dossier.png,04_business/06_business_plan/business_plan_027_Orbital_Harvest_Master_Dossier.png,04_business/06_business_plan/business_plan_027_Orbital_Harvest_Master_Dossier__real_screenshot_na_na_na.png,phone_flat_indoor_normal_top,手机拍纸质文档,平整,室内正常光,俯拍,04_business/06_business_plan/business_plan_027_Orbital_Harvest_Master_Dossier.png,true
04_business/07_employee_handbook/eh_007_Retail_Store_Trifold_Handbook,04_business,07_employee_handbook,04_business/07_employee_handbook/eh_007_Retail_Store_Trifold_Handbook.json,04_business/07_employee_handbook/eh_007_Retail_Store_Trifold_Handbook.html,04_business/07_employee_handbook/eh_007_Retail_Store_Trifold_Handbook.png,04_business/07_employee_handbook/eh_007_Retail_Store_Trifold_Handbook.png,04_business/07_employee_handbook/eh_007_Retail_Store_Trifold_Handbook__real_phone_bent_normal_top.png,phone_bent_indoor_normal_top,手机拍纸质文档,弯折(不压平),室内正常光,俯拍,04_business/07_employee_handbook/eh_007_Retail_Store_Trifold_Handbook.png,true
04_business/07_employee_handbook/employee_handbook_001_互联网大厂,04_business,07_employee_handbook,04_business/07_employee_handbook/employee_handbook_001_互联网大厂.json,04_business/07_employee_handbook/employee_handbook_001_互联网大厂.html,04_business/07_employee_handbook/employee_handbook_001_互联网大厂.png,04_business/07_employee_handbook/employee_handbook_001_互联网大厂.png,04_business/07_employee_handbook/employee_handbook_001_互联网大厂__real_screenshot_na_na_na.png,phone_photocopy,手机拍复印件,复印件,室内正常光,俯拍,04_business/07_employee_handbook/employee_handbook_001_互联网大厂.png,true
04_business/07_employee_handbook/employee_handbook_002_Manufacturing_Safety,04_business,07_employee_handbook,04_business/07_employee_handbook/employee_handbook_002_Manufacturing_Safety.json,04_business/07_employee_handbook/employee_handbook_002_Manufacturing_Safety.html,04_business/07_employee_handbook/employee_handbook_002_Manufacturing_Safety.png,04_business/07_employee_handbook/employee_handbook_002_Manufacturing_Safety.png,04_business/07_employee_handbook/employee_handbook_002_Manufacturing_Safety__real_phone_bent_normal_top.jpg,phone_bent_indoor_normal_top,手机拍纸质文档,弯折(不压平),室内正常光,俯拍,04_business/07_employee_handbook/employee_handbook_002_Manufacturing_Safety.png,true
04_business/07_employee_handbook/employee_handbook_003_New_Hire_Onboarding,04_business,07_employee_handbook,04_business/07_employee_handbook/employee_handbook_003_New_Hire_Onboarding.json,04_business/07_employee_handbook/employee_handbook_003_New_Hire_Onboarding.html,04_business/07_employee_handbook/employee_handbook_003_New_Hire_Onboarding.png,04_business/07_employee_handbook/employee_handbook_003_New_Hire_Onboarding.png,04_business/07_employee_handbook/employee_handbook_003_New_Hire_Onboarding__real_phone_photocopy_photocopy_normal_top.png,phone_photocopy,手机拍复印件,复印件,室内正常光,俯拍,04_business/07_employee_handbook/employee_handbook_003_New_Hire_Onboarding.png,true
04_business/07_employee_handbook/employee_handbook_004_Attendance_Policy,04_business,07_employee_handbook,04_business/07_employee_handbook/employee_handbook_004_Attendance_Policy.json,04_business/07_employee_handbook/employee_handbook_004_Attendance_Policy.html,04_business/07_employee_handbook/employee_handbook_004_Attendance_Policy.png,04_business/07_employee_handbook/employee_handbook_004_Attendance_Policy.png,04_business/07_employee_handbook/employee_handbook_004_Attendance_Policy__real_phone_bent_normal_top.png,phone_bent_indoor_normal_top,手机拍纸质文档,弯折(不压平),室内正常光,俯拍,04_business/07_employee_handbook/employee_handbook_004_Attendance_Policy.png,true
04_business/07_employee_handbook/employee_handbook_005_Code_of_Conduct,04_business,07_employee_handbook,04_business/07_employee_handbook/employee_handbook_005_Code_of_Conduct.json,04_business/07_employee_handbook/employee_handbook_005_Code_of_Conduct.html,04_business/07_employee_handbook/employee_handbook_005_Code_of_Conduct.png,04_business/07_employee_handbook/employee_handbook_005_Code_of_Conduct.png,04_business/07_employee_handbook/employee_handbook_005_Code_of_Conduct__real_phone_photocopy.png,phone_photocopy,手机拍复印件,复印件,室内正常光,俯拍,04_business/07_employee_handbook/employee_handbook_005_Code_of_Conduct.png,true
04_business/07_employee_handbook/employee_handbook_006_Leave_Benefits,04_business,07_employee_handbook,04_business/07_employee_handbook/employee_handbook_006_Leave_Benefits.json,04_business/07_employee_handbook/employee_handbook_006_Leave_Benefits.html,04_business/07_employee_handbook/employee_handbook_006_Leave_Benefits.png,04_business/07_employee_handbook/employee_handbook_006_Leave_Benefits.png,04_business/07_employee_handbook/employee_handbook_006_Leave_Benefits__real_phone_bent_normal_top.png,phone_bent_indoor_normal_top,手机拍纸质文档,弯折(不压平),室内正常光,俯拍,04_business/07_employee_handbook/employee_handbook_006_Leave_Benefits.png,true
04_business/07_employee_handbook/employee_handbook_007_InfoSec_Compliance,04_business,07_employee_handbook,04_business/07_employee_handbook/employee_handbook_007_InfoSec_Compliance.json,04_business/07_employee_handbook/employee_handbook_007_InfoSec_Compliance.html,04_business/07_employee_handbook/employee_handbook_007_InfoSec_Compliance.png,04_business/07_employee_handbook/employee_handbook_007_InfoSec_Compliance.png,04_business/07_employee_handbook/employee_handbook_007_InfoSec_Compliance__real_phone_photocopy_photocopy_normal_top.jpg,phone_photocopy,手机拍复印件,复印件,室内正常光,俯拍,04_business/07_employee_handbook/employee_handbook_007_InfoSec_Compliance.png,true
04_business/07_employee_handbook/employee_handbook_008_Performance_Promotion,04_business,07_employee_handbook,04_business/07_employee_handbook/employee_handbook_008_Performance_Promotion.json,04_business/07_employee_handbook/employee_handbook_008_Performance_Promotion.html,04_business/07_employee_handbook/employee_handbook_008_Performance_Promotion.png,04_business/07_employee_handbook/employee_handbook_008_Performance_Promotion.png,04_business/07_employee_handbook/employee_handbook_008_Performance_Promotion__real_phone_bent_normal_top.png,phone_bent_indoor_normal_top,手机拍纸质文档,弯折(不压平),室内正常光,俯拍,04_business/07_employee_handbook/employee_handbook_008_Performance_Promotion.png,true
04_business/07_employee_handbook/employee_handbook_009_Travel_Expense,04_business,07_employee_handbook,04_business/07_employee_handbook/employee_handbook_009_Travel_Expense.json,04_business/07_employee_handbook/employee_handbook_009_Travel_Expense.html,04_business/07_employee_handbook/employee_handbook_009_Travel_Expense.png,04_business/07_employee_handbook/employee_handbook_009_Travel_Expense.png,04_business/07_employee_handbook/employee_handbook_009_Travel_Expense__real_phone_photocopy_photocopy_normal_top.png,phone_photocopy,手机拍复印件,复印件,室内正常光,俯拍,04_business/07_employee_handbook/employee_handbook_009_Travel_Expense.png,true
04_business/07_employee_handbook/employee_handbook_010_Workplace_Safety,04_business,07_employee_handbook,04_business/07_employee_handbook/employee_handbook_010_Workplace_Safety.json,04_business/07_employee_handbook/employee_handbook_010_Workplace_Safety.html,04_business/07_employee_handbook/employee_handbook_010_Workplace_Safety.png,04_business/07_employee_handbook/employee_handbook_010_Workplace_Safety.png,04_business/07_employee_handbook/employee_handbook_010_Workplace_Safety__real_phone_bent_normal_top.png,phone_bent_indoor_normal_top,手机拍纸质文档,弯折(不压平),室内正常光,俯拍,04_business/07_employee_handbook/employee_handbook_010_Workplace_Safety.png,true
04_business/07_employee_handbook/employee_handbook_011_Manufacturing_Plant,04_business,07_employee_handbook,04_business/07_employee_handbook/employee_handbook_011_Manufacturing_Plant.json,04_business/07_employee_handbook/employee_handbook_011_Manufacturing_Plant.html,04_business/07_employee_handbook/employee_handbook_011_Manufacturing_Plant.png,04_business/07_employee_handbook/employee_handbook_011_Manufacturing_Plant.png,04_business/07_employee_handbook/employee_handbook_011_Manufacturing_Plant__real_phone_photocopy.png,phone_photocopy,手机拍复印件,复印件,室内正常光,俯拍,04_business/07_employee_handbook/employee_handbook_011_Manufacturing_Plant.png,true
04_business/07_employee_handbook/employee_handbook_012_Hospital,04_business,07_employee_handbook,04_business/07_employee_handbook/employee_handbook_012_Hospital.json,04_business/07_employee_handbook/employee_handbook_012_Hospital.html,04_business/07_employee_handbook/employee_handbook_012_Hospital.png,04_business/07_employee_handbook/employee_handbook_012_Hospital.png,04_business/07_employee_handbook/employee_handbook_012_Hospital__real_phone_bent_normal_top.png,phone_bent_indoor_normal_top,手机拍纸质文档,弯折(不压平),室内正常光,俯拍,04_business/07_employee_handbook/employee_handbook_012_Hospital.png,true
04_business/07_employee_handbook/employee_handbook_013_Warehouse_Logistics,04_business,07_employee_handbook,04_business/07_employee_handbook/employee_handbook_013_Warehouse_Logistics.json,04_business/07_employee_handbook/employee_handbook_013_Warehouse_Logistics.html,04_business/07_employee_handbook/employee_handbook_013_Warehouse_Logistics.png,04_business/07_employee_handbook/employee_handbook_013_Warehouse_Logistics.png,04_business/07_employee_handbook/employee_handbook_013_Warehouse_Logistics__real_phone_photocopy_photocopy_normal_top.png,phone_photocopy,手机拍复印件,复印件,室内正常光,俯拍,04_business/07_employee_handbook/employee_handbook_013_Warehouse_Logistics.png,true
04_business/07_employee_handbook/employee_handbook_014_Global,04_business,07_employee_handbook,04_business/07_employee_handbook/employee_handbook_014_Global.json,04_business/07_employee_handbook/employee_handbook_014_Global.html,04_business/07_employee_handbook/employee_handbook_014_Global.png,04_business/07_employee_handbook/employee_handbook_014_Global.png,04_business/07_employee_handbook/employee_handbook_014_Global__real_phone_bent_normal_top.png,phone_bent_indoor_normal_top,手机拍纸质文档,弯折(不压平),室内正常光,俯拍,04_business/07_employee_handbook/employee_handbook_014_Global.png,true
04_business/07_employee_handbook/employee_handbook_015_新员工入职手册摘要页,04_business,07_employee_handbook,04_business/07_employee_handbook/employee_handbook_015_新员工入职手册摘要页.json,04_business/07_employee_handbook/employee_handbook_015_新员工入职手册摘要页.html,04_business/07_employee_handbook/employee_handbook_015_新员工入职手册摘要页.png,04_business/07_employee_handbook/employee_handbook_015_新员工入职手册摘要页.png,04_business/07_employee_handbook/employee_handbook_015_新员工入职手册摘要页__real_phone_photocopy_photocopy_normal_top.png,phone_photocopy,手机拍复印件,复印件,室内正常光,俯拍,04_business/07_employee_handbook/employee_handbook_015_新员工入职手册摘要页.png,true
04_business/07_employee_handbook/employee_handbook_016_Quick_Start_Guide,04_business,07_employee_handbook,04_business/07_employee_handbook/employee_handbook_016_Quick_Start_Guide.json,04_business/07_employee_handbook/employee_handbook_016_Quick_Start_Guide.html,04_business/07_employee_handbook/employee_handbook_016_Quick_Start_Guide.png,04_business/07_employee_handbook/employee_handbook_016_Quick_Start_Guide.png,04_business/07_employee_handbook/employee_handbook_016_Quick_Start_Guide__real_phone_bent_normal_top.png,phone_bent_indoor_normal_top,手机拍纸质文档,弯折(不压平),室内正常光,俯拍,04_business/07_employee_handbook/employee_handbook_016_Quick_Start_Guide.png,true
04_business/07_employee_handbook/employee_handbook_017_员工手册快速导航页,04_business,07_employee_handbook,04_business/07_employee_handbook/employee_handbook_017_员工手册快速导航页.json,04_business/07_employee_handbook/employee_handbook_017_员工手册快速导航页.html,04_business/07_employee_handbook/employee_handbook_017_员工手册快速导航页.png,04_business/07_employee_handbook/employee_handbook_017_员工手册快速导航页.png,04_business/07_employee_handbook/employee_handbook_017_员工手册快速导航页__real_phone_photocopy_photocopy_normal_top.jpg,phone_photocopy,手机拍复印件,复印件,室内正常光,俯拍,04_business/07_employee_handbook/employee_handbook_017_员工手册快速导航页.png,true
04_business/07_employee_handbook/employee_handbook_018_Transit_Map_Handbook,04_business,07_employee_handbook,04_business/07_employee_handbook/employee_handbook_018_Transit_Map_Handbook.json,04_business/07_employee_handbook/employee_handbook_018_Transit_Map_Handbook.html,04_business/07_employee_handbook/employee_handbook_018_Transit_Map_Handbook.png,04_business/07_employee_handbook/employee_handbook_018_Transit_Map_Handbook.png,04_business/07_employee_handbook/employee_handbook_018_Transit_Map_Handbook__real_phone_bent_normal_top.jpg,phone_bent_indoor_normal_top,手机拍纸质文档,弯折(不压平),室内正常光,俯拍,04_business/07_employee_handbook/employee_handbook_018_Transit_Map_Handbook.png,true
04_business/07_employee_handbook/employee_handbook_019_Archive_Wall_Handbook,04_business,07_employee_handbook,04_business/07_employee_handbook/employee_handbook_019_Archive_Wall_Handbook.json,04_business/07_employee_handbook/employee_handbook_019_Archive_Wall_Handbook.html,04_business/07_employee_handbook/employee_handbook_019_Archive_Wall_Handbook.png,04_business/07_employee_handbook/employee_handbook_019_Archive_Wall_Handbook.png,04_business/07_employee_handbook/employee_handbook_019_Archive_Wall_Handbook__real_phone_photocopy_photocopy_normal_top.png,phone_photocopy,手机拍复印件,复印件,室内正常光,俯拍,04_business/07_employee_handbook/employee_handbook_019_Archive_Wall_Handbook.png,true
04_business/07_employee_handbook/employee_handbook_020_Control_Console_Handbook,04_business,07_employee_handbook,04_business/07_employee_handbook/employee_handbook_020_Control_Console_Handbook.json,04_business/07_employee_handbook/employee_handbook_020_Control_Console_Handbook.html,04_business/07_employee_handbook/employee_handbook_020_Control_Console_Handbook.png,04_business/07_employee_handbook/employee_handbook_020_Control_Console_Handbook.png,04_business/07_employee_handbook/employee_handbook_020_Control_Console_Handbook__real_phone_bent_normal_top.png,phone_bent_indoor_normal_top,手机拍纸质文档,弯折(不压平),室内正常光,俯拍,04_business/07_employee_handbook/employee_handbook_020_Control_Console_Handbook.png,true
05_finance/01_invoice_receipt/invoice_receipt_001,05_finance,01_invoice_receipt,05_finance/01_invoice_receipt/invoice_receipt_001.json,05_finance/01_invoice_receipt/invoice_receipt_001.html,05_finance/01_invoice_receipt/invoice_receipt_001.png,05_finance/01_invoice_receipt/invoice_receipt_001.png,05_finance/01_invoice_receipt/invoice_receipt_001__real_phone_creased_low_top.jpg,phone_creased_indoor_low_top,手机拍纸质文档,折痕/褶皱,室内暗光,俯拍,05_finance/01_invoice_receipt/invoice_receipt_001.png,true
05_finance/01_invoice_receipt/invoice_receipt_002,05_finance,01_invoice_receipt,05_finance/01_invoice_receipt/invoice_receipt_002.json,05_finance/01_invoice_receipt/invoice_receipt_002.html,05_finance/01_invoice_receipt/invoice_receipt_002.png,05_finance/01_invoice_receipt/invoice_receipt_002.png,05_finance/01_invoice_receipt/invoice_receipt_002__real_phone_creased_normal_handheld.jpg,phone_creased_indoor_normal_handheld_top,手机拍纸质文档,折痕/褶皱,室内正常光,手持俯拍,05_finance/01_invoice_receipt/invoice_receipt_002.png,true
05_finance/01_invoice_receipt/invoice_receipt_003,05_finance,01_invoice_receipt,05_finance/01_invoice_receipt/invoice_receipt_003.json,05_finance/01_invoice_receipt/invoice_receipt_003.html,05_finance/01_invoice_receipt/invoice_receipt_003.png,05_finance/01_invoice_receipt/invoice_receipt_003.png,05_finance/01_invoice_receipt/invoice_receipt_003__real_phone_creased_low_top.jpg,phone_creased_indoor_low_top,手机拍纸质文档,折痕/褶皱,室内暗光,俯拍,05_finance/01_invoice_receipt/invoice_receipt_003.png,true
05_finance/01_invoice_receipt/invoice_receipt_004,05_finance,01_invoice_receipt,05_finance/01_invoice_receipt/invoice_receipt_004.json,05_finance/01_invoice_receipt/invoice_receipt_004.html,05_finance/01_invoice_receipt/invoice_receipt_004.png,05_finance/01_invoice_receipt/invoice_receipt_004.png,05_finance/01_invoice_receipt/invoice_receipt_004__real_phone_creased_normal_handheld.jpg,phone_creased_indoor_normal_handheld_top,手机拍纸质文档,折痕/褶皱,室内正常光,手持俯拍,05_finance/01_invoice_receipt/invoice_receipt_004.png,true
05_finance/01_invoice_receipt/invoice_receipt_005,05_finance,01_invoice_receipt,05_finance/01_invoice_receipt/invoice_receipt_005.json,05_finance/01_invoice_receipt/invoice_receipt_005.html,05_finance/01_invoice_receipt/invoice_receipt_005.png,05_finance/01_invoice_receipt/invoice_receipt_005.png,05_finance/01_invoice_receipt/invoice_receipt_005__real_phone_creased_low_top.jpg,phone_creased_indoor_low_top,手机拍纸质文档,折痕/褶皱,室内暗光,俯拍,05_finance/01_invoice_receipt/invoice_receipt_005.png,true
05_finance/01_invoice_receipt/invoice_receipt_006,05_finance,01_invoice_receipt,05_finance/01_invoice_receipt/invoice_receipt_006.json,05_finance/01_invoice_receipt/invoice_receipt_006.html,05_finance/01_invoice_receipt/invoice_receipt_006.png,05_finance/01_invoice_receipt/invoice_receipt_006.png,05_finance/01_invoice_receipt/invoice_receipt_006__real_phone_creased_normal_handheld_top.png,phone_creased_indoor_normal_handheld_top,手机拍纸质文档,折痕/褶皱,室内正常光,手持俯拍,05_finance/01_invoice_receipt/invoice_receipt_006.png,true
05_finance/01_invoice_receipt/invoice_receipt_007,05_finance,01_invoice_receipt,05_finance/01_invoice_receipt/invoice_receipt_007.json,05_finance/01_invoice_receipt/invoice_receipt_007.html,05_finance/01_invoice_receipt/invoice_receipt_007.png,05_finance/01_invoice_receipt/invoice_receipt_007.png,05_finance/01_invoice_receipt/invoice_receipt_007__real_phone_creased_low_top.png,phone_creased_indoor_low_top,手机拍纸质文档,折痕/褶皱,室内暗光,俯拍,05_finance/01_invoice_receipt/invoice_receipt_007.png,true
05_finance/01_invoice_receipt/invoice_receipt_008,05_finance,01_invoice_receipt,05_finance/01_invoice_receipt/invoice_receipt_008.json,05_finance/01_invoice_receipt/invoice_receipt_008.html,05_finance/01_invoice_receipt/invoice_receipt_008.png,05_finance/01_invoice_receipt/invoice_receipt_008.png,05_finance/01_invoice_receipt/invoice_receipt_008__real_phone_creased_normal_handheld.png,phone_creased_indoor_normal_handheld_top,手机拍纸质文档,折痕/褶皱,室内正常光,手持俯拍,05_finance/01_invoice_receipt/invoice_receipt_008.png,true
05_finance/01_invoice_receipt/invoice_receipt_009,05_finance,01_invoice_receipt,05_finance/01_invoice_receipt/invoice_receipt_009.json,05_finance/01_invoice_receipt/invoice_receipt_009.html,05_finance/01_invoice_receipt/invoice_receipt_009.png,05_finance/01_invoice_receipt/invoice_receipt_009.png,05_finance/01_invoice_receipt/invoice_receipt_009__real_phone_creased_low_top.png,phone_creased_indoor_low_top,手机拍纸质文档,折痕/褶皱,室内暗光,俯拍,05_finance/01_invoice_receipt/invoice_receipt_009.png,true
05_finance/01_invoice_receipt/invoice_receipt_010,05_finance,01_invoice_receipt,05_finance/01_invoice_receipt/invoice_receipt_010.json,05_finance/01_invoice_receipt/invoice_receipt_010.html,05_finance/01_invoice_receipt/invoice_receipt_010.png,05_finance/01_invoice_receipt/invoice_receipt_010.png,05_finance/01_invoice_receipt/invoice_receipt_010__real_phone_creased_normal_handheld.png,phone_creased_indoor_normal_handheld_top,手机拍纸质文档,折痕/褶皱,室内正常光,手持俯拍,05_finance/01_invoice_receipt/invoice_receipt_010.png,true
05_finance/01_invoice_receipt/invoice_receipt_011,05_finance,01_invoice_receipt,05_finance/01_invoice_receipt/invoice_receipt_011.json,05_finance/01_invoice_receipt/invoice_receipt_011.html,05_finance/01_invoice_receipt/invoice_receipt_011.png,05_finance/01_invoice_receipt/invoice_receipt_011.png,05_finance/01_invoice_receipt/invoice_receipt_011__real_phone_creased_low_top.png,phone_creased_indoor_low_top,手机拍纸质文档,折痕/褶皱,室内暗光,俯拍,05_finance/01_invoice_receipt/invoice_receipt_011.png,true
05_finance/01_invoice_receipt/invoice_receipt_012,05_finance,01_invoice_receipt,05_finance/01_invoice_receipt/invoice_receipt_012.json,05_finance/01_invoice_receipt/invoice_receipt_012.html,05_finance/01_invoice_receipt/invoice_receipt_012.png,05_finance/01_invoice_receipt/invoice_receipt_012.png,05_finance/01_invoice_receipt/invoice_receipt_012__real_phone_creased_normal_handheld.png,phone_creased_indoor_normal_handheld_top,手机拍纸质文档,折痕/褶皱,室内正常光,手持俯拍,05_finance/01_invoice_receipt/invoice_receipt_012.png,true
05_finance/01_invoice_receipt/invoice_receipt_013,05_finance,01_invoice_receipt,05_finance/01_invoice_receipt/invoice_receipt_013.json,05_finance/01_invoice_receipt/invoice_receipt_013.html,05_finance/01_invoice_receipt/invoice_receipt_013.png,05_finance/01_invoice_receipt/invoice_receipt_013.png,05_finance/01_invoice_receipt/invoice_receipt_013__real_phone_creased_low_top.png,phone_creased_indoor_low_top,手机拍纸质文档,折痕/褶皱,室内暗光,俯拍,05_finance/01_invoice_receipt/invoice_receipt_013.png,true
05_finance/01_invoice_receipt/invoice_receipt_014,05_finance,01_invoice_receipt,05_finance/01_invoice_receipt/invoice_receipt_014.json,05_finance/01_invoice_receipt/invoice_receipt_014.html,05_finance/01_invoice_receipt/invoice_receipt_014.png,05_finance/01_invoice_receipt/invoice_receipt_014.png,05_finance/01_invoice_receipt/invoice_receipt_014__real_phone_creased_normal_handheld.png,phone_creased_indoor_normal_handheld_top,手机拍纸质文档,折痕/褶皱,室内正常光,手持俯拍,05_finance/01_invoice_receipt/invoice_receipt_014.png,true
05_finance/01_invoice_receipt/invoice_receipt_015,05_finance,01_invoice_receipt,05_finance/01_invoice_receipt/invoice_receipt_015.json,05_finance/01_invoice_receipt/invoice_receipt_015.html,05_finance/01_invoice_receipt/invoice_receipt_015.png,05_finance/01_invoice_receipt/invoice_receipt_015.png,05_finance/01_invoice_receipt/invoice_receipt_015__real_phone_creased_low_top.png,phone_creased_indoor_low_top,手机拍纸质文档,折痕/褶皱,室内暗光,俯拍,05_finance/01_invoice_receipt/invoice_receipt_015.png,true
05_finance/01_invoice_receipt/invoice_receipt_016,05_finance,01_invoice_receipt,05_finance/01_invoice_receipt/invoice_receipt_016.json,05_finance/01_invoice_receipt/invoice_receipt_016.html,05_finance/01_invoice_receipt/invoice_receipt_016.png,05_finance/01_invoice_receipt/invoice_receipt_016.png,05_finance/01_invoice_receipt/invoice_receipt_016__real_phone_creased_normal_handheld.png,phone_creased_indoor_normal_handheld_top,手机拍纸质文档,折痕/褶皱,室内正常光,手持俯拍,05_finance/01_invoice_receipt/invoice_receipt_016.png,true
05_finance/01_invoice_receipt/invoice_receipt_017,05_finance,01_invoice_receipt,05_finance/01_invoice_receipt/invoice_receipt_017.json,05_finance/01_invoice_receipt/invoice_receipt_017.html,05_finance/01_invoice_receipt/invoice_receipt_017.png,05_finance/01_invoice_receipt/invoice_receipt_017.png,05_finance/01_invoice_receipt/invoice_receipt_017__real_phone_creased_low_top.png,phone_creased_indoor_low_top,手机拍纸质文档,折痕/褶皱,室内暗光,俯拍,05_finance/01_invoice_receipt/invoice_receipt_017.png,true
05_finance/01_invoice_receipt/invoice_receipt_018,05_finance,01_invoice_receipt,05_finance/01_invoice_receipt/invoice_receipt_018.json,05_finance/01_invoice_receipt/invoice_receipt_018.html,05_finance/01_invoice_receipt/invoice_receipt_018.png,05_finance/01_invoice_receipt/invoice_receipt_018.png,05_finance/01_invoice_receipt/invoice_receipt_018__real_phone_creased_normal_handheld_top.png,phone_creased_indoor_normal_handheld_top,手机拍纸质文档,折痕/褶皱,室内正常光,手持俯拍,05_finance/01_invoice_receipt/invoice_receipt_018.png,true
05_finance/01_invoice_receipt/invoice_receipt_019,05_finance,01_invoice_receipt,05_finance/01_invoice_receipt/invoice_receipt_019.json,05_finance/01_invoice_receipt/invoice_receipt_019.html,05_finance/01_invoice_receipt/invoice_receipt_019.png,05_finance/01_invoice_receipt/invoice_receipt_019.png,05_finance/01_invoice_receipt/invoice_receipt_019__real_phone_creased_low_top.png,phone_creased_indoor_low_top,手机拍纸质文档,折痕/褶皱,室内暗光,俯拍,05_finance/01_invoice_receipt/invoice_receipt_019.png,true
05_finance/01_invoice_receipt/invoice_receipt_020,05_finance,01_invoice_receipt,05_finance/01_invoice_receipt/invoice_receipt_020.json,05_finance/01_invoice_receipt/invoice_receipt_020.html,05_finance/01_invoice_receipt/invoice_receipt_020.png,05_finance/01_invoice_receipt/invoice_receipt_020.png,05_finance/01_invoice_receipt/invoice_receipt_020__real_phone_creased_normal_handheld.png,phone_creased_indoor_normal_handheld_top,手机拍纸质文档,折痕/褶皱,室内正常光,手持俯拍,05_finance/01_invoice_receipt/invoice_receipt_020.png,true
05_finance/01_invoice_receipt/invoice_receipt_021,05_finance,01_invoice_receipt,05_finance/01_invoice_receipt/invoice_receipt_021.json,05_finance/01_invoice_receipt/invoice_receipt_021.html,05_finance/01_invoice_receipt/invoice_receipt_021.png,05_finance/01_invoice_receipt/invoice_receipt_021.png,05_finance/01_invoice_receipt/invoice_receipt_021__real_phone_creased_low_top.png,phone_creased_indoor_low_top,手机拍纸质文档,折痕/褶皱,室内暗光,俯拍,05_finance/01_invoice_receipt/invoice_receipt_021.png,true
05_finance/01_invoice_receipt/invoice_receipt_022,05_finance,01_invoice_receipt,05_finance/01_invoice_receipt/invoice_receipt_022.json,05_finance/01_invoice_receipt/invoice_receipt_022.html,05_finance/01_invoice_receipt/invoice_receipt_022.png,05_finance/01_invoice_receipt/invoice_receipt_022.png,05_finance/01_invoice_receipt/invoice_receipt_022__real_phone_creased_normal_handheld.png,phone_creased_indoor_normal_handheld_top,手机拍纸质文档,折痕/褶皱,室内正常光,手持俯拍,05_finance/01_invoice_receipt/invoice_receipt_022.png,true
05_finance/01_invoice_receipt/invoice_receipt_023,05_finance,01_invoice_receipt,05_finance/01_invoice_receipt/invoice_receipt_023.json,05_finance/01_invoice_receipt/invoice_receipt_023.html,05_finance/01_invoice_receipt/invoice_receipt_023.png,05_finance/01_invoice_receipt/invoice_receipt_023.png,05_finance/01_invoice_receipt/invoice_receipt_023__real_phone_creased_low_top.png,phone_creased_indoor_low_top,手机拍纸质文档,折痕/褶皱,室内暗光,俯拍,05_finance/01_invoice_receipt/invoice_receipt_023.png,true
05_finance/01_invoice_receipt/invoice_receipt_024,05_finance,01_invoice_receipt,05_finance/01_invoice_receipt/invoice_receipt_024.json,05_finance/01_invoice_receipt/invoice_receipt_024.html,05_finance/01_invoice_receipt/invoice_receipt_024.png,05_finance/01_invoice_receipt/invoice_receipt_024.png,05_finance/01_invoice_receipt/invoice_receipt_024__real_phone_creased_normal_handheld.png,phone_creased_indoor_normal_handheld_top,手机拍纸质文档,折痕/褶皱,室内正常光,手持俯拍,05_finance/01_invoice_receipt/invoice_receipt_024.png,true
05_finance/01_invoice_receipt/invoice_receipt_025,05_finance,01_invoice_receipt,05_finance/01_invoice_receipt/invoice_receipt_025.json,05_finance/01_invoice_receipt/invoice_receipt_025.html,05_finance/01_invoice_receipt/invoice_receipt_025.png,05_finance/01_invoice_receipt/invoice_receipt_025.png,05_finance/01_invoice_receipt/invoice_receipt_025__real_phone_creased_low_top.png,phone_creased_indoor_low_top,手机拍纸质文档,折痕/褶皱,室内暗光,俯拍,05_finance/01_invoice_receipt/invoice_receipt_025.png,true
05_finance/01_invoice_receipt/invoice_receipt_026,05_finance,01_invoice_receipt,05_finance/01_invoice_receipt/invoice_receipt_026.json,05_finance/01_invoice_receipt/invoice_receipt_026.html,05_finance/01_invoice_receipt/invoice_receipt_026.png,05_finance/01_invoice_receipt/invoice_receipt_026.png,05_finance/01_invoice_receipt/invoice_receipt_026__real_phone_creased_normal_handheld.png,phone_creased_indoor_normal_handheld_top,手机拍纸质文档,折痕/褶皱,室内正常光,手持俯拍,05_finance/01_invoice_receipt/invoice_receipt_026.png,true
05_finance/01_invoice_receipt/invoice_receipt_027,05_finance,01_invoice_receipt,05_finance/01_invoice_receipt/invoice_receipt_027.json,05_finance/01_invoice_receipt/invoice_receipt_027.html,05_finance/01_invoice_receipt/invoice_receipt_027.png,05_finance/01_invoice_receipt/invoice_receipt_027.png,05_finance/01_invoice_receipt/invoice_receipt_027__real_phone_creased_low_top.jpg,phone_creased_indoor_low_top,手机拍纸质文档,折痕/褶皱,室内暗光,俯拍,05_finance/01_invoice_receipt/invoice_receipt_027.png,true
05_finance/01_invoice_receipt/invoice_receipt_028,05_finance,01_invoice_receipt,05_finance/01_invoice_receipt/invoice_receipt_028.json,05_finance/01_invoice_receipt/invoice_receipt_028.html,05_finance/01_invoice_receipt/invoice_receipt_028.png,05_finance/01_invoice_receipt/invoice_receipt_028.png,05_finance/01_invoice_receipt/invoice_receipt_028__real_phone_creased_normal_handheld_top.png,phone_creased_indoor_normal_handheld_top,手机拍纸质文档,折痕/褶皱,室内正常光,手持俯拍,05_finance/01_invoice_receipt/invoice_receipt_028.png,true
05_finance/01_invoice_receipt/invoice_receipt_029,05_finance,01_invoice_receipt,05_finance/01_invoice_receipt/invoice_receipt_029.json,05_finance/01_invoice_receipt/invoice_receipt_029.html,05_finance/01_invoice_receipt/invoice_receipt_029.png,05_finance/01_invoice_receipt/invoice_receipt_029.png,05_finance/01_invoice_receipt/invoice_receipt_029__real_phone_creased_low_top.png,phone_creased_indoor_low_top,手机拍纸质文档,折痕/褶皱,室内暗光,俯拍,05_finance/01_invoice_receipt/invoice_receipt_029.png,true
05_finance/01_invoice_receipt/invoice_receipt_030,05_finance,01_invoice_receipt,05_finance/01_invoice_receipt/invoice_receipt_030.json,05_finance/01_invoice_receipt/invoice_receipt_030.html,05_finance/01_invoice_receipt/invoice_receipt_030.png,05_finance/01_invoice_receipt/invoice_receipt_030.png,05_finance/01_invoice_receipt/invoice_receipt_030__real_phone_creased_normal_handheld.png,phone_creased_indoor_normal_handheld_top,手机拍纸质文档,折痕/褶皱,室内正常光,手持俯拍,05_finance/01_invoice_receipt/invoice_receipt_030.png,true
05_finance/01_invoice_receipt/invoice_receipt_031,05_finance,01_invoice_receipt,05_finance/01_invoice_receipt/invoice_receipt_031.json,05_finance/01_invoice_receipt/invoice_receipt_031.html,05_finance/01_invoice_receipt/invoice_receipt_031.png,05_finance/01_invoice_receipt/invoice_receipt_031.png,05_finance/01_invoice_receipt/invoice_receipt_031__real_phone_creased_low_top.png,phone_creased_indoor_low_top,手机拍纸质文档,折痕/褶皱,室内暗光,俯拍,05_finance/01_invoice_receipt/invoice_receipt_031.png,true
05_finance/01_invoice_receipt/invoice_receipt_032,05_finance,01_invoice_receipt,05_finance/01_invoice_receipt/invoice_receipt_032.json,05_finance/01_invoice_receipt/invoice_receipt_032.html,05_finance/01_invoice_receipt/invoice_receipt_032.png,05_finance/01_invoice_receipt/invoice_receipt_032.png,05_finance/01_invoice_receipt/invoice_receipt_032__real_phone_creased_normal_handheld.png,phone_creased_indoor_normal_handheld_top,手机拍纸质文档,折痕/褶皱,室内正常光,手持俯拍,05_finance/01_invoice_receipt/invoice_receipt_032.png,true
05_finance/02_financial_report/financial_report_001,05_finance,02_financial_report,05_finance/02_financial_report/financial_report_001.json,05_finance/02_financial_report/financial_report_001.html,05_finance/02_financial_report/financial_report_001.png,05_finance/02_financial_report/financial_report_001.png,05_finance/02_financial_report/financial_report_001__real_phone_flat_normal_top.png,phone_flat_indoor_normal_top,手机拍纸质文档,平整,室内正常光,俯拍,05_finance/02_financial_report/financial_report_001.png,true
05_finance/02_financial_report/financial_report_002,05_finance,02_financial_report,05_finance/02_financial_report/financial_report_002.json,05_finance/02_financial_report/financial_report_002.html,05_finance/02_financial_report/financial_report_002.png,05_finance/02_financial_report/financial_report_002.png,05_finance/02_financial_report/financial_report_002__real_phone_flat_flash_top.png,phone_flat_flash_top,手机拍纸质文档,平整,闪光灯,俯拍,05_finance/02_financial_report/financial_report_002.png,true
05_finance/02_financial_report/financial_report_003,05_finance,02_financial_report,05_finance/02_financial_report/financial_report_003.json,05_finance/02_financial_report/financial_report_003.html,05_finance/02_financial_report/financial_report_003.png,05_finance/02_financial_report/financial_report_003.png,05_finance/02_financial_report/financial_report_003__real_screen_na_screen_screen.jpg,screen_photography,拍屏,无(屏幕显示),屏幕背光+室内光,手机对屏幕,05_finance/02_financial_report/financial_report_003.png,true
05_finance/02_financial_report/financial_report_004,05_finance,02_financial_report,05_finance/02_financial_report/financial_report_004.json,05_finance/02_financial_report/financial_report_004.html,05_finance/02_financial_report/financial_report_004.png,05_finance/02_financial_report/financial_report_004.png,05_finance/02_financial_report/financial_report_004__real_screenshot_na_na_na.png,screenshot_compressed,截图+转发压缩,无(纯数字),无,无,05_finance/02_financial_report/financial_report_004.png,true
05_finance/02_financial_report/financial_report_005,05_finance,02_financial_report,05_finance/02_financial_report/financial_report_005.json,05_finance/02_financial_report/financial_report_005.html,05_finance/02_financial_report/financial_report_005.png,05_finance/02_financial_report/financial_report_005.png,05_finance/02_financial_report/financial_report_005__real_phone_flat_normal_top.png,phone_flat_indoor_normal_top,手机拍纸质文档,平整,室内正常光,俯拍,05_finance/02_financial_report/financial_report_005.png,true
05_finance/02_financial_report/financial_report_006,05_finance,02_financial_report,05_finance/02_financial_report/financial_report_006.json,05_finance/02_financial_report/financial_report_006.html,05_finance/02_financial_report/financial_report_006.png,05_finance/02_financial_report/financial_report_006.png,05_finance/02_financial_report/financial_report_006__real_phone_flat_normal_top.png,phone_flat_indoor_normal_top,手机拍纸质文档,平整,室内正常光,俯拍,05_finance/02_financial_report/financial_report_006.png,true
05_finance/02_financial_report/financial_report_007,05_finance,02_financial_report,05_finance/02_financial_report/financial_report_007.json,05_finance/02_financial_report/financial_report_007.html,05_finance/02_financial_report/financial_report_007.png,05_finance/02_financial_report/financial_report_007.png,05_finance/02_financial_report/financial_report_007__real_phone_flat_normal_top.png,phone_flat_indoor_normal_top,手机拍纸质文档,平整,室内正常光,俯拍,05_finance/02_financial_report/financial_report_007.png,true
05_finance/02_financial_report/financial_report_008,05_finance,02_financial_report,05_finance/02_financial_report/financial_report_008.json,05_finance/02_financial_report/financial_report_008.html,05_finance/02_financial_report/financial_report_008.png,05_finance/02_financial_report/financial_report_008.png,05_finance/02_financial_report/financial_report_008__real_phone_flat_normal_top.jpg,phone_flat_indoor_normal_top,手机拍纸质文档,平整,室内正常光,俯拍,05_finance/02_financial_report/financial_report_008.png,true
05_finance/02_financial_report/financial_report_009,05_finance,02_financial_report,05_finance/02_financial_report/financial_report_009.json,05_finance/02_financial_report/financial_report_009.html,05_finance/02_financial_report/financial_report_009.png,05_finance/02_financial_report/financial_report_009.png,05_finance/02_financial_report/financial_report_009__real_screen_na_screen_screen.jpg,screen_photography,拍屏,无(屏幕显示),屏幕背光+室内光,手机对屏幕,05_finance/02_financial_report/financial_report_009.png,true
05_finance/02_financial_report/financial_report_010,05_finance,02_financial_report,05_finance/02_financial_report/financial_report_010.json,05_finance/02_financial_report/financial_report_010.html,05_finance/02_financial_report/financial_report_010.png,05_finance/02_financial_report/financial_report_010.png,05_finance/02_financial_report/financial_report_010__real_phone_flat_normal_top.jpg,phone_flat_indoor_normal_top,手机拍纸质文档,平整,室内正常光,俯拍,05_finance/02_financial_report/financial_report_010.png,true
05_finance/02_financial_report/financial_report_011,05_finance,02_financial_report,05_finance/02_financial_report/financial_report_011.json,05_finance/02_financial_report/financial_report_011.html,05_finance/02_financial_report/financial_report_011.png,05_finance/02_financial_report/financial_report_011.png,05_finance/02_financial_report/financial_report_011__real_phone_flat_normal_top.png,phone_flat_indoor_normal_top,手机拍纸质文档,平整,室内正常光,俯拍,05_finance/02_financial_report/financial_report_011.png,true
05_finance/02_financial_report/financial_report_012,05_finance,02_financial_report,05_finance/02_financial_report/financial_report_012.json,05_finance/02_financial_report/financial_report_012.html,05_finance/02_financial_report/financial_report_012.png,05_finance/02_financial_report/financial_report_012.png,05_finance/02_financial_report/financial_report_012__real_phone_flat_normal_top.png,phone_flat_indoor_normal_top,手机拍纸质文档,平整,室内正常光,俯拍,05_finance/02_financial_report/financial_report_012.png,true
05_finance/02_financial_report/financial_report_013,05_finance,02_financial_report,05_finance/02_financial_report/financial_report_013.json,05_finance/02_financial_report/financial_report_013.html,05_finance/02_financial_report/financial_report_013.png,05_finance/02_financial_report/financial_report_013.png,05_finance/02_financial_report/financial_report_013__real_phone_flat_normal_top.png,phone_flat_indoor_normal_top,手机拍纸质文档,平整,室内正常光,俯拍,05_finance/02_financial_report/financial_report_013.png,true
05_finance/02_financial_report/financial_report_014,05_finance,02_financial_report,05_finance/02_financial_report/financial_report_014.json,05_finance/02_financial_report/financial_report_014.html,05_finance/02_financial_report/financial_report_014.png,05_finance/02_financial_report/financial_report_014.png,05_finance/02_financial_report/financial_report_014__real_phone_flat_normal_top.png,phone_flat_indoor_normal_top,手机拍纸质文档,平整,室内正常光,俯拍,05_finance/02_financial_report/financial_report_014.png,true
05_finance/02_financial_report/financial_report_015,05_finance,02_financial_report,05_finance/02_financial_report/financial_report_015.json,05_finance/02_financial_report/financial_report_015.html,05_finance/02_financial_report/financial_report_015.png,05_finance/02_financial_report/financial_report_015.png,05_finance/02_financial_report/financial_report_015__real_screenshot_na_na_na.png,screenshot_compressed,截图+转发压缩,无(纯数字),无,无,05_finance/02_financial_report/financial_report_015.png,true
05_finance/02_financial_report/financial_report_016,05_finance,02_financial_report,05_finance/02_financial_report/financial_report_016.json,05_finance/02_financial_report/financial_report_016.html,05_finance/02_financial_report/financial_report_016.png,05_finance/02_financial_report/financial_report_016.png,05_finance/02_financial_report/financial_report_016__real_phone_flat_normal_top.png,phone_flat_indoor_normal_top,手机拍纸质文档,平整,室内正常光,俯拍,05_finance/02_financial_report/financial_report_016.png,true
05_finance/02_financial_report/financial_report_017,05_finance,02_financial_report,05_finance/02_financial_report/financial_report_017.json,05_finance/02_financial_report/financial_report_017.html,05_finance/02_financial_report/financial_report_017.png,05_finance/02_financial_report/financial_report_017.png,05_finance/02_financial_report/financial_report_017__real_phone_flat_normal_top.png,phone_flat_indoor_normal_top,手机拍纸质文档,平整,室内正常光,俯拍,05_finance/02_financial_report/financial_report_017.png,true
05_finance/02_financial_report/financial_report_018,05_finance,02_financial_report,05_finance/02_financial_report/financial_report_018.json,05_finance/02_financial_report/financial_report_018.html,05_finance/02_financial_report/financial_report_018.png,05_finance/02_financial_report/financial_report_018.png,05_finance/02_financial_report/financial_report_018__real_phone_flat_normal_top.png,phone_flat_indoor_normal_top,手机拍纸质文档,平整,室内正常光,俯拍,05_finance/02_financial_report/financial_report_018.png,true
05_finance/02_financial_report/financial_report_019,05_finance,02_financial_report,05_finance/02_financial_report/financial_report_019.json,05_finance/02_financial_report/financial_report_019.html,05_finance/02_financial_report/financial_report_019.png,05_finance/02_financial_report/financial_report_019.png,05_finance/02_financial_report/financial_report_019__real_phone_flat_normal_top.png,phone_flat_indoor_normal_top,手机拍纸质文档,平整,室内正常光,俯拍,05_finance/02_financial_report/financial_report_019.png,true
05_finance/02_financial_report/financial_report_020,05_finance,02_financial_report,05_finance/02_financial_report/financial_report_020.json,05_finance/02_financial_report/financial_report_020.html,05_finance/02_financial_report/financial_report_020.png,05_finance/02_financial_report/financial_report_020.png,05_finance/02_financial_report/financial_report_020__real_phone_flat_normal_top.png,phone_flat_indoor_normal_top,手机拍纸质文档,平整,室内正常光,俯拍,05_finance/02_financial_report/financial_report_020.png,true
05_finance/03_bank_statement/bank_statement_001,05_finance,03_bank_statement,05_finance/03_bank_statement/bank_statement_001.json,05_finance/03_bank_statement/bank_statement_001.html,05_finance/03_bank_statement/bank_statement_001.png,05_finance/03_bank_statement/bank_statement_001.png,05_finance/03_bank_statement/bank_statement_001__real_screenshot_na_na_na.png,phone_flat_indoor_normal_top,手机拍纸质文档,平整,室内正常光,俯拍,05_finance/03_bank_statement/bank_statement_001.png,true
05_finance/03_bank_statement/bank_statement_002,05_finance,03_bank_statement,05_finance/03_bank_statement/bank_statement_002.json,05_finance/03_bank_statement/bank_statement_002.html,05_finance/03_bank_statement/bank_statement_002.png,05_finance/03_bank_statement/bank_statement_002.png,05_finance/03_bank_statement/bank_statement_002__real_phone_flat_normal_top.png,phone_flat_indoor_normal_top,手机拍纸质文档,平整,室内正常光,俯拍,05_finance/03_bank_statement/bank_statement_002.png,true
05_finance/03_bank_statement/bank_statement_003,05_finance,03_bank_statement,05_finance/03_bank_statement/bank_statement_003.json,05_finance/03_bank_statement/bank_statement_003.html,05_finance/03_bank_statement/bank_statement_003.png,05_finance/03_bank_statement/bank_statement_003.png,05_finance/03_bank_statement/bank_statement_003__real_screenshot_na_na_na.png,screenshot_compressed,截图+转发压缩,无(纯数字),无,无,05_finance/03_bank_statement/bank_statement_003.png,true
05_finance/03_bank_statement/bank_statement_004,05_finance,03_bank_statement,05_finance/03_bank_statement/bank_statement_004.json,05_finance/03_bank_statement/bank_statement_004.html,05_finance/03_bank_statement/bank_statement_004.png,05_finance/03_bank_statement/bank_statement_004.png,05_finance/03_bank_statement/bank_statement_004__real_phone_flat_normal_top.png,phone_flat_indoor_normal_top,手机拍纸质文档,平整,室内正常光,俯拍,05_finance/03_bank_statement/bank_statement_004.png,true
05_finance/03_bank_statement/bank_statement_005,05_finance,03_bank_statement,05_finance/03_bank_statement/bank_statement_005.json,05_finance/03_bank_statement/bank_statement_005.html,05_finance/03_bank_statement/bank_statement_005.png,05_finance/03_bank_statement/bank_statement_005.png,05_finance/03_bank_statement/bank_statement_005__real_phone_flat_normal_top.png,phone_flat_indoor_normal_top,手机拍纸质文档,平整,室内正常光,俯拍,05_finance/03_bank_statement/bank_statement_005.png,true
05_finance/03_bank_statement/bank_statement_006,05_finance,03_bank_statement,05_finance/03_bank_statement/bank_statement_006.json,05_finance/03_bank_statement/bank_statement_006.html,05_finance/03_bank_statement/bank_statement_006.png,05_finance/03_bank_statement/bank_statement_006.png,05_finance/03_bank_statement/bank_statement_006__real_screen_na_screen_screen.png,screen_photography,拍屏,无(屏幕显示),屏幕背光+室内光,手机对屏幕,05_finance/03_bank_statement/bank_statement_006.png,true
05_finance/03_bank_statement/bank_statement_007,05_finance,03_bank_statement,05_finance/03_bank_statement/bank_statement_007.json,05_finance/03_bank_statement/bank_statement_007.html,05_finance/03_bank_statement/bank_statement_007.png,05_finance/03_bank_statement/bank_statement_007.png,05_finance/03_bank_statement/bank_statement_007__real_phone_flat_normal_top.jpg,phone_flat_indoor_normal_top,手机拍纸质文档,平整,室内正常光,俯拍,05_finance/03_bank_statement/bank_statement_007.png,true
05_finance/03_bank_statement/bank_statement_008,05_finance,03_bank_statement,05_finance/03_bank_statement/bank_statement_008.json,05_finance/03_bank_statement/bank_statement_008.html,05_finance/03_bank_statement/bank_statement_008.png,05_finance/03_bank_statement/bank_statement_008.png,05_finance/03_bank_statement/bank_statement_008__real_phone_flat_normal_top.png,phone_flat_indoor_normal_top,手机拍纸质文档,平整,室内正常光,俯拍,05_finance/03_bank_statement/bank_statement_008.png,true
05_finance/03_bank_statement/bank_statement_009,05_finance,03_bank_statement,05_finance/03_bank_statement/bank_statement_009.json,05_finance/03_bank_statement/bank_statement_009.html,05_finance/03_bank_statement/bank_statement_009.png,05_finance/03_bank_statement/bank_statement_009.png,05_finance/03_bank_statement/bank_statement_009__real_screenshot_na_na_na.png,screenshot_compressed,截图+转发压缩,无(纯数字),无,无,05_finance/03_bank_statement/bank_statement_009.png,true
05_finance/03_bank_statement/bank_statement_010,05_finance,03_bank_statement,05_finance/03_bank_statement/bank_statement_010.json,05_finance/03_bank_statement/bank_statement_010.html,05_finance/03_bank_statement/bank_statement_010.png,05_finance/03_bank_statement/bank_statement_010.png,05_finance/03_bank_statement/bank_statement_010__real_phone_flat_normal_top.png,phone_flat_indoor_normal_top,手机拍纸质文档,平整,室内正常光,俯拍,05_finance/03_bank_statement/bank_statement_010.png,true
05_finance/03_bank_statement/bank_statement_011,05_finance,03_bank_statement,05_finance/03_bank_statement/bank_statement_011.json,05_finance/03_bank_statement/bank_statement_011.html,05_finance/03_bank_statement/bank_statement_011.png,05_finance/03_bank_statement/bank_statement_011.png,05_finance/03_bank_statement/bank_statement_011__real_phone_flat_normal_top.png,phone_flat_indoor_normal_top,手机拍纸质文档,平整,室内正常光,俯拍,05_finance/03_bank_statement/bank_statement_011.png,true
05_finance/03_bank_statement/bank_statement_012,05_finance,03_bank_statement,05_finance/03_bank_statement/bank_statement_012.json,05_finance/03_bank_statement/bank_statement_012.html,05_finance/03_bank_statement/bank_statement_012.png,05_finance/03_bank_statement/bank_statement_012.png,05_finance/03_bank_statement/bank_statement_012__real_screen_photography.png,screen_photography,拍屏,无(屏幕显示),屏幕背光+室内光,手机对屏幕,05_finance/03_bank_statement/bank_statement_012.png,true
05_finance/03_bank_statement/bank_statement_013,05_finance,03_bank_statement,05_finance/03_bank_statement/bank_statement_013.json,05_finance/03_bank_statement/bank_statement_013.html,05_finance/03_bank_statement/bank_statement_013.png,05_finance/03_bank_statement/bank_statement_013.png,05_finance/03_bank_statement/bank_statement_013__real_phone_flat_normal_top.png,phone_flat_indoor_normal_top,手机拍纸质文档,平整,室内正常光,俯拍,05_finance/03_bank_statement/bank_statement_013.png,true
05_finance/03_bank_statement/bank_statement_014,05_finance,03_bank_statement,05_finance/03_bank_statement/bank_statement_014.json,05_finance/03_bank_statement/bank_statement_014.html,05_finance/03_bank_statement/bank_statement_014.png,05_finance/03_bank_statement/bank_statement_014.png,05_finance/03_bank_statement/bank_statement_014__real_phone_flat_normal_top.png,phone_flat_indoor_normal_top,手机拍纸质文档,平整,室内正常光,俯拍,05_finance/03_bank_statement/bank_statement_014.png,true
05_finance/03_bank_statement/bank_statement_015,05_finance,03_bank_statement,05_finance/03_bank_statement/bank_statement_015.json,05_finance/03_bank_statement/bank_statement_015.html,05_finance/03_bank_statement/bank_statement_015.png,05_finance/03_bank_statement/bank_statement_015.png,05_finance/03_bank_statement/bank_statement_015__real_phone_flat_normal_top.png,phone_flat_indoor_normal_top,手机拍纸质文档,平整,室内正常光,俯拍,05_finance/03_bank_statement/bank_statement_015.png,true
05_finance/03_bank_statement/bank_statement_016,05_finance,03_bank_statement,05_finance/03_bank_statement/bank_statement_016.json,05_finance/03_bank_statement/bank_statement_016.html,05_finance/03_bank_statement/bank_statement_016.png,05_finance/03_bank_statement/bank_statement_016.png,05_finance/03_bank_statement/bank_statement_016__real_screen_na_screen_screen.png,screen_photography,拍屏,无(屏幕显示),屏幕背光+室内光,手机对屏幕,05_finance/03_bank_statement/bank_statement_016.png,true
05_finance/03_bank_statement/bank_statement_017,05_finance,03_bank_statement,05_finance/03_bank_statement/bank_statement_017.json,05_finance/03_bank_statement/bank_statement_017.html,05_finance/03_bank_statement/bank_statement_017.png,05_finance/03_bank_statement/bank_statement_017.png,05_finance/03_bank_statement/bank_statement_017__real_screen_photography.png,screen_photography,拍屏,无(屏幕显示),屏幕背光+室内光,手机对屏幕,05_finance/03_bank_statement/bank_statement_017.png,true
05_finance/03_bank_statement/bank_statement_018,05_finance,03_bank_statement,05_finance/03_bank_statement/bank_statement_018.json,05_finance/03_bank_statement/bank_statement_018.html,05_finance/03_bank_statement/bank_statement_018.png,05_finance/03_bank_statement/bank_statement_018.png,05_finance/03_bank_statement/bank_statement_018__real_phone_flat_normal_top.png,phone_flat_indoor_normal_top,手机拍纸质文档,平整,室内正常光,俯拍,05_finance/03_bank_statement/bank_statement_018.png,true
05_finance/03_bank_statement/bank_statement_019,05_finance,03_bank_statement,05_finance/03_bank_statement/bank_statement_019.json,05_finance/03_bank_statement/bank_statement_019.html,05_finance/03_bank_statement/bank_statement_019.png,05_finance/03_bank_statement/bank_statement_019.png,05_finance/03_bank_statement/bank_statement_019__real_screenshot_na_na_na.png,screenshot_compressed,截图+转发压缩,无(纯数字),无,无,05_finance/03_bank_statement/bank_statement_019.png,true
05_finance/03_bank_statement/bank_statement_020,05_finance,03_bank_statement,05_finance/03_bank_statement/bank_statement_020.json,05_finance/03_bank_statement/bank_statement_020.html,05_finance/03_bank_statement/bank_statement_020.png,05_finance/03_bank_statement/bank_statement_020.png,05_finance/03_bank_statement/bank_statement_020__real_phone_flat_normal_top.png,phone_flat_indoor_normal_top,手机拍纸质文档,平整,室内正常光,俯拍,05_finance/03_bank_statement/bank_statement_020.png,true
05_finance/04_tax_document/tax_document_001,05_finance,04_tax_document,05_finance/04_tax_document/tax_document_001.json,05_finance/04_tax_document/tax_document_001.html,05_finance/04_tax_document/tax_document_001.png,05_finance/04_tax_document/tax_document_001.png,05_finance/04_tax_document/tax_document_001__real_phone_flat_normal_top.png,phone_flat_indoor_normal_top,手机拍纸质文档,平整,室内正常光,俯拍,05_finance/04_tax_document/tax_document_001.png,true
05_finance/04_tax_document/tax_document_002,05_finance,04_tax_document,05_finance/04_tax_document/tax_document_002.json,05_finance/04_tax_document/tax_document_002.html,05_finance/04_tax_document/tax_document_002.png,05_finance/04_tax_document/tax_document_002.png,05_finance/04_tax_document/tax_document_002__real_phone_photocopy_photocopy_normal_top.png,phone_photocopy,手机拍复印件,复印件,室内正常光,俯拍,05_finance/04_tax_document/tax_document_002.png,true
05_finance/04_tax_document/tax_document_003,05_finance,04_tax_document,05_finance/04_tax_document/tax_document_003.json,05_finance/04_tax_document/tax_document_003.html,05_finance/04_tax_document/tax_document_003.png,05_finance/04_tax_document/tax_document_003.png,05_finance/04_tax_document/tax_document_003__real_phone_flat_normal_top.png,phone_flat_indoor_normal_top,手机拍纸质文档,平整,室内正常光,俯拍,05_finance/04_tax_document/tax_document_003.png,true
05_finance/04_tax_document/tax_document_004,05_finance,04_tax_document,05_finance/04_tax_document/tax_document_004.json,05_finance/04_tax_document/tax_document_004.html,05_finance/04_tax_document/tax_document_004.png,05_finance/04_tax_document/tax_document_004.png,05_finance/04_tax_document/tax_document_004__real_phone_photocopy_photocopy_normal_top.png,phone_photocopy,手机拍复印件,复印件,室内正常光,俯拍,05_finance/04_tax_document/tax_document_004.png,true
05_finance/04_tax_document/tax_document_005,05_finance,04_tax_document,05_finance/04_tax_document/tax_document_005.json,05_finance/04_tax_document/tax_document_005.html,05_finance/04_tax_document/tax_document_005.png,05_finance/04_tax_document/tax_document_005.png,05_finance/04_tax_document/tax_document_005__real_screenshot_compressed.png,screenshot_compressed,截图+转发压缩,无(纯数字),无,无,05_finance/04_tax_document/tax_document_005.png,true
05_finance/04_tax_document/tax_document_006,05_finance,04_tax_document,05_finance/04_tax_document/tax_document_006.json,05_finance/04_tax_document/tax_document_006.html,05_finance/04_tax_document/tax_document_006.png,05_finance/04_tax_document/tax_document_006.png,05_finance/04_tax_document/tax_document_006__real_phone_photocopy_photocopy_normal_top.png,phone_photocopy,手机拍复印件,复印件,室内正常光,俯拍,05_finance/04_tax_document/tax_document_006.png,true
05_finance/04_tax_document/tax_document_007,05_finance,04_tax_document,05_finance/04_tax_document/tax_document_007.json,05_finance/04_tax_document/tax_document_007.html,05_finance/04_tax_document/tax_document_007.png,05_finance/04_tax_document/tax_document_007.png,05_finance/04_tax_document/tax_document_007__real_screenshot_na_na_na.png,screenshot_compressed,截图+转发压缩,无(纯数字),无,无,05_finance/04_tax_document/tax_document_007.png,true
05_finance/04_tax_document/tax_document_008,05_finance,04_tax_document,05_finance/04_tax_document/tax_document_008.json,05_finance/04_tax_document/tax_document_008.html,05_finance/04_tax_document/tax_document_008.png,05_finance/04_tax_document/tax_document_008.png,05_finance/04_tax_document/tax_document_008__real_phone_photocopy.png,phone_photocopy,手机拍复印件,复印件,室内正常光,俯拍,05_finance/04_tax_document/tax_document_008.png,true
05_finance/04_tax_document/tax_document_009,05_finance,04_tax_document,05_finance/04_tax_document/tax_document_009.json,05_finance/04_tax_document/tax_document_009.html,05_finance/04_tax_document/tax_document_009.png,05_finance/04_tax_document/tax_document_009.png,05_finance/04_tax_document/tax_document_009__real_phone_flat_flash_top.jpg,phone_flat_flash_top,手机拍纸质文档,平整,闪光灯,俯拍,05_finance/04_tax_document/tax_document_009.png,true
05_finance/04_tax_document/tax_document_010,05_finance,04_tax_document,05_finance/04_tax_document/tax_document_010.json,05_finance/04_tax_document/tax_document_010.html,05_finance/04_tax_document/tax_document_010.png,05_finance/04_tax_document/tax_document_010.png,05_finance/04_tax_document/tax_document_010__real_phone_photocopy_photocopy_normal_top.jpg,phone_photocopy,手机拍复印件,复印件,室内正常光,俯拍,05_finance/04_tax_document/tax_document_010.png,true
05_finance/04_tax_document/tax_document_011,05_finance,04_tax_document,05_finance/04_tax_document/tax_document_011.json,05_finance/04_tax_document/tax_document_011.html,05_finance/04_tax_document/tax_document_011.png,05_finance/04_tax_document/tax_document_011.png,05_finance/04_tax_document/tax_document_011__real_phone_flat_normal_top.png,phone_flat_indoor_normal_top,手机拍纸质文档,平整,室内正常光,俯拍,05_finance/04_tax_document/tax_document_011.png,true
05_finance/04_tax_document/tax_document_012,05_finance,04_tax_document,05_finance/04_tax_document/tax_document_012.json,05_finance/04_tax_document/tax_document_012.html,05_finance/04_tax_document/tax_document_012.png,05_finance/04_tax_document/tax_document_012.png,05_finance/04_tax_document/tax_document_012__real_phone_photocopy.png,phone_photocopy,手机拍复印件,复印件,室内正常光,俯拍,05_finance/04_tax_document/tax_document_012.png,true
05_finance/04_tax_document/tax_document_013,05_finance,04_tax_document,05_finance/04_tax_document/tax_document_013.json,05_finance/04_tax_document/tax_document_013.html,05_finance/04_tax_document/tax_document_013.png,05_finance/04_tax_document/tax_document_013.png,05_finance/04_tax_document/tax_document_013__real_phone_flat_normal_top.png,phone_flat_indoor_normal_top,手机拍纸质文档,平整,室内正常光,俯拍,05_finance/04_tax_document/tax_document_013.png,true
05_finance/04_tax_document/tax_document_014,05_finance,04_tax_document,05_finance/04_tax_document/tax_document_014.json,05_finance/04_tax_document/tax_document_014.html,05_finance/04_tax_document/tax_document_014.png,05_finance/04_tax_document/tax_document_014.png,05_finance/04_tax_document/tax_document_014__real_screenshot_na_na_na.png,phone_photocopy,手机拍复印件,复印件,室内正常光,俯拍,05_finance/04_tax_document/tax_document_014.png,true
05_finance/04_tax_document/tax_document_015,05_finance,04_tax_document,05_finance/04_tax_document/tax_document_015.json,05_finance/04_tax_document/tax_document_015.html,05_finance/04_tax_document/tax_document_015.png,05_finance/04_tax_document/tax_document_015.png,05_finance/04_tax_document/tax_document_015__real_phone_flat_normal_top.png,phone_flat_indoor_normal_top,手机拍纸质文档,平整,室内正常光,俯拍,05_finance/04_tax_document/tax_document_015.png,true
05_finance/04_tax_document/tax_document_016,05_finance,04_tax_document,05_finance/04_tax_document/tax_document_016.json,05_finance/04_tax_document/tax_document_016.html,05_finance/04_tax_document/tax_document_016.png,05_finance/04_tax_document/tax_document_016.png,05_finance/04_tax_document/tax_document_016__real_phone_photocopy_photocopy_normal_top.png,phone_photocopy,手机拍复印件,复印件,室内正常光,俯拍,05_finance/04_tax_document/tax_document_016.png,true
05_finance/04_tax_document/tax_document_017,05_finance,04_tax_document,05_finance/04_tax_document/tax_document_017.json,05_finance/04_tax_document/tax_document_017.html,05_finance/04_tax_document/tax_document_017.png,05_finance/04_tax_document/tax_document_017.png,05_finance/04_tax_document/tax_document_017__real_screen_photography.png,screen_photography,拍屏,无(屏幕显示),屏幕背光+室内光,手机对屏幕,05_finance/04_tax_document/tax_document_017.png,true
05_finance/04_tax_document/tax_document_018,05_finance,04_tax_document,05_finance/04_tax_document/tax_document_018.json,05_finance/04_tax_document/tax_document_018.html,05_finance/04_tax_document/tax_document_018.png,05_finance/04_tax_document/tax_document_018.png,05_finance/04_tax_document/tax_document_018__real_phone_photocopy_photocopy_normal_top.png,phone_photocopy,手机拍复印件,复印件,室内正常光,俯拍,05_finance/04_tax_document/tax_document_018.png,true
05_finance/04_tax_document/tax_document_019,05_finance,04_tax_document,05_finance/04_tax_document/tax_document_019.json,05_finance/04_tax_document/tax_document_019.html,05_finance/04_tax_document/tax_document_019.png,05_finance/04_tax_document/tax_document_019.png,05_finance/04_tax_document/tax_document_019__real_screenshot_na_na_na.png,phone_flat_indoor_normal_top,手机拍纸质文档,平整,室内正常光,俯拍,05_finance/04_tax_document/tax_document_019.png,true
05_finance/04_tax_document/tax_document_020,05_finance,04_tax_document,05_finance/04_tax_document/tax_document_020.json,05_finance/04_tax_document/tax_document_020.html,05_finance/04_tax_document/tax_document_020.png,05_finance/04_tax_document/tax_document_020.png,05_finance/04_tax_document/tax_document_020__real_phone_photocopy_photocopy_normal_top.png,phone_photocopy,手机拍复印件,复印件,室内正常光,俯拍,05_finance/04_tax_document/tax_document_020.png,true
05_finance/05_insurance/insurance_001,05_finance,05_insurance,05_finance/05_insurance/insurance_001.json,05_finance/05_insurance/insurance_001.html,05_finance/05_insurance/insurance_001.png,05_finance/05_insurance/insurance_001.png,05_finance/05_insurance/insurance_001__real_phone_photocopy_photocopy_normal_top.jpg,phone_photocopy,手机拍复印件,复印件,室内正常光,俯拍,05_finance/05_insurance/insurance_001.png,true
05_finance/05_insurance/insurance_002,05_finance,05_insurance,05_finance/05_insurance/insurance_002.json,05_finance/05_insurance/insurance_002.html,05_finance/05_insurance/insurance_002.png,05_finance/05_insurance/insurance_002.png,05_finance/05_insurance/insurance_002__real_screenshot_compressed.png,screenshot_compressed,截图+转发压缩,无(纯数字),无,无,05_finance/05_insurance/insurance_002.png,true
05_finance/05_insurance/insurance_003,05_finance,05_insurance,05_finance/05_insurance/insurance_003.json,05_finance/05_insurance/insurance_003.html,05_finance/05_insurance/insurance_003.png,05_finance/05_insurance/insurance_003.png,05_finance/05_insurance/insurance_003__real_phone_photocopy_photocopy_normal_top.png,phone_photocopy,手机拍复印件,复印件,室内正常光,俯拍,05_finance/05_insurance/insurance_003.png,true
05_finance/05_insurance/insurance_004,05_finance,05_insurance,05_finance/05_insurance/insurance_004.json,05_finance/05_insurance/insurance_004.html,05_finance/05_insurance/insurance_004.png,05_finance/05_insurance/insurance_004.png,05_finance/05_insurance/insurance_004__real_phone_flat_normal_top.png,phone_flat_indoor_normal_top,手机拍纸质文档,平整,室内正常光,俯拍,05_finance/05_insurance/insurance_004.png,true
05_finance/05_insurance/insurance_005,05_finance,05_insurance,05_finance/05_insurance/insurance_005.json,05_finance/05_insurance/insurance_005.html,05_finance/05_insurance/insurance_005.png,05_finance/05_insurance/insurance_005.png,05_finance/05_insurance/insurance_005__real_phone_photocopy_photocopy_normal_top.png,phone_photocopy,手机拍复印件,复印件,室内正常光,俯拍,05_finance/05_insurance/insurance_005.png,true
05_finance/05_insurance/insurance_006,05_finance,05_insurance,05_finance/05_insurance/insurance_006.json,05_finance/05_insurance/insurance_006.html,05_finance/05_insurance/insurance_006.png,05_finance/05_insurance/insurance_006.png,05_finance/05_insurance/insurance_006__real_screen_na_screen_screen.png,screen_photography,拍屏,无(屏幕显示),屏幕背光+室内光,手机对屏幕,05_finance/05_insurance/insurance_006.png,true
05_finance/05_insurance/insurance_007,05_finance,05_insurance,05_finance/05_insurance/insurance_007.json,05_finance/05_insurance/insurance_007.html,05_finance/05_insurance/insurance_007.png,05_finance/05_insurance/insurance_007.png,05_finance/05_insurance/insurance_007__real_phone_photocopy.png,phone_photocopy,手机拍复印件,复印件,室内正常光,俯拍,05_finance/05_insurance/insurance_007.png,true
05_finance/05_insurance/insurance_008,05_finance,05_insurance,05_finance/05_insurance/insurance_008.json,05_finance/05_insurance/insurance_008.html,05_finance/05_insurance/insurance_008.png,05_finance/05_insurance/insurance_008.png,05_finance/05_insurance/insurance_008__real_phone_flat_normal_top.png,phone_flat_indoor_normal_top,手机拍纸质文档,平整,室内正常光,俯拍,05_finance/05_insurance/insurance_008.png,true
05_finance/05_insurance/insurance_009,05_finance,05_insurance,05_finance/05_insurance/insurance_009.json,05_finance/05_insurance/insurance_009.html,05_finance/05_insurance/insurance_009.png,05_finance/05_insurance/insurance_009.png,05_finance/05_insurance/insurance_009__real_phone_photocopy_photocopy_normal_top.png,phone_photocopy,手机拍复印件,复印件,室内正常光,俯拍,05_finance/05_insurance/insurance_009.png,true
05_finance/05_insurance/insurance_010,05_finance,05_insurance,05_finance/05_insurance/insurance_010.json,05_finance/05_insurance/insurance_010.html,05_finance/05_insurance/insurance_010.png,05_finance/05_insurance/insurance_010.png,05_finance/05_insurance/insurance_010__real_phone_flat_flash_top.png,phone_flat_flash_top,手机拍纸质文档,平整,闪光灯,俯拍,05_finance/05_insurance/insurance_010.png,true
05_finance/05_insurance/insurance_011,05_finance,05_insurance,05_finance/05_insurance/insurance_011.json,05_finance/05_insurance/insurance_011.html,05_finance/05_insurance/insurance_011.png,05_finance/05_insurance/insurance_011.png,05_finance/05_insurance/insurance_011__real_phone_photocopy_photocopy_normal_top.png,phone_photocopy,手机拍复印件,复印件,室内正常光,俯拍,05_finance/05_insurance/insurance_011.png,true
05_finance/05_insurance/insurance_012,05_finance,05_insurance,05_finance/05_insurance/insurance_012.json,05_finance/05_insurance/insurance_012.html,05_finance/05_insurance/insurance_012.png,05_finance/05_insurance/insurance_012.png,05_finance/05_insurance/insurance_012__real_phone_flat_normal_top.png,phone_flat_indoor_normal_top,手机拍纸质文档,平整,室内正常光,俯拍,05_finance/05_insurance/insurance_012.png,true
05_finance/05_insurance/insurance_013,05_finance,05_insurance,05_finance/05_insurance/insurance_013.json,05_finance/05_insurance/insurance_013.html,05_finance/05_insurance/insurance_013.png,05_finance/05_insurance/insurance_013.png,05_finance/05_insurance/insurance_013__real_phone_photocopy.png,phone_photocopy,手机拍复印件,复印件,室内正常光,俯拍,05_finance/05_insurance/insurance_013.png,true
05_finance/05_insurance/insurance_014,05_finance,05_insurance,05_finance/05_insurance/insurance_014.json,05_finance/05_insurance/insurance_014.html,05_finance/05_insurance/insurance_014.png,05_finance/05_insurance/insurance_014.png,05_finance/05_insurance/insurance_014__real_phone_flat_normal_top.png,phone_flat_indoor_normal_top,手机拍纸质文档,平整,室内正常光,俯拍,05_finance/05_insurance/insurance_014.png,true
05_finance/05_insurance/insurance_015,05_finance,05_insurance,05_finance/05_insurance/insurance_015.json,05_finance/05_insurance/insurance_015.html,05_finance/05_insurance/insurance_015.png,05_finance/05_insurance/insurance_015.png,05_finance/05_insurance/insurance_015__real_phone_photocopy.png,phone_photocopy,手机拍复印件,复印件,室内正常光,俯拍,05_finance/05_insurance/insurance_015.png,true
05_finance/05_insurance/insurance_016,05_finance,05_insurance,05_finance/05_insurance/insurance_016.json,05_finance/05_insurance/insurance_016.html,05_finance/05_insurance/insurance_016.png,05_finance/05_insurance/insurance_016.png,05_finance/05_insurance/insurance_016__real_phone_flat_normal_top.png,phone_flat_indoor_normal_top,手机拍纸质文档,平整,室内正常光,俯拍,05_finance/05_insurance/insurance_016.png,true
05_finance/05_insurance/insurance_017,05_finance,05_insurance,05_finance/05_insurance/insurance_017.json,05_finance/05_insurance/insurance_017.html,05_finance/05_insurance/insurance_017.png,05_finance/05_insurance/insurance_017.png,05_finance/05_insurance/insurance_017__real_phone_photocopy.png,phone_photocopy,手机拍复印件,复印件,室内正常光,俯拍,05_finance/05_insurance/insurance_017.png,true
05_finance/05_insurance/insurance_018,05_finance,05_insurance,05_finance/05_insurance/insurance_018.json,05_finance/05_insurance/insurance_018.html,05_finance/05_insurance/insurance_018.png,05_finance/05_insurance/insurance_018.png,05_finance/05_insurance/insurance_018__real_phone_flat_normal_top.png,phone_flat_indoor_normal_top,手机拍纸质文档,平整,室内正常光,俯拍,05_finance/05_insurance/insurance_018.png,true
05_finance/05_insurance/insurance_019,05_finance,05_insurance,05_finance/05_insurance/insurance_019.json,05_finance/05_insurance/insurance_019.html,05_finance/05_insurance/insurance_019.png,05_finance/05_insurance/insurance_019.png,05_finance/05_insurance/insurance_019__real_phone_photocopy_photocopy_normal_top.png,phone_photocopy,手机拍复印件,复印件,室内正常光,俯拍,05_finance/05_insurance/insurance_019.png,true
05_finance/05_insurance/insurance_020,05_finance,05_insurance,05_finance/05_insurance/insurance_020.json,05_finance/05_insurance/insurance_020.html,05_finance/05_insurance/insurance_020.png,05_finance/05_insurance/insurance_020.png,05_finance/05_insurance/insurance_020__real_phone_flat_normal_top.jpg,phone_flat_indoor_normal_top,手机拍纸质文档,平整,室内正常光,俯拍,05_finance/05_insurance/insurance_020.png,true
05_finance/06_utility_bill/utility_bill_001,05_finance,06_utility_bill,05_finance/06_utility_bill/utility_bill_001.json,05_finance/06_utility_bill/utility_bill_001.html,05_finance/06_utility_bill/utility_bill_001.png,05_finance/06_utility_bill/utility_bill_001.png,05_finance/06_utility_bill/utility_bill_001__real_phone_creased_normal_top.png,phone_creased_indoor_normal_top,手机拍纸质文档,折痕/褶皱,室内正常光,俯拍,05_finance/06_utility_bill/utility_bill_001.png,true
05_finance/06_utility_bill/utility_bill_002,05_finance,06_utility_bill,05_finance/06_utility_bill/utility_bill_002.json,05_finance/06_utility_bill/utility_bill_002.html,05_finance/06_utility_bill/utility_bill_002.png,05_finance/06_utility_bill/utility_bill_002.png,05_finance/06_utility_bill/utility_bill_002__real_phone_creased_low_oblique.jpg,phone_creased_indoor_low_oblique,手机拍纸质文档,折痕/褶皱,室内暗光,斜拍(30-45度),05_finance/06_utility_bill/utility_bill_002.png,true
05_finance/06_utility_bill/utility_bill_003,05_finance,06_utility_bill,05_finance/06_utility_bill/utility_bill_003.json,05_finance/06_utility_bill/utility_bill_003.html,05_finance/06_utility_bill/utility_bill_003.png,05_finance/06_utility_bill/utility_bill_003.png,05_finance/06_utility_bill/utility_bill_003__real_screenshot_na_na_na.png,phone_creased_indoor_normal_top,手机拍纸质文档,折痕/褶皱,室内正常光,俯拍,05_finance/06_utility_bill/utility_bill_003.png,true
05_finance/06_utility_bill/utility_bill_004,05_finance,06_utility_bill,05_finance/06_utility_bill/utility_bill_004.json,05_finance/06_utility_bill/utility_bill_004.html,05_finance/06_utility_bill/utility_bill_004.png,05_finance/06_utility_bill/utility_bill_004.png,05_finance/06_utility_bill/utility_bill_004__real_phone_creased_low_oblique.png,phone_creased_indoor_low_oblique,手机拍纸质文档,折痕/褶皱,室内暗光,斜拍(30-45度),05_finance/06_utility_bill/utility_bill_004.png,true
05_finance/06_utility_bill/utility_bill_005,05_finance,06_utility_bill,05_finance/06_utility_bill/utility_bill_005.json,05_finance/06_utility_bill/utility_bill_005.html,05_finance/06_utility_bill/utility_bill_005.png,05_finance/06_utility_bill/utility_bill_005.png,05_finance/06_utility_bill/utility_bill_005__real_phone_creased_normal_top.png,phone_creased_indoor_normal_top,手机拍纸质文档,折痕/褶皱,室内正常光,俯拍,05_finance/06_utility_bill/utility_bill_005.png,true
05_finance/06_utility_bill/utility_bill_006,05_finance,06_utility_bill,05_finance/06_utility_bill/utility_bill_006.json,05_finance/06_utility_bill/utility_bill_006.html,05_finance/06_utility_bill/utility_bill_006.png,05_finance/06_utility_bill/utility_bill_006.png,05_finance/06_utility_bill/utility_bill_006__real_phone_creased_low_oblique.png,phone_creased_indoor_low_oblique,手机拍纸质文档,折痕/褶皱,室内暗光,斜拍(30-45度),05_finance/06_utility_bill/utility_bill_006.png,true
05_finance/06_utility_bill/utility_bill_007,05_finance,06_utility_bill,05_finance/06_utility_bill/utility_bill_007.json,05_finance/06_utility_bill/utility_bill_007.html,05_finance/06_utility_bill/utility_bill_007.png,05_finance/06_utility_bill/utility_bill_007.png,05_finance/06_utility_bill/utility_bill_007__real_screenshot_na_na_na.png,phone_creased_indoor_normal_top,手机拍纸质文档,折痕/褶皱,室内正常光,俯拍,05_finance/06_utility_bill/utility_bill_007.png,true
05_finance/06_utility_bill/utility_bill_008,05_finance,06_utility_bill,05_finance/06_utility_bill/utility_bill_008.json,05_finance/06_utility_bill/utility_bill_008.html,05_finance/06_utility_bill/utility_bill_008.png,05_finance/06_utility_bill/utility_bill_008.png,05_finance/06_utility_bill/utility_bill_008__real_phone_creased_low_oblique.png,phone_creased_indoor_low_oblique,手机拍纸质文档,折痕/褶皱,室内暗光,斜拍(30-45度),05_finance/06_utility_bill/utility_bill_008.png,true
05_finance/06_utility_bill/utility_bill_009,05_finance,06_utility_bill,05_finance/06_utility_bill/utility_bill_009.json,05_finance/06_utility_bill/utility_bill_009.html,05_finance/06_utility_bill/utility_bill_009.png,05_finance/06_utility_bill/utility_bill_009.png,05_finance/06_utility_bill/utility_bill_009__real_phone_creased_normal_top.png,phone_creased_indoor_normal_top,手机拍纸质文档,折痕/褶皱,室内正常光,俯拍,05_finance/06_utility_bill/utility_bill_009.png,true
05_finance/06_utility_bill/utility_bill_010,05_finance,06_utility_bill,05_finance/06_utility_bill/utility_bill_010.json,05_finance/06_utility_bill/utility_bill_010.html,05_finance/06_utility_bill/utility_bill_010.png,05_finance/06_utility_bill/utility_bill_010.png,05_finance/06_utility_bill/utility_bill_010__real_phone_creased_low_oblique.png,phone_creased_indoor_low_oblique,手机拍纸质文档,折痕/褶皱,室内暗光,斜拍(30-45度),05_finance/06_utility_bill/utility_bill_010.png,true
05_finance/06_utility_bill/utility_bill_011,05_finance,06_utility_bill,05_finance/06_utility_bill/utility_bill_011.json,05_finance/06_utility_bill/utility_bill_011.html,05_finance/06_utility_bill/utility_bill_011.png,05_finance/06_utility_bill/utility_bill_011.png,05_finance/06_utility_bill/utility_bill_011__real_phone_creased_normal_top.png,phone_creased_indoor_normal_top,手机拍纸质文档,折痕/褶皱,室内正常光,俯拍,05_finance/06_utility_bill/utility_bill_011.png,true
05_finance/06_utility_bill/utility_bill_012,05_finance,06_utility_bill,05_finance/06_utility_bill/utility_bill_012.json,05_finance/06_utility_bill/utility_bill_012.html,05_finance/06_utility_bill/utility_bill_012.png,05_finance/06_utility_bill/utility_bill_012.png,05_finance/06_utility_bill/utility_bill_012__real_phone_creased_low_oblique.jpg,phone_creased_indoor_low_oblique,手机拍纸质文档,折痕/褶皱,室内暗光,斜拍(30-45度),05_finance/06_utility_bill/utility_bill_012.png,true
05_finance/06_utility_bill/utility_bill_013,05_finance,06_utility_bill,05_finance/06_utility_bill/utility_bill_013.json,05_finance/06_utility_bill/utility_bill_013.html,05_finance/06_utility_bill/utility_bill_013.png,05_finance/06_utility_bill/utility_bill_013.png,05_finance/06_utility_bill/utility_bill_013__real_screenshot_na_na_na.png,phone_creased_indoor_normal_top,手机拍纸质文档,折痕/褶皱,室内正常光,俯拍,05_finance/06_utility_bill/utility_bill_013.png,true
05_finance/06_utility_bill/utility_bill_014,05_finance,06_utility_bill,05_finance/06_utility_bill/utility_bill_014.json,05_finance/06_utility_bill/utility_bill_014.html,05_finance/06_utility_bill/utility_bill_014.png,05_finance/06_utility_bill/utility_bill_014.png,05_finance/06_utility_bill/utility_bill_014__real_phone_creased_low_oblique.png,phone_creased_indoor_low_oblique,手机拍纸质文档,折痕/褶皱,室内暗光,斜拍(30-45度),05_finance/06_utility_bill/utility_bill_014.png,true
05_finance/06_utility_bill/utility_bill_015,05_finance,06_utility_bill,05_finance/06_utility_bill/utility_bill_015.json,05_finance/06_utility_bill/utility_bill_015.html,05_finance/06_utility_bill/utility_bill_015.png,05_finance/06_utility_bill/utility_bill_015.png,05_finance/06_utility_bill/utility_bill_015__real_phone_creased_normal_top.png,phone_creased_indoor_normal_top,手机拍纸质文档,折痕/褶皱,室内正常光,俯拍,05_finance/06_utility_bill/utility_bill_015.png,true
05_finance/06_utility_bill/utility_bill_016,05_finance,06_utility_bill,05_finance/06_utility_bill/utility_bill_016.json,05_finance/06_utility_bill/utility_bill_016.html,05_finance/06_utility_bill/utility_bill_016.png,05_finance/06_utility_bill/utility_bill_016.png,05_finance/06_utility_bill/utility_bill_016__real_phone_creased_low_oblique.png,phone_creased_indoor_low_oblique,手机拍纸质文档,折痕/褶皱,室内暗光,斜拍(30-45度),05_finance/06_utility_bill/utility_bill_016.png,true
05_finance/06_utility_bill/utility_bill_017,05_finance,06_utility_bill,05_finance/06_utility_bill/utility_bill_017.json,05_finance/06_utility_bill/utility_bill_017.html,05_finance/06_utility_bill/utility_bill_017.png,05_finance/06_utility_bill/utility_bill_017.png,05_finance/06_utility_bill/utility_bill_017__real_phone_creased_normal_top.png,phone_creased_indoor_normal_top,手机拍纸质文档,折痕/褶皱,室内正常光,俯拍,05_finance/06_utility_bill/utility_bill_017.png,true
05_finance/06_utility_bill/utility_bill_018,05_finance,06_utility_bill,05_finance/06_utility_bill/utility_bill_018.json,05_finance/06_utility_bill/utility_bill_018.html,05_finance/06_utility_bill/utility_bill_018.png,05_finance/06_utility_bill/utility_bill_018.png,05_finance/06_utility_bill/utility_bill_018__real_phone_creased_low_oblique.png,phone_creased_indoor_low_oblique,手机拍纸质文档,折痕/褶皱,室内暗光,斜拍(30-45度),05_finance/06_utility_bill/utility_bill_018.png,true
05_finance/06_utility_bill/utility_bill_019,05_finance,06_utility_bill,05_finance/06_utility_bill/utility_bill_019.json,05_finance/06_utility_bill/utility_bill_019.html,05_finance/06_utility_bill/utility_bill_019.png,05_finance/06_utility_bill/utility_bill_019.png,05_finance/06_utility_bill/utility_bill_019__real_phone_creased_normal_top.jpg,phone_creased_indoor_normal_top,手机拍纸质文档,折痕/褶皱,室内正常光,俯拍,05_finance/06_utility_bill/utility_bill_019.png,true
05_finance/06_utility_bill/utility_bill_020,05_finance,06_utility_bill,05_finance/06_utility_bill/utility_bill_020.json,05_finance/06_utility_bill/utility_bill_020.html,05_finance/06_utility_bill/utility_bill_020.png,05_finance/06_utility_bill/utility_bill_020.png,05_finance/06_utility_bill/utility_bill_020__real_phone_creased_low_oblique.png,phone_creased_indoor_low_oblique,手机拍纸质文档,折痕/褶皱,室内暗光,斜拍(30-45度),05_finance/06_utility_bill/utility_bill_020.png,true
05_finance/07_securities_statement/securities_statement_001,05_finance,07_securities_statement,05_finance/07_securities_statement/securities_statement_001.json,05_finance/07_securities_statement/securities_statement_001.html,05_finance/07_securities_statement/securities_statement_001.png,05_finance/07_securities_statement/securities_statement_001.png,05_finance/07_securities_statement/securities_statement_001__real_phone_flat_normal_top.png,phone_flat_indoor_normal_top,手机拍纸质文档,平整,室内正常光,俯拍,05_finance/07_securities_statement/securities_statement_001.png,true
05_finance/07_securities_statement/securities_statement_002,05_finance,07_securities_statement,05_finance/07_securities_statement/securities_statement_002.json,05_finance/07_securities_statement/securities_statement_002.html,05_finance/07_securities_statement/securities_statement_002.png,05_finance/07_securities_statement/securities_statement_002.png,05_finance/07_securities_statement/securities_statement_002__real_phone_flat_normal_top.png,phone_flat_indoor_normal_top,手机拍纸质文档,平整,室内正常光,俯拍,05_finance/07_securities_statement/securities_statement_002.png,true
05_finance/07_securities_statement/securities_statement_003,05_finance,07_securities_statement,05_finance/07_securities_statement/securities_statement_003.json,05_finance/07_securities_statement/securities_statement_003.html,05_finance/07_securities_statement/securities_statement_003.png,05_finance/07_securities_statement/securities_statement_003.png,05_finance/07_securities_statement/securities_statement_003__real_phone_flat_normal_top.png,phone_flat_indoor_normal_top,手机拍纸质文档,平整,室内正常光,俯拍,05_finance/07_securities_statement/securities_statement_003.png,true
05_finance/07_securities_statement/securities_statement_004,05_finance,07_securities_statement,05_finance/07_securities_statement/securities_statement_004.json,05_finance/07_securities_statement/securities_statement_004.html,05_finance/07_securities_statement/securities_statement_004.png,05_finance/07_securities_statement/securities_statement_004.png,05_finance/07_securities_statement/securities_statement_004__real_phone_flat_normal_top.png,phone_flat_indoor_normal_top,手机拍纸质文档,平整,室内正常光,俯拍,05_finance/07_securities_statement/securities_statement_004.png,true
05_finance/07_securities_statement/securities_statement_005,05_finance,07_securities_statement,05_finance/07_securities_statement/securities_statement_005.json,05_finance/07_securities_statement/securities_statement_005.html,05_finance/07_securities_statement/securities_statement_005.png,05_finance/07_securities_statement/securities_statement_005.png,05_finance/07_securities_statement/securities_statement_005__real_phone_flat_normal_top.png,phone_flat_indoor_normal_top,手机拍纸质文档,平整,室内正常光,俯拍,05_finance/07_securities_statement/securities_statement_005.png,true
05_finance/07_securities_statement/securities_statement_006,05_finance,07_securities_statement,05_finance/07_securities_statement/securities_statement_006.json,05_finance/07_securities_statement/securities_statement_006.html,05_finance/07_securities_statement/securities_statement_006.png,05_finance/07_securities_statement/securities_statement_006.png,05_finance/07_securities_statement/securities_statement_006__real_phone_flat_normal_top.png,phone_flat_indoor_normal_top,手机拍纸质文档,平整,室内正常光,俯拍,05_finance/07_securities_statement/securities_statement_006.png,true
05_finance/07_securities_statement/securities_statement_007,05_finance,07_securities_statement,05_finance/07_securities_statement/securities_statement_007.json,05_finance/07_securities_statement/securities_statement_007.html,05_finance/07_securities_statement/securities_statement_007.png,05_finance/07_securities_statement/securities_statement_007.png,05_finance/07_securities_statement/securities_statement_007__real_phone_flat_flash_top.png,phone_flat_flash_top,手机拍纸质文档,平整,闪光灯,俯拍,05_finance/07_securities_statement/securities_statement_007.png,true
05_finance/07_securities_statement/securities_statement_008,05_finance,07_securities_statement,05_finance/07_securities_statement/securities_statement_008.json,05_finance/07_securities_statement/securities_statement_008.html,05_finance/07_securities_statement/securities_statement_008.png,05_finance/07_securities_statement/securities_statement_008.png,05_finance/07_securities_statement/securities_statement_008__real_screen_na_screen_screen.jpg,screen_photography,拍屏,无(屏幕显示),屏幕背光+室内光,手机对屏幕,05_finance/07_securities_statement/securities_statement_008.png,true
05_finance/07_securities_statement/securities_statement_009,05_finance,07_securities_statement,05_finance/07_securities_statement/securities_statement_009.json,05_finance/07_securities_statement/securities_statement_009.html,05_finance/07_securities_statement/securities_statement_009.png,05_finance/07_securities_statement/securities_statement_009.png,05_finance/07_securities_statement/securities_statement_009__real_phone_flat_flash_top.png,phone_flat_flash_top,手机拍纸质文档,平整,闪光灯,俯拍,05_finance/07_securities_statement/securities_statement_009.png,true
05_finance/07_securities_statement/securities_statement_010,05_finance,07_securities_statement,05_finance/07_securities_statement/securities_statement_010.json,05_finance/07_securities_statement/securities_statement_010.html,05_finance/07_securities_statement/securities_statement_010.png,05_finance/07_securities_statement/securities_statement_010.png,05_finance/07_securities_statement/securities_statement_010__real_phone_flat_normal_top.png,phone_flat_indoor_normal_top,手机拍纸质文档,平整,室内正常光,俯拍,05_finance/07_securities_statement/securities_statement_010.png,true
05_finance/07_securities_statement/securities_statement_011,05_finance,07_securities_statement,05_finance/07_securities_statement/securities_statement_011.json,05_finance/07_securities_statement/securities_statement_011.html,05_finance/07_securities_statement/securities_statement_011.png,05_finance/07_securities_statement/securities_statement_011.png,05_finance/07_securities_statement/securities_statement_011__real_screenshot_na_na_na.png,screenshot_compressed,截图+转发压缩,无(纯数字),无,无,05_finance/07_securities_statement/securities_statement_011.png,true
05_finance/07_securities_statement/securities_statement_012,05_finance,07_securities_statement,05_finance/07_securities_statement/securities_statement_012.json,05_finance/07_securities_statement/securities_statement_012.html,05_finance/07_securities_statement/securities_statement_012.png,05_finance/07_securities_statement/securities_statement_012.png,05_finance/07_securities_statement/securities_statement_012__real_phone_flat_normal_top.png,phone_flat_indoor_normal_top,手机拍纸质文档,平整,室内正常光,俯拍,05_finance/07_securities_statement/securities_statement_012.png,true
05_finance/07_securities_statement/securities_statement_013,05_finance,07_securities_statement,05_finance/07_securities_statement/securities_statement_013.json,05_finance/07_securities_statement/securities_statement_013.html,05_finance/07_securities_statement/securities_statement_013.png,05_finance/07_securities_statement/securities_statement_013.png,05_finance/07_securities_statement/securities_statement_013__real_phone_flat_normal_top.png,phone_flat_indoor_normal_top,手机拍纸质文档,平整,室内正常光,俯拍,05_finance/07_securities_statement/securities_statement_013.png,true
05_finance/07_securities_statement/securities_statement_014,05_finance,07_securities_statement,05_finance/07_securities_statement/securities_statement_014.json,05_finance/07_securities_statement/securities_statement_014.html,05_finance/07_securities_statement/securities_statement_014.png,05_finance/07_securities_statement/securities_statement_014.png,05_finance/07_securities_statement/securities_statement_014__real_phone_flat_normal_top.png,phone_flat_indoor_normal_top,手机拍纸质文档,平整,室内正常光,俯拍,05_finance/07_securities_statement/securities_statement_014.png,true
05_finance/07_securities_statement/securities_statement_015,05_finance,07_securities_statement,05_finance/07_securities_statement/securities_statement_015.json,05_finance/07_securities_statement/securities_statement_015.html,05_finance/07_securities_statement/securities_statement_015.png,05_finance/07_securities_statement/securities_statement_015.png,05_finance/07_securities_statement/securities_statement_015__real_phone_flat_flash_top.png,phone_flat_flash_top,手机拍纸质文档,平整,闪光灯,俯拍,05_finance/07_securities_statement/securities_statement_015.png,true
05_finance/07_securities_statement/securities_statement_016,05_finance,07_securities_statement,05_finance/07_securities_statement/securities_statement_016.json,05_finance/07_securities_statement/securities_statement_016.html,05_finance/07_securities_statement/securities_statement_016.png,05_finance/07_securities_statement/securities_statement_016.png,05_finance/07_securities_statement/securities_statement_016__real_screenshot_compressed.png,screenshot_compressed,截图+转发压缩,无(纯数字),无,无,05_finance/07_securities_statement/securities_statement_016.png,true
05_finance/07_securities_statement/securities_statement_017,05_finance,07_securities_statement,05_finance/07_securities_statement/securities_statement_017.json,05_finance/07_securities_statement/securities_statement_017.html,05_finance/07_securities_statement/securities_statement_017.png,05_finance/07_securities_statement/securities_statement_017.png,05_finance/07_securities_statement/securities_statement_017__real_phone_flat_normal_top.png,phone_flat_indoor_normal_top,手机拍纸质文档,平整,室内正常光,俯拍,05_finance/07_securities_statement/securities_statement_017.png,true
05_finance/07_securities_statement/securities_statement_018,05_finance,07_securities_statement,05_finance/07_securities_statement/securities_statement_018.json,05_finance/07_securities_statement/securities_statement_018.html,05_finance/07_securities_statement/securities_statement_018.png,05_finance/07_securities_statement/securities_statement_018.png,05_finance/07_securities_statement/securities_statement_018__real_phone_flat_normal_top.png,phone_flat_indoor_normal_top,手机拍纸质文档,平整,室内正常光,俯拍,05_finance/07_securities_statement/securities_statement_018.png,true
05_finance/07_securities_statement/securities_statement_019,05_finance,07_securities_statement,05_finance/07_securities_statement/securities_statement_019.json,05_finance/07_securities_statement/securities_statement_019.html,05_finance/07_securities_statement/securities_statement_019.png,05_finance/07_securities_statement/securities_statement_019.png,05_finance/07_securities_statement/securities_statement_019__real_phone_flat_normal_top.png,phone_flat_indoor_normal_top,手机拍纸质文档,平整,室内正常光,俯拍,05_finance/07_securities_statement/securities_statement_019.png,true
05_finance/07_securities_statement/securities_statement_020,05_finance,07_securities_statement,05_finance/07_securities_statement/securities_statement_020.json,05_finance/07_securities_statement/securities_statement_020.html,05_finance/07_securities_statement/securities_statement_020.png,05_finance/07_securities_statement/securities_statement_020.png,05_finance/07_securities_statement/securities_statement_020__real_phone_flat_normal_top.png,phone_flat_indoor_normal_top,手机拍纸质文档,平整,室内正常光,俯拍,05_finance/07_securities_statement/securities_statement_020.png,true
05_finance/08_audit_report/audit_report_001,05_finance,08_audit_report,05_finance/08_audit_report/audit_report_001.json,05_finance/08_audit_report/audit_report_001.html,05_finance/08_audit_report/audit_report_001.png,05_finance/08_audit_report/audit_report_001.png,05_finance/08_audit_report/audit_report_001__real_phone_flat_normal_top.png,phone_flat_indoor_normal_top,手机拍纸质文档,平整,室内正常光,俯拍,05_finance/08_audit_report/audit_report_001.png,true
05_finance/08_audit_report/audit_report_002,05_finance,08_audit_report,05_finance/08_audit_report/audit_report_002.json,05_finance/08_audit_report/audit_report_002.html,05_finance/08_audit_report/audit_report_002.png,05_finance/08_audit_report/audit_report_002.png,05_finance/08_audit_report/audit_report_002__real_screenshot_compressed.png,screenshot_compressed,截图+转发压缩,无(纯数字),无,无,05_finance/08_audit_report/audit_report_002.png,true
05_finance/08_audit_report/audit_report_003,05_finance,08_audit_report,05_finance/08_audit_report/audit_report_003.json,05_finance/08_audit_report/audit_report_003.html,05_finance/08_audit_report/audit_report_003.png,05_finance/08_audit_report/audit_report_003.png,05_finance/08_audit_report/audit_report_003__real_phone_flat_normal_top.png,phone_flat_indoor_normal_top,手机拍纸质文档,平整,室内正常光,俯拍,05_finance/08_audit_report/audit_report_003.png,true
05_finance/08_audit_report/audit_report_004,05_finance,08_audit_report,05_finance/08_audit_report/audit_report_004.json,05_finance/08_audit_report/audit_report_004.html,05_finance/08_audit_report/audit_report_004.png,05_finance/08_audit_report/audit_report_004.png,05_finance/08_audit_report/audit_report_004__real_phone_flat_normal_top.png,phone_flat_indoor_normal_top,手机拍纸质文档,平整,室内正常光,俯拍,05_finance/08_audit_report/audit_report_004.png,true
05_finance/08_audit_report/audit_report_005,05_finance,08_audit_report,05_finance/08_audit_report/audit_report_005.json,05_finance/08_audit_report/audit_report_005.html,05_finance/08_audit_report/audit_report_005.png,05_finance/08_audit_report/audit_report_005.png,05_finance/08_audit_report/audit_report_005__real_phone_flat_normal_top.png,phone_flat_indoor_normal_top,手机拍纸质文档,平整,室内正常光,俯拍,05_finance/08_audit_report/audit_report_005.png,true
05_finance/08_audit_report/audit_report_006,05_finance,08_audit_report,05_finance/08_audit_report/audit_report_006.json,05_finance/08_audit_report/audit_report_006.html,05_finance/08_audit_report/audit_report_006.png,05_finance/08_audit_report/audit_report_006.png,05_finance/08_audit_report/audit_report_006__real_phone_flat_normal_top.png,phone_flat_indoor_normal_top,手机拍纸质文档,平整,室内正常光,俯拍,05_finance/08_audit_report/audit_report_006.png,true
05_finance/08_audit_report/audit_report_007,05_finance,08_audit_report,05_finance/08_audit_report/audit_report_007.json,05_finance/08_audit_report/audit_report_007.html,05_finance/08_audit_report/audit_report_007.png,05_finance/08_audit_report/audit_report_007.png,05_finance/08_audit_report/audit_report_007__real_phone_flat_normal_top.png,phone_flat_indoor_normal_top,手机拍纸质文档,平整,室内正常光,俯拍,05_finance/08_audit_report/audit_report_007.png,true
05_finance/08_audit_report/audit_report_008,05_finance,08_audit_report,05_finance/08_audit_report/audit_report_008.json,05_finance/08_audit_report/audit_report_008.html,05_finance/08_audit_report/audit_report_008.png,05_finance/08_audit_report/audit_report_008.png,05_finance/08_audit_report/audit_report_008__real_phone_flat_normal_top.png,phone_flat_indoor_normal_top,手机拍纸质文档,平整,室内正常光,俯拍,05_finance/08_audit_report/audit_report_008.png,true
05_finance/08_audit_report/audit_report_009,05_finance,08_audit_report,05_finance/08_audit_report/audit_report_009.json,05_finance/08_audit_report/audit_report_009.html,05_finance/08_audit_report/audit_report_009.png,05_finance/08_audit_report/audit_report_009.png,05_finance/08_audit_report/audit_report_009__real_phone_flat_normal_top.png,phone_flat_indoor_normal_top,手机拍纸质文档,平整,室内正常光,俯拍,05_finance/08_audit_report/audit_report_009.png,true
05_finance/08_audit_report/audit_report_010,05_finance,08_audit_report,05_finance/08_audit_report/audit_report_010.json,05_finance/08_audit_report/audit_report_010.html,05_finance/08_audit_report/audit_report_010.png,05_finance/08_audit_report/audit_report_010.png,05_finance/08_audit_report/audit_report_010__real_screenshot_compressed.png,screenshot_compressed,截图+转发压缩,无(纯数字),无,无,05_finance/08_audit_report/audit_report_010.png,true
05_finance/08_audit_report/audit_report_011,05_finance,08_audit_report,05_finance/08_audit_report/audit_report_011.json,05_finance/08_audit_report/audit_report_011.html,05_finance/08_audit_report/audit_report_011.png,05_finance/08_audit_report/audit_report_011.png,05_finance/08_audit_report/audit_report_011__real_phone_flat_normal_top.png,phone_flat_indoor_normal_top,手机拍纸质文档,平整,室内正常光,俯拍,05_finance/08_audit_report/audit_report_011.png,true
05_finance/08_audit_report/audit_report_012,05_finance,08_audit_report,05_finance/08_audit_report/audit_report_012.json,05_finance/08_audit_report/audit_report_012.html,05_finance/08_audit_report/audit_report_012.png,05_finance/08_audit_report/audit_report_012.png,05_finance/08_audit_report/audit_report_012__real_screenshot_compressed.png,screenshot_compressed,截图+转发压缩,无(纯数字),无,无,05_finance/08_audit_report/audit_report_012.png,true
05_finance/08_audit_report/audit_report_013,05_finance,08_audit_report,05_finance/08_audit_report/audit_report_013.json,05_finance/08_audit_report/audit_report_013.html,05_finance/08_audit_report/audit_report_013.png,05_finance/08_audit_report/audit_report_013.png,05_finance/08_audit_report/audit_report_013__real_phone_flat_normal_top.png,phone_flat_indoor_normal_top,手机拍纸质文档,平整,室内正常光,俯拍,05_finance/08_audit_report/audit_report_013.png,true
05_finance/08_audit_report/audit_report_014,05_finance,08_audit_report,05_finance/08_audit_report/audit_report_014.json,05_finance/08_audit_report/audit_report_014.html,05_finance/08_audit_report/audit_report_014.png,05_finance/08_audit_report/audit_report_014.png,05_finance/08_audit_report/audit_report_014__real_phone_flat_normal_top.png,phone_flat_indoor_normal_top,手机拍纸质文档,平整,室内正常光,俯拍,05_finance/08_audit_report/audit_report_014.png,true
05_finance/08_audit_report/audit_report_015,05_finance,08_audit_report,05_finance/08_audit_report/audit_report_015.json,05_finance/08_audit_report/audit_report_015.html,05_finance/08_audit_report/audit_report_015.png,05_finance/08_audit_report/audit_report_015.png,05_finance/08_audit_report/audit_report_015__real_phone_flat_flash_top.png,phone_flat_flash_top,手机拍纸质文档,平整,闪光灯,俯拍,05_finance/08_audit_report/audit_report_015.png,true
05_finance/08_audit_report/audit_report_016,05_finance,08_audit_report,05_finance/08_audit_report/audit_report_016.json,05_finance/08_audit_report/audit_report_016.html,05_finance/08_audit_report/audit_report_016.png,05_finance/08_audit_report/audit_report_016.png,05_finance/08_audit_report/audit_report_016__real_screenshot_na_na_na.png,screenshot_compressed,截图+转发压缩,无(纯数字),无,无,05_finance/08_audit_report/audit_report_016.png,true
05_finance/08_audit_report/audit_report_017,05_finance,08_audit_report,05_finance/08_audit_report/audit_report_017.json,05_finance/08_audit_report/audit_report_017.html,05_finance/08_audit_report/audit_report_017.png,05_finance/08_audit_report/audit_report_017.png,05_finance/08_audit_report/audit_report_017__real_screen_na_screen_screen.png,screen_photography,拍屏,无(屏幕显示),屏幕背光+室内光,手机对屏幕,05_finance/08_audit_report/audit_report_017.png,true
05_finance/08_audit_report/audit_report_018,05_finance,08_audit_report,05_finance/08_audit_report/audit_report_018.json,05_finance/08_audit_report/audit_report_018.html,05_finance/08_audit_report/audit_report_018.png,05_finance/08_audit_report/audit_report_018.png,05_finance/08_audit_report/audit_report_018__real_screen_na_screen_screen.jpg,screen_photography,拍屏,无(屏幕显示),屏幕背光+室内光,手机对屏幕,05_finance/08_audit_report/audit_report_018.png,true
05_finance/08_audit_report/audit_report_019,05_finance,08_audit_report,05_finance/08_audit_report/audit_report_019.json,05_finance/08_audit_report/audit_report_019.html,05_finance/08_audit_report/audit_report_019.png,05_finance/08_audit_report/audit_report_019.png,05_finance/08_audit_report/audit_report_019__real_phone_flat_normal_top.png,phone_flat_indoor_normal_top,手机拍纸质文档,平整,室内正常光,俯拍,05_finance/08_audit_report/audit_report_019.png,true
05_finance/08_audit_report/audit_report_020,05_finance,08_audit_report,05_finance/08_audit_report/audit_report_020.json,05_finance/08_audit_report/audit_report_020.html,05_finance/08_audit_report/audit_report_020.png,05_finance/08_audit_report/audit_report_020.png,05_finance/08_audit_report/audit_report_020__real_screenshot_na_na_na.png,screenshot_compressed,截图+转发压缩,无(纯数字),无,无,05_finance/08_audit_report/audit_report_020.png,true
05_finance/09_fund_prospectus/fund_prospectus_001,05_finance,09_fund_prospectus,05_finance/09_fund_prospectus/fund_prospectus_001.json,05_finance/09_fund_prospectus/fund_prospectus_001.html,05_finance/09_fund_prospectus/fund_prospectus_001.png,05_finance/09_fund_prospectus/fund_prospectus_001.png,05_finance/09_fund_prospectus/fund_prospectus_001__real_phone_flat_flash_top.png,phone_flat_flash_top,手机拍纸质文档,平整,闪光灯,俯拍,05_finance/09_fund_prospectus/fund_prospectus_001.png,true
05_finance/09_fund_prospectus/fund_prospectus_002,05_finance,09_fund_prospectus,05_finance/09_fund_prospectus/fund_prospectus_002.json,05_finance/09_fund_prospectus/fund_prospectus_002.html,05_finance/09_fund_prospectus/fund_prospectus_002.png,05_finance/09_fund_prospectus/fund_prospectus_002.png,05_finance/09_fund_prospectus/fund_prospectus_002__real_screenshot_na_na_na.png,screenshot_compressed,截图+转发压缩,无(纯数字),无,无,05_finance/09_fund_prospectus/fund_prospectus_002.png,true
05_finance/09_fund_prospectus/fund_prospectus_003,05_finance,09_fund_prospectus,05_finance/09_fund_prospectus/fund_prospectus_003.json,05_finance/09_fund_prospectus/fund_prospectus_003.html,05_finance/09_fund_prospectus/fund_prospectus_003.png,05_finance/09_fund_prospectus/fund_prospectus_003.png,05_finance/09_fund_prospectus/fund_prospectus_003__real_phone_flat_normal_top.png,phone_flat_indoor_normal_top,手机拍纸质文档,平整,室内正常光,俯拍,05_finance/09_fund_prospectus/fund_prospectus_003.png,true
05_finance/09_fund_prospectus/fund_prospectus_004,05_finance,09_fund_prospectus,05_finance/09_fund_prospectus/fund_prospectus_004.json,05_finance/09_fund_prospectus/fund_prospectus_004.html,05_finance/09_fund_prospectus/fund_prospectus_004.png,05_finance/09_fund_prospectus/fund_prospectus_004.png,05_finance/09_fund_prospectus/fund_prospectus_004__real_screenshot_na_na_na.png,screenshot_compressed,截图+转发压缩,无(纯数字),无,无,05_finance/09_fund_prospectus/fund_prospectus_004.png,true
05_finance/09_fund_prospectus/fund_prospectus_005,05_finance,09_fund_prospectus,05_finance/09_fund_prospectus/fund_prospectus_005.json,05_finance/09_fund_prospectus/fund_prospectus_005.html,05_finance/09_fund_prospectus/fund_prospectus_005.png,05_finance/09_fund_prospectus/fund_prospectus_005.png,05_finance/09_fund_prospectus/fund_prospectus_005__real_phone_flat_normal_top.png,phone_flat_indoor_normal_top,手机拍纸质文档,平整,室内正常光,俯拍,05_finance/09_fund_prospectus/fund_prospectus_005.png,true
05_finance/09_fund_prospectus/fund_prospectus_006,05_finance,09_fund_prospectus,05_finance/09_fund_prospectus/fund_prospectus_006.json,05_finance/09_fund_prospectus/fund_prospectus_006.html,05_finance/09_fund_prospectus/fund_prospectus_006.png,05_finance/09_fund_prospectus/fund_prospectus_006.png,05_finance/09_fund_prospectus/fund_prospectus_006__real_phone_flat_normal_top.png,phone_flat_indoor_normal_top,手机拍纸质文档,平整,室内正常光,俯拍,05_finance/09_fund_prospectus/fund_prospectus_006.png,true
05_finance/09_fund_prospectus/fund_prospectus_007,05_finance,09_fund_prospectus,05_finance/09_fund_prospectus/fund_prospectus_007.json,05_finance/09_fund_prospectus/fund_prospectus_007.html,05_finance/09_fund_prospectus/fund_prospectus_007.png,05_finance/09_fund_prospectus/fund_prospectus_007.png,05_finance/09_fund_prospectus/fund_prospectus_007__real_screen_photography.png,screen_photography,拍屏,无(屏幕显示),屏幕背光+室内光,手机对屏幕,05_finance/09_fund_prospectus/fund_prospectus_007.png,true
05_finance/09_fund_prospectus/fund_prospectus_008,05_finance,09_fund_prospectus,05_finance/09_fund_prospectus/fund_prospectus_008.json,05_finance/09_fund_prospectus/fund_prospectus_008.html,05_finance/09_fund_prospectus/fund_prospectus_008.png,05_finance/09_fund_prospectus/fund_prospectus_008.png,05_finance/09_fund_prospectus/fund_prospectus_008__real_phone_flat_normal_top.png,phone_flat_indoor_normal_top,手机拍纸质文档,平整,室内正常光,俯拍,05_finance/09_fund_prospectus/fund_prospectus_008.png,true
05_finance/09_fund_prospectus/fund_prospectus_009,05_finance,09_fund_prospectus,05_finance/09_fund_prospectus/fund_prospectus_009.json,05_finance/09_fund_prospectus/fund_prospectus_009.html,05_finance/09_fund_prospectus/fund_prospectus_009.png,05_finance/09_fund_prospectus/fund_prospectus_009.png,05_finance/09_fund_prospectus/fund_prospectus_009__real_phone_flat_normal_top.jpg,phone_flat_indoor_normal_top,手机拍纸质文档,平整,室内正常光,俯拍,05_finance/09_fund_prospectus/fund_prospectus_009.png,true
05_finance/09_fund_prospectus/fund_prospectus_010,05_finance,09_fund_prospectus,05_finance/09_fund_prospectus/fund_prospectus_010.json,05_finance/09_fund_prospectus/fund_prospectus_010.html,05_finance/09_fund_prospectus/fund_prospectus_010.png,05_finance/09_fund_prospectus/fund_prospectus_010.png,05_finance/09_fund_prospectus/fund_prospectus_010__real_phone_flat_normal_top.png,phone_flat_indoor_normal_top,手机拍纸质文档,平整,室内正常光,俯拍,05_finance/09_fund_prospectus/fund_prospectus_010.png,true
05_finance/09_fund_prospectus/fund_prospectus_011,05_finance,09_fund_prospectus,05_finance/09_fund_prospectus/fund_prospectus_011.json,05_finance/09_fund_prospectus/fund_prospectus_011.html,05_finance/09_fund_prospectus/fund_prospectus_011.png,05_finance/09_fund_prospectus/fund_prospectus_011.png,05_finance/09_fund_prospectus/fund_prospectus_011__real_phone_flat_normal_top.png,phone_flat_indoor_normal_top,手机拍纸质文档,平整,室内正常光,俯拍,05_finance/09_fund_prospectus/fund_prospectus_011.png,true
05_finance/09_fund_prospectus/fund_prospectus_012,05_finance,09_fund_prospectus,05_finance/09_fund_prospectus/fund_prospectus_012.json,05_finance/09_fund_prospectus/fund_prospectus_012.html,05_finance/09_fund_prospectus/fund_prospectus_012.png,05_finance/09_fund_prospectus/fund_prospectus_012.png,05_finance/09_fund_prospectus/fund_prospectus_012__real_phone_flat_normal_top.png,phone_flat_indoor_normal_top,手机拍纸质文档,平整,室内正常光,俯拍,05_finance/09_fund_prospectus/fund_prospectus_012.png,true
05_finance/09_fund_prospectus/fund_prospectus_013,05_finance,09_fund_prospectus,05_finance/09_fund_prospectus/fund_prospectus_013.json,05_finance/09_fund_prospectus/fund_prospectus_013.html,05_finance/09_fund_prospectus/fund_prospectus_013.png,05_finance/09_fund_prospectus/fund_prospectus_013.png,05_finance/09_fund_prospectus/fund_prospectus_013__real_phone_flat_normal_top.png,phone_flat_indoor_normal_top,手机拍纸质文档,平整,室内正常光,俯拍,05_finance/09_fund_prospectus/fund_prospectus_013.png,true
05_finance/09_fund_prospectus/fund_prospectus_014,05_finance,09_fund_prospectus,05_finance/09_fund_prospectus/fund_prospectus_014.json,05_finance/09_fund_prospectus/fund_prospectus_014.html,05_finance/09_fund_prospectus/fund_prospectus_014.png,05_finance/09_fund_prospectus/fund_prospectus_014.png,05_finance/09_fund_prospectus/fund_prospectus_014__real_phone_flat_normal_top.png,phone_flat_indoor_normal_top,手机拍纸质文档,平整,室内正常光,俯拍,05_finance/09_fund_prospectus/fund_prospectus_014.png,true
05_finance/09_fund_prospectus/fund_prospectus_015,05_finance,09_fund_prospectus,05_finance/09_fund_prospectus/fund_prospectus_015.json,05_finance/09_fund_prospectus/fund_prospectus_015.html,05_finance/09_fund_prospectus/fund_prospectus_015.png,05_finance/09_fund_prospectus/fund_prospectus_015.png,05_finance/09_fund_prospectus/fund_prospectus_015__real_phone_flat_normal_top.png,phone_flat_indoor_normal_top,手机拍纸质文档,平整,室内正常光,俯拍,05_finance/09_fund_prospectus/fund_prospectus_015.png,true
05_finance/09_fund_prospectus/fund_prospectus_016,05_finance,09_fund_prospectus,05_finance/09_fund_prospectus/fund_prospectus_016.json,05_finance/09_fund_prospectus/fund_prospectus_016.html,05_finance/09_fund_prospectus/fund_prospectus_016.png,05_finance/09_fund_prospectus/fund_prospectus_016.png,05_finance/09_fund_prospectus/fund_prospectus_016__real_phone_flat_normal_top.jpg,phone_flat_indoor_normal_top,手机拍纸质文档,平整,室内正常光,俯拍,05_finance/09_fund_prospectus/fund_prospectus_016.png,true
05_finance/09_fund_prospectus/fund_prospectus_017,05_finance,09_fund_prospectus,05_finance/09_fund_prospectus/fund_prospectus_017.json,05_finance/09_fund_prospectus/fund_prospectus_017.html,05_finance/09_fund_prospectus/fund_prospectus_017.png,05_finance/09_fund_prospectus/fund_prospectus_017.png,05_finance/09_fund_prospectus/fund_prospectus_017__real_phone_flat_normal_top.png,phone_flat_indoor_normal_top,手机拍纸质文档,平整,室内正常光,俯拍,05_finance/09_fund_prospectus/fund_prospectus_017.png,true
05_finance/09_fund_prospectus/fund_prospectus_018,05_finance,09_fund_prospectus,05_finance/09_fund_prospectus/fund_prospectus_018.json,05_finance/09_fund_prospectus/fund_prospectus_018.html,05_finance/09_fund_prospectus/fund_prospectus_018.png,05_finance/09_fund_prospectus/fund_prospectus_018.png,05_finance/09_fund_prospectus/fund_prospectus_018__real_phone_flat_normal_top.png,phone_flat_indoor_normal_top,手机拍纸质文档,平整,室内正常光,俯拍,05_finance/09_fund_prospectus/fund_prospectus_018.png,true
05_finance/09_fund_prospectus/fund_prospectus_019,05_finance,09_fund_prospectus,05_finance/09_fund_prospectus/fund_prospectus_019.json,05_finance/09_fund_prospectus/fund_prospectus_019.html,05_finance/09_fund_prospectus/fund_prospectus_019.png,05_finance/09_fund_prospectus/fund_prospectus_019.png,05_finance/09_fund_prospectus/fund_prospectus_019__real_phone_flat_normal_top.png,phone_flat_indoor_normal_top,手机拍纸质文档,平整,室内正常光,俯拍,05_finance/09_fund_prospectus/fund_prospectus_019.png,true
05_finance/09_fund_prospectus/fund_prospectus_020,05_finance,09_fund_prospectus,05_finance/09_fund_prospectus/fund_prospectus_020.json,05_finance/09_fund_prospectus/fund_prospectus_020.html,05_finance/09_fund_prospectus/fund_prospectus_020.png,05_finance/09_fund_prospectus/fund_prospectus_020.png,05_finance/09_fund_prospectus/fund_prospectus_020__real_phone_flat_normal_top.png,phone_flat_indoor_normal_top,手机拍纸质文档,平整,室内正常光,俯拍,05_finance/09_fund_prospectus/fund_prospectus_020.png,true
05_finance/10_credit_report/credit_report_001,05_finance,10_credit_report,05_finance/10_credit_report/credit_report_001.json,05_finance/10_credit_report/credit_report_001.html,05_finance/10_credit_report/credit_report_001.png,05_finance/10_credit_report/credit_report_001.png,05_finance/10_credit_report/credit_report_001__real_phone_flat_normal_top.png,phone_flat_indoor_normal_top,手机拍纸质文档,平整,室内正常光,俯拍,05_finance/10_credit_report/credit_report_001.png,true
05_finance/10_credit_report/credit_report_002,05_finance,10_credit_report,05_finance/10_credit_report/credit_report_002.json,05_finance/10_credit_report/credit_report_002.html,05_finance/10_credit_report/credit_report_002.png,05_finance/10_credit_report/credit_report_002.png,05_finance/10_credit_report/credit_report_002__real_screenshot_na_na_na.png,screenshot_compressed,截图+转发压缩,无(纯数字),无,无,05_finance/10_credit_report/credit_report_002.png,true
05_finance/10_credit_report/credit_report_003,05_finance,10_credit_report,05_finance/10_credit_report/credit_report_003.json,05_finance/10_credit_report/credit_report_003.html,05_finance/10_credit_report/credit_report_003.png,05_finance/10_credit_report/credit_report_003.png,05_finance/10_credit_report/credit_report_003__real_phone_flat_flash_top.png,phone_flat_flash_top,手机拍纸质文档,平整,闪光灯,俯拍,05_finance/10_credit_report/credit_report_003.png,true
05_finance/10_credit_report/credit_report_004,05_finance,10_credit_report,05_finance/10_credit_report/credit_report_004.json,05_finance/10_credit_report/credit_report_004.html,05_finance/10_credit_report/credit_report_004.png,05_finance/10_credit_report/credit_report_004.png,05_finance/10_credit_report/credit_report_004__real_screenshot_compressed.png,screenshot_compressed,截图+转发压缩,无(纯数字),无,无,05_finance/10_credit_report/credit_report_004.png,true
05_finance/10_credit_report/credit_report_005,05_finance,10_credit_report,05_finance/10_credit_report/credit_report_005.json,05_finance/10_credit_report/credit_report_005.html,05_finance/10_credit_report/credit_report_005.png,05_finance/10_credit_report/credit_report_005.png,05_finance/10_credit_report/credit_report_005__real_phone_flat_normal_top.png,phone_flat_indoor_normal_top,手机拍纸质文档,平整,室内正常光,俯拍,05_finance/10_credit_report/credit_report_005.png,true
05_finance/10_credit_report/credit_report_006,05_finance,10_credit_report,05_finance/10_credit_report/credit_report_006.json,05_finance/10_credit_report/credit_report_006.html,05_finance/10_credit_report/credit_report_006.png,05_finance/10_credit_report/credit_report_006.png,05_finance/10_credit_report/credit_report_006__real_screenshot_na_na_na.png,screenshot_compressed,截图+转发压缩,无(纯数字),无,无,05_finance/10_credit_report/credit_report_006.png,true
05_finance/10_credit_report/credit_report_007,05_finance,10_credit_report,05_finance/10_credit_report/credit_report_007.json,05_finance/10_credit_report/credit_report_007.html,05_finance/10_credit_report/credit_report_007.png,05_finance/10_credit_report/credit_report_007.png,05_finance/10_credit_report/credit_report_007__real_screenshot_na_na_na.png,screenshot_compressed,截图+转发压缩,无(纯数字),无,无,05_finance/10_credit_report/credit_report_007.png,true
05_finance/10_credit_report/credit_report_008,05_finance,10_credit_report,05_finance/10_credit_report/credit_report_008.json,05_finance/10_credit_report/credit_report_008.html,05_finance/10_credit_report/credit_report_008.png,05_finance/10_credit_report/credit_report_008.png,05_finance/10_credit_report/credit_report_008__real_screenshot_compressed.png,screenshot_compressed,截图+转发压缩,无(纯数字),无,无,05_finance/10_credit_report/credit_report_008.png,true
05_finance/10_credit_report/credit_report_009,05_finance,10_credit_report,05_finance/10_credit_report/credit_report_009.json,05_finance/10_credit_report/credit_report_009.html,05_finance/10_credit_report/credit_report_009.png,05_finance/10_credit_report/credit_report_009.png,05_finance/10_credit_report/credit_report_009__real_phone_flat_normal_top.png,phone_flat_indoor_normal_top,手机拍纸质文档,平整,室内正常光,俯拍,05_finance/10_credit_report/credit_report_009.png,true
05_finance/10_credit_report/credit_report_010,05_finance,10_credit_report,05_finance/10_credit_report/credit_report_010.json,05_finance/10_credit_report/credit_report_010.html,05_finance/10_credit_report/credit_report_010.png,05_finance/10_credit_report/credit_report_010.png,05_finance/10_credit_report/credit_report_010__real_screenshot_na_na_na.png,screenshot_compressed,截图+转发压缩,无(纯数字),无,无,05_finance/10_credit_report/credit_report_010.png,true
05_finance/10_credit_report/credit_report_011,05_finance,10_credit_report,05_finance/10_credit_report/credit_report_011.json,05_finance/10_credit_report/credit_report_011.html,05_finance/10_credit_report/credit_report_011.png,05_finance/10_credit_report/credit_report_011.png,05_finance/10_credit_report/credit_report_011__real_screenshot_na_na_na.png,screenshot_compressed,截图+转发压缩,无(纯数字),无,无,05_finance/10_credit_report/credit_report_011.png,true
05_finance/10_credit_report/credit_report_012,05_finance,10_credit_report,05_finance/10_credit_report/credit_report_012.json,05_finance/10_credit_report/credit_report_012.html,05_finance/10_credit_report/credit_report_012.png,05_finance/10_credit_report/credit_report_012.png,05_finance/10_credit_report/credit_report_012__real_screenshot_na_na_na.jpg,screenshot_compressed,截图+转发压缩,无(纯数字),无,无,05_finance/10_credit_report/credit_report_012.png,true
05_finance/10_credit_report/credit_report_013,05_finance,10_credit_report,05_finance/10_credit_report/credit_report_013.json,05_finance/10_credit_report/credit_report_013.html,05_finance/10_credit_report/credit_report_013.png,05_finance/10_credit_report/credit_report_013.png,05_finance/10_credit_report/credit_report_013__real_screenshot_compressed.png,screenshot_compressed,截图+转发压缩,无(纯数字),无,无,05_finance/10_credit_report/credit_report_013.png,true
05_finance/10_credit_report/credit_report_014,05_finance,10_credit_report,05_finance/10_credit_report/credit_report_014.json,05_finance/10_credit_report/credit_report_014.html,05_finance/10_credit_report/credit_report_014.png,05_finance/10_credit_report/credit_report_014.png,05_finance/10_credit_report/credit_report_014__real_screenshot_na_na_na.png,screenshot_compressed,截图+转发压缩,无(纯数字),无,无,05_finance/10_credit_report/credit_report_014.png,true
05_finance/10_credit_report/credit_report_015,05_finance,10_credit_report,05_finance/10_credit_report/credit_report_015.json,05_finance/10_credit_report/credit_report_015.html,05_finance/10_credit_report/credit_report_015.png,05_finance/10_credit_report/credit_report_015.png,05_finance/10_credit_report/credit_report_015__real_screenshot_compressed.png,screenshot_compressed,截图+转发压缩,无(纯数字),无,无,05_finance/10_credit_report/credit_report_015.png,true
05_finance/10_credit_report/credit_report_016,05_finance,10_credit_report,05_finance/10_credit_report/credit_report_016.json,05_finance/10_credit_report/credit_report_016.html,05_finance/10_credit_report/credit_report_016.png,05_finance/10_credit_report/credit_report_016.png,05_finance/10_credit_report/credit_report_016__real_screenshot_na_na_na.png,screenshot_compressed,截图+转发压缩,无(纯数字),无,无,05_finance/10_credit_report/credit_report_016.png,true
05_finance/10_credit_report/credit_report_017,05_finance,10_credit_report,05_finance/10_credit_report/credit_report_017.json,05_finance/10_credit_report/credit_report_017.html,05_finance/10_credit_report/credit_report_017.png,05_finance/10_credit_report/credit_report_017.png,05_finance/10_credit_report/credit_report_017__real_phone_flat_normal_top.png,phone_flat_indoor_normal_top,手机拍纸质文档,平整,室内正常光,俯拍,05_finance/10_credit_report/credit_report_017.png,true
05_finance/10_credit_report/credit_report_018,05_finance,10_credit_report,05_finance/10_credit_report/credit_report_018.json,05_finance/10_credit_report/credit_report_018.html,05_finance/10_credit_report/credit_report_018.png,05_finance/10_credit_report/credit_report_018.png,05_finance/10_credit_report/credit_report_018__real_screenshot_na_na_na.png,screenshot_compressed,截图+转发压缩,无(纯数字),无,无,05_finance/10_credit_report/credit_report_018.png,true
05_finance/10_credit_report/credit_report_019,05_finance,10_credit_report,05_finance/10_credit_report/credit_report_019.json,05_finance/10_credit_report/credit_report_019.html,05_finance/10_credit_report/credit_report_019.png,05_finance/10_credit_report/credit_report_019.png,05_finance/10_credit_report/credit_report_019__real_phone_flat_normal_top.png,phone_flat_indoor_normal_top,手机拍纸质文档,平整,室内正常光,俯拍,05_finance/10_credit_report/credit_report_019.png,true
05_finance/10_credit_report/credit_report_020,05_finance,10_credit_report,05_finance/10_credit_report/credit_report_020.json,05_finance/10_credit_report/credit_report_020.html,05_finance/10_credit_report/credit_report_020.png,05_finance/10_credit_report/credit_report_020.png,05_finance/10_credit_report/credit_report_020__real_screenshot_na_na_na.png,screenshot_compressed,截图+转发压缩,无(纯数字),无,无,05_finance/10_credit_report/credit_report_020.png,true
06_medical/01_medical_report/medical_report_001,06_medical,01_medical_report,06_medical/01_medical_report/medical_report_001.json,06_medical/01_medical_report/medical_report_001.html,06_medical/01_medical_report/medical_report_001.png,06_medical/01_medical_report/medical_report_001.png,06_medical/01_medical_report/medical_report_001__real_phone_flat_normal_top.png,phone_flat_indoor_normal_top,手机拍纸质文档,平整,室内正常光,俯拍,06_medical/01_medical_report/medical_report_001.png,true
06_medical/01_medical_report/medical_report_002,06_medical,01_medical_report,06_medical/01_medical_report/medical_report_002.json,06_medical/01_medical_report/medical_report_002.html,06_medical/01_medical_report/medical_report_002.png,06_medical/01_medical_report/medical_report_002.png,06_medical/01_medical_report/medical_report_002__real_phone_flat_normal_top.png,phone_flat_indoor_normal_top,手机拍纸质文档,平整,室内正常光,俯拍,06_medical/01_medical_report/medical_report_002.png,true
06_medical/01_medical_report/medical_report_003,06_medical,01_medical_report,06_medical/01_medical_report/medical_report_003.json,06_medical/01_medical_report/medical_report_003.html,06_medical/01_medical_report/medical_report_003.png,06_medical/01_medical_report/medical_report_003.png,06_medical/01_medical_report/medical_report_003__real_phone_flat_normal_top.png,phone_flat_indoor_normal_top,手机拍纸质文档,平整,室内正常光,俯拍,06_medical/01_medical_report/medical_report_003.png,true
06_medical/01_medical_report/medical_report_004,06_medical,01_medical_report,06_medical/01_medical_report/medical_report_004.json,06_medical/01_medical_report/medical_report_004.html,06_medical/01_medical_report/medical_report_004.png,06_medical/01_medical_report/medical_report_004.png,06_medical/01_medical_report/medical_report_004__real_phone_flat_normal_top.png,phone_flat_indoor_normal_top,手机拍纸质文档,平整,室内正常光,俯拍,06_medical/01_medical_report/medical_report_004.png,true
06_medical/01_medical_report/medical_report_005,06_medical,01_medical_report,06_medical/01_medical_report/medical_report_005.json,06_medical/01_medical_report/medical_report_005.html,06_medical/01_medical_report/medical_report_005.png,06_medical/01_medical_report/medical_report_005.png,06_medical/01_medical_report/medical_report_005__real_phone_flat_normal_top.png,phone_flat_indoor_normal_top,手机拍纸质文档,平整,室内正常光,俯拍,06_medical/01_medical_report/medical_report_005.png,true
06_medical/01_medical_report/medical_report_006,06_medical,01_medical_report,06_medical/01_medical_report/medical_report_006.json,06_medical/01_medical_report/medical_report_006.html,06_medical/01_medical_report/medical_report_006.png,06_medical/01_medical_report/medical_report_006.png,06_medical/01_medical_report/medical_report_006__real_phone_flat_normal_top.jpg,phone_flat_indoor_normal_top,手机拍纸质文档,平整,室内正常光,俯拍,06_medical/01_medical_report/medical_report_006.png,true
06_medical/01_medical_report/medical_report_007,06_medical,01_medical_report,06_medical/01_medical_report/medical_report_007.json,06_medical/01_medical_report/medical_report_007.html,06_medical/01_medical_report/medical_report_007.png,06_medical/01_medical_report/medical_report_007.png,06_medical/01_medical_report/medical_report_007__real_phone_flat_normal_top.png,phone_flat_indoor_normal_top,手机拍纸质文档,平整,室内正常光,俯拍,06_medical/01_medical_report/medical_report_007.png,true
06_medical/01_medical_report/medical_report_008,06_medical,01_medical_report,06_medical/01_medical_report/medical_report_008.json,06_medical/01_medical_report/medical_report_008.html,06_medical/01_medical_report/medical_report_008.png,06_medical/01_medical_report/medical_report_008.png,06_medical/01_medical_report/medical_report_008__real_phone_flat_normal_top.png,phone_flat_indoor_normal_top,手机拍纸质文档,平整,室内正常光,俯拍,06_medical/01_medical_report/medical_report_008.png,true
06_medical/01_medical_report/medical_report_009,06_medical,01_medical_report,06_medical/01_medical_report/medical_report_009.json,06_medical/01_medical_report/medical_report_009.html,06_medical/01_medical_report/medical_report_009.png,06_medical/01_medical_report/medical_report_009.png,06_medical/01_medical_report/medical_report_009__real_phone_flat_flash_top.png,phone_flat_flash_top,手机拍纸质文档,平整,闪光灯,俯拍,06_medical/01_medical_report/medical_report_009.png,true
06_medical/01_medical_report/medical_report_010,06_medical,01_medical_report,06_medical/01_medical_report/medical_report_010.json,06_medical/01_medical_report/medical_report_010.html,06_medical/01_medical_report/medical_report_010.png,06_medical/01_medical_report/medical_report_010.png,06_medical/01_medical_report/medical_report_010__real_screen_na_screen_screen.png,screen_photography,拍屏,无(屏幕显示),屏幕背光+室内光,手机对屏幕,06_medical/01_medical_report/medical_report_010.png,true
06_medical/01_medical_report/medical_report_011,06_medical,01_medical_report,06_medical/01_medical_report/medical_report_011.json,06_medical/01_medical_report/medical_report_011.html,06_medical/01_medical_report/medical_report_011.png,06_medical/01_medical_report/medical_report_011.png,06_medical/01_medical_report/medical_report_011__real_phone_flat_flash_top.png,phone_flat_flash_top,手机拍纸质文档,平整,闪光灯,俯拍,06_medical/01_medical_report/medical_report_011.png,true
06_medical/01_medical_report/medical_report_012,06_medical,01_medical_report,06_medical/01_medical_report/medical_report_012.json,06_medical/01_medical_report/medical_report_012.html,06_medical/01_medical_report/medical_report_012.png,06_medical/01_medical_report/medical_report_012.png,06_medical/01_medical_report/medical_report_012__real_phone_flat_normal_top.png,phone_flat_indoor_normal_top,手机拍纸质文档,平整,室内正常光,俯拍,06_medical/01_medical_report/medical_report_012.png,true
06_medical/01_medical_report/medical_report_013,06_medical,01_medical_report,06_medical/01_medical_report/medical_report_013.json,06_medical/01_medical_report/medical_report_013.html,06_medical/01_medical_report/medical_report_013.png,06_medical/01_medical_report/medical_report_013.png,06_medical/01_medical_report/medical_report_013__real_phone_flat_normal_top.png,phone_flat_indoor_normal_top,手机拍纸质文档,平整,室内正常光,俯拍,06_medical/01_medical_report/medical_report_013.png,true
06_medical/01_medical_report/medical_report_014,06_medical,01_medical_report,06_medical/01_medical_report/medical_report_014.json,06_medical/01_medical_report/medical_report_014.html,06_medical/01_medical_report/medical_report_014.png,06_medical/01_medical_report/medical_report_014.png,06_medical/01_medical_report/medical_report_014__real_phone_flat_normal_top.png,phone_flat_indoor_normal_top,手机拍纸质文档,平整,室内正常光,俯拍,06_medical/01_medical_report/medical_report_014.png,true
06_medical/01_medical_report/medical_report_015,06_medical,01_medical_report,06_medical/01_medical_report/medical_report_015.json,06_medical/01_medical_report/medical_report_015.html,06_medical/01_medical_report/medical_report_015.png,06_medical/01_medical_report/medical_report_015.png,06_medical/01_medical_report/medical_report_015__real_phone_flat_normal_top.png,phone_flat_indoor_normal_top,手机拍纸质文档,平整,室内正常光,俯拍,06_medical/01_medical_report/medical_report_015.png,true
06_medical/01_medical_report/medical_report_016,06_medical,01_medical_report,06_medical/01_medical_report/medical_report_016.json,06_medical/01_medical_report/medical_report_016.html,06_medical/01_medical_report/medical_report_016.png,06_medical/01_medical_report/medical_report_016.png,06_medical/01_medical_report/medical_report_016__real_phone_flat_normal_top.png,phone_flat_indoor_normal_top,手机拍纸质文档,平整,室内正常光,俯拍,06_medical/01_medical_report/medical_report_016.png,true
06_medical/01_medical_report/medical_report_017,06_medical,01_medical_report,06_medical/01_medical_report/medical_report_017.json,06_medical/01_medical_report/medical_report_017.html,06_medical/01_medical_report/medical_report_017.png,06_medical/01_medical_report/medical_report_017.png,06_medical/01_medical_report/medical_report_017__real_phone_flat_normal_top.png,phone_flat_indoor_normal_top,手机拍纸质文档,平整,室内正常光,俯拍,06_medical/01_medical_report/medical_report_017.png,true
06_medical/01_medical_report/medical_report_018,06_medical,01_medical_report,06_medical/01_medical_report/medical_report_018.json,06_medical/01_medical_report/medical_report_018.html,06_medical/01_medical_report/medical_report_018.png,06_medical/01_medical_report/medical_report_018.png,06_medical/01_medical_report/medical_report_018__real_phone_flat_normal_top.png,phone_flat_indoor_normal_top,手机拍纸质文档,平整,室内正常光,俯拍,06_medical/01_medical_report/medical_report_018.png,true
06_medical/01_medical_report/medical_report_019,06_medical,01_medical_report,06_medical/01_medical_report/medical_report_019.json,06_medical/01_medical_report/medical_report_019.html,06_medical/01_medical_report/medical_report_019.png,06_medical/01_medical_report/medical_report_019.png,06_medical/01_medical_report/medical_report_019__real_screen_na_screen_screen.jpg,screen_photography,拍屏,无(屏幕显示),屏幕背光+室内光,手机对屏幕,06_medical/01_medical_report/medical_report_019.png,true
06_medical/01_medical_report/medical_report_020,06_medical,01_medical_report,06_medical/01_medical_report/medical_report_020.json,06_medical/01_medical_report/medical_report_020.html,06_medical/01_medical_report/medical_report_020.png,06_medical/01_medical_report/medical_report_020.png,06_medical/01_medical_report/medical_report_020__real_phone_flat_flash_top.png,phone_flat_flash_top,手机拍纸质文档,平整,闪光灯,俯拍,06_medical/01_medical_report/medical_report_020.png,true
06_medical/02_prescription/prescription_001,06_medical,02_prescription,06_medical/02_prescription/prescription_001.json,06_medical/02_prescription/prescription_001.html,06_medical/02_prescription/prescription_001.png,06_medical/02_prescription/prescription_001.png,06_medical/02_prescription/prescription_001__real_phone_creased_normal_top.png,phone_creased_indoor_normal_top,手机拍纸质文档,折痕/褶皱,室内正常光,俯拍,06_medical/02_prescription/prescription_001.png,true
06_medical/02_prescription/prescription_002,06_medical,02_prescription,06_medical/02_prescription/prescription_002.json,06_medical/02_prescription/prescription_002.html,06_medical/02_prescription/prescription_002.png,06_medical/02_prescription/prescription_002.png,06_medical/02_prescription/prescription_002__real_phone_flat_low_oblique.jpg,phone_flat_indoor_low_oblique,手机拍纸质文档,平整,室内暗光,斜拍(30-45度),06_medical/02_prescription/prescription_002.png,true
06_medical/02_prescription/prescription_003,06_medical,02_prescription,06_medical/02_prescription/prescription_003.json,06_medical/02_prescription/prescription_003.html,06_medical/02_prescription/prescription_003.png,06_medical/02_prescription/prescription_003.png,06_medical/02_prescription/prescription_003__real_phone_creased_normal_top.png,phone_creased_indoor_normal_top,手机拍纸质文档,折痕/褶皱,室内正常光,俯拍,06_medical/02_prescription/prescription_003.png,true
06_medical/02_prescription/prescription_004,06_medical,02_prescription,06_medical/02_prescription/prescription_004.json,06_medical/02_prescription/prescription_004.html,06_medical/02_prescription/prescription_004.png,06_medical/02_prescription/prescription_004.png,06_medical/02_prescription/prescription_004__real_phone_flat_low_oblique.png,phone_flat_indoor_low_oblique,手机拍纸质文档,平整,室内暗光,斜拍(30-45度),06_medical/02_prescription/prescription_004.png,true
06_medical/02_prescription/prescription_005,06_medical,02_prescription,06_medical/02_prescription/prescription_005.json,06_medical/02_prescription/prescription_005.html,06_medical/02_prescription/prescription_005.png,06_medical/02_prescription/prescription_005.png,06_medical/02_prescription/prescription_005__real_phone_creased_normal_top.png,phone_creased_indoor_normal_top,手机拍纸质文档,折痕/褶皱,室内正常光,俯拍,06_medical/02_prescription/prescription_005.png,true
06_medical/02_prescription/prescription_006,06_medical,02_prescription,06_medical/02_prescription/prescription_006.json,06_medical/02_prescription/prescription_006.html,06_medical/02_prescription/prescription_006.png,06_medical/02_prescription/prescription_006.png,06_medical/02_prescription/prescription_006__real_phone_flat_low_oblique.jpg,phone_flat_indoor_low_oblique,手机拍纸质文档,平整,室内暗光,斜拍(30-45度),06_medical/02_prescription/prescription_006.png,true
06_medical/02_prescription/prescription_007,06_medical,02_prescription,06_medical/02_prescription/prescription_007.json,06_medical/02_prescription/prescription_007.html,06_medical/02_prescription/prescription_007.png,06_medical/02_prescription/prescription_007.png,06_medical/02_prescription/prescription_007__real_phone_creased_normal_top.png,phone_creased_indoor_normal_top,手机拍纸质文档,折痕/褶皱,室内正常光,俯拍,06_medical/02_prescription/prescription_007.png,true
06_medical/02_prescription/prescription_008,06_medical,02_prescription,06_medical/02_prescription/prescription_008.json,06_medical/02_prescription/prescription_008.html,06_medical/02_prescription/prescription_008.png,06_medical/02_prescription/prescription_008.png,06_medical/02_prescription/prescription_008__real_phone_flat_low_oblique.png,phone_flat_indoor_low_oblique,手机拍纸质文档,平整,室内暗光,斜拍(30-45度),06_medical/02_prescription/prescription_008.png,true
06_medical/02_prescription/prescription_009,06_medical,02_prescription,06_medical/02_prescription/prescription_009.json,06_medical/02_prescription/prescription_009.html,06_medical/02_prescription/prescription_009.png,06_medical/02_prescription/prescription_009.png,06_medical/02_prescription/prescription_009__real_phone_creased_normal_top.png,phone_creased_indoor_normal_top,手机拍纸质文档,折痕/褶皱,室内正常光,俯拍,06_medical/02_prescription/prescription_009.png,true
06_medical/02_prescription/prescription_010,06_medical,02_prescription,06_medical/02_prescription/prescription_010.json,06_medical/02_prescription/prescription_010.html,06_medical/02_prescription/prescription_010.png,06_medical/02_prescription/prescription_010.png,06_medical/02_prescription/prescription_010__real_phone_flat_low_oblique.png,phone_flat_indoor_low_oblique,手机拍纸质文档,平整,室内暗光,斜拍(30-45度),06_medical/02_prescription/prescription_010.png,true
06_medical/02_prescription/prescription_011,06_medical,02_prescription,06_medical/02_prescription/prescription_011.json,06_medical/02_prescription/prescription_011.html,06_medical/02_prescription/prescription_011.png,06_medical/02_prescription/prescription_011.png,06_medical/02_prescription/prescription_011__real_phone_creased_normal_top.png,phone_creased_indoor_normal_top,手机拍纸质文档,折痕/褶皱,室内正常光,俯拍,06_medical/02_prescription/prescription_011.png,true
06_medical/02_prescription/prescription_012,06_medical,02_prescription,06_medical/02_prescription/prescription_012.json,06_medical/02_prescription/prescription_012.html,06_medical/02_prescription/prescription_012.png,06_medical/02_prescription/prescription_012.png,06_medical/02_prescription/prescription_012__real_phone_flat_low_oblique.png,phone_flat_indoor_low_oblique,手机拍纸质文档,平整,室内暗光,斜拍(30-45度),06_medical/02_prescription/prescription_012.png,true
06_medical/02_prescription/prescription_013,06_medical,02_prescription,06_medical/02_prescription/prescription_013.json,06_medical/02_prescription/prescription_013.html,06_medical/02_prescription/prescription_013.png,06_medical/02_prescription/prescription_013.png,06_medical/02_prescription/prescription_013__real_phone_creased_normal_top.png,phone_creased_indoor_normal_top,手机拍纸质文档,折痕/褶皱,室内正常光,俯拍,06_medical/02_prescription/prescription_013.png,true
06_medical/02_prescription/prescription_014,06_medical,02_prescription,06_medical/02_prescription/prescription_014.json,06_medical/02_prescription/prescription_014.html,06_medical/02_prescription/prescription_014.png,06_medical/02_prescription/prescription_014.png,06_medical/02_prescription/prescription_014__real_phone_flat_low_oblique.png,phone_flat_indoor_low_oblique,手机拍纸质文档,平整,室内暗光,斜拍(30-45度),06_medical/02_prescription/prescription_014.png,true
06_medical/02_prescription/prescription_015,06_medical,02_prescription,06_medical/02_prescription/prescription_015.json,06_medical/02_prescription/prescription_015.html,06_medical/02_prescription/prescription_015.png,06_medical/02_prescription/prescription_015.png,06_medical/02_prescription/prescription_015__real_phone_creased_normal_top.jpg,phone_creased_indoor_normal_top,手机拍纸质文档,折痕/褶皱,室内正常光,俯拍,06_medical/02_prescription/prescription_015.png,true
06_medical/02_prescription/prescription_016,06_medical,02_prescription,06_medical/02_prescription/prescription_016.json,06_medical/02_prescription/prescription_016.html,06_medical/02_prescription/prescription_016.png,06_medical/02_prescription/prescription_016.png,06_medical/02_prescription/prescription_016__real_phone_flat_low_oblique.png,phone_flat_indoor_low_oblique,手机拍纸质文档,平整,室内暗光,斜拍(30-45度),06_medical/02_prescription/prescription_016.png,true
06_medical/02_prescription/prescription_017,06_medical,02_prescription,06_medical/02_prescription/prescription_017.json,06_medical/02_prescription/prescription_017.html,06_medical/02_prescription/prescription_017.png,06_medical/02_prescription/prescription_017.png,06_medical/02_prescription/prescription_017__real_phone_creased_normal_top.jpg,phone_creased_indoor_normal_top,手机拍纸质文档,折痕/褶皱,室内正常光,俯拍,06_medical/02_prescription/prescription_017.png,true
06_medical/02_prescription/prescription_018,06_medical,02_prescription,06_medical/02_prescription/prescription_018.json,06_medical/02_prescription/prescription_018.html,06_medical/02_prescription/prescription_018.png,06_medical/02_prescription/prescription_018.png,06_medical/02_prescription/prescription_018__real_phone_flat_low_oblique.png,phone_flat_indoor_low_oblique,手机拍纸质文档,平整,室内暗光,斜拍(30-45度),06_medical/02_prescription/prescription_018.png,true
06_medical/02_prescription/prescription_019,06_medical,02_prescription,06_medical/02_prescription/prescription_019.json,06_medical/02_prescription/prescription_019.html,06_medical/02_prescription/prescription_019.png,06_medical/02_prescription/prescription_019.png,06_medical/02_prescription/prescription_019__real_phone_creased_normal_top.png,phone_creased_indoor_normal_top,手机拍纸质文档,折痕/褶皱,室内正常光,俯拍,06_medical/02_prescription/prescription_019.png,true
06_medical/02_prescription/prescription_020,06_medical,02_prescription,06_medical/02_prescription/prescription_020.json,06_medical/02_prescription/prescription_020.html,06_medical/02_prescription/prescription_020.png,06_medical/02_prescription/prescription_020.png,06_medical/02_prescription/prescription_020__real_phone_flat_low_oblique.png,phone_flat_indoor_low_oblique,手机拍纸质文档,平整,室内暗光,斜拍(30-45度),06_medical/02_prescription/prescription_020.png,true
06_medical/03_clinical_record/clinical_record_001,06_medical,03_clinical_record,06_medical/03_clinical_record/clinical_record_001.json,06_medical/03_clinical_record/clinical_record_001.html,06_medical/03_clinical_record/clinical_record_001.png,06_medical/03_clinical_record/clinical_record_001.png,06_medical/03_clinical_record/clinical_record_001__real_phone_flat_normal_top.png,phone_flat_indoor_normal_top,手机拍纸质文档,平整,室内正常光,俯拍,06_medical/03_clinical_record/clinical_record_001.png,true
06_medical/03_clinical_record/clinical_record_002,06_medical,03_clinical_record,06_medical/03_clinical_record/clinical_record_002.json,06_medical/03_clinical_record/clinical_record_002.html,06_medical/03_clinical_record/clinical_record_002.png,06_medical/03_clinical_record/clinical_record_002.png,06_medical/03_clinical_record/clinical_record_002__real_phone_flat_normal_top.png,phone_flat_indoor_normal_top,手机拍纸质文档,平整,室内正常光,俯拍,06_medical/03_clinical_record/clinical_record_002.png,true
06_medical/03_clinical_record/clinical_record_003,06_medical,03_clinical_record,06_medical/03_clinical_record/clinical_record_003.json,06_medical/03_clinical_record/clinical_record_003.html,06_medical/03_clinical_record/clinical_record_003.png,06_medical/03_clinical_record/clinical_record_003.png,06_medical/03_clinical_record/clinical_record_003__real_screenshot_na_na_na.png,screenshot_compressed,截图+转发压缩,无(纯数字),无,无,06_medical/03_clinical_record/clinical_record_003.png,true
06_medical/03_clinical_record/clinical_record_004,06_medical,03_clinical_record,06_medical/03_clinical_record/clinical_record_004.json,06_medical/03_clinical_record/clinical_record_004.html,06_medical/03_clinical_record/clinical_record_004.png,06_medical/03_clinical_record/clinical_record_004.png,06_medical/03_clinical_record/clinical_record_004__real_screenshot_na_na_na.png,screenshot_compressed,截图+转发压缩,无(纯数字),无,无,06_medical/03_clinical_record/clinical_record_004.png,true
06_medical/03_clinical_record/clinical_record_005,06_medical,03_clinical_record,06_medical/03_clinical_record/clinical_record_005.json,06_medical/03_clinical_record/clinical_record_005.html,06_medical/03_clinical_record/clinical_record_005.png,06_medical/03_clinical_record/clinical_record_005.png,06_medical/03_clinical_record/clinical_record_005__real_phone_flat_normal_top.png,phone_flat_indoor_normal_top,手机拍纸质文档,平整,室内正常光,俯拍,06_medical/03_clinical_record/clinical_record_005.png,true
06_medical/03_clinical_record/clinical_record_006,06_medical,03_clinical_record,06_medical/03_clinical_record/clinical_record_006.json,06_medical/03_clinical_record/clinical_record_006.html,06_medical/03_clinical_record/clinical_record_006.png,06_medical/03_clinical_record/clinical_record_006.png,06_medical/03_clinical_record/clinical_record_006__real_screenshot_na_na_na.png,screenshot_compressed,截图+转发压缩,无(纯数字),无,无,06_medical/03_clinical_record/clinical_record_006.png,true
06_medical/03_clinical_record/clinical_record_007,06_medical,03_clinical_record,06_medical/03_clinical_record/clinical_record_007.json,06_medical/03_clinical_record/clinical_record_007.html,06_medical/03_clinical_record/clinical_record_007.png,06_medical/03_clinical_record/clinical_record_007.png,06_medical/03_clinical_record/clinical_record_007__real_phone_flat_normal_top.png,phone_flat_indoor_normal_top,手机拍纸质文档,平整,室内正常光,俯拍,06_medical/03_clinical_record/clinical_record_007.png,true
06_medical/03_clinical_record/clinical_record_008,06_medical,03_clinical_record,06_medical/03_clinical_record/clinical_record_008.json,06_medical/03_clinical_record/clinical_record_008.html,06_medical/03_clinical_record/clinical_record_008.png,06_medical/03_clinical_record/clinical_record_008.png,06_medical/03_clinical_record/clinical_record_008__real_phone_flat_flash_top.png,phone_flat_flash_top,手机拍纸质文档,平整,闪光灯,俯拍,06_medical/03_clinical_record/clinical_record_008.png,true
06_medical/03_clinical_record/clinical_record_009,06_medical,03_clinical_record,06_medical/03_clinical_record/clinical_record_009.json,06_medical/03_clinical_record/clinical_record_009.html,06_medical/03_clinical_record/clinical_record_009.png,06_medical/03_clinical_record/clinical_record_009.png,06_medical/03_clinical_record/clinical_record_009__real_phone_flat_normal_top.png,phone_flat_indoor_normal_top,手机拍纸质文档,平整,室内正常光,俯拍,06_medical/03_clinical_record/clinical_record_009.png,true
06_medical/03_clinical_record/clinical_record_010,06_medical,03_clinical_record,06_medical/03_clinical_record/clinical_record_010.json,06_medical/03_clinical_record/clinical_record_010.html,06_medical/03_clinical_record/clinical_record_010.png,06_medical/03_clinical_record/clinical_record_010.png,06_medical/03_clinical_record/clinical_record_010__real_phone_flat_normal_top.jpg,phone_flat_indoor_normal_top,手机拍纸质文档,平整,室内正常光,俯拍,06_medical/03_clinical_record/clinical_record_010.png,true
06_medical/03_clinical_record/clinical_record_011,06_medical,03_clinical_record,06_medical/03_clinical_record/clinical_record_011.json,06_medical/03_clinical_record/clinical_record_011.html,06_medical/03_clinical_record/clinical_record_011.png,06_medical/03_clinical_record/clinical_record_011.png,06_medical/03_clinical_record/clinical_record_011__real_phone_flat_normal_top.png,phone_flat_indoor_normal_top,手机拍纸质文档,平整,室内正常光,俯拍,06_medical/03_clinical_record/clinical_record_011.png,true
06_medical/03_clinical_record/clinical_record_012,06_medical,03_clinical_record,06_medical/03_clinical_record/clinical_record_012.json,06_medical/03_clinical_record/clinical_record_012.html,06_medical/03_clinical_record/clinical_record_012.png,06_medical/03_clinical_record/clinical_record_012.png,06_medical/03_clinical_record/clinical_record_012__real_screen_na_screen_screen.png,screen_photography,拍屏,无(屏幕显示),屏幕背光+室内光,手机对屏幕,06_medical/03_clinical_record/clinical_record_012.png,true
06_medical/03_clinical_record/clinical_record_013,06_medical,03_clinical_record,06_medical/03_clinical_record/clinical_record_013.json,06_medical/03_clinical_record/clinical_record_013.html,06_medical/03_clinical_record/clinical_record_013.png,06_medical/03_clinical_record/clinical_record_013.png,06_medical/03_clinical_record/clinical_record_013__real_phone_flat_normal_top.png,phone_flat_indoor_normal_top,手机拍纸质文档,平整,室内正常光,俯拍,06_medical/03_clinical_record/clinical_record_013.png,true
06_medical/03_clinical_record/clinical_record_014,06_medical,03_clinical_record,06_medical/03_clinical_record/clinical_record_014.json,06_medical/03_clinical_record/clinical_record_014.html,06_medical/03_clinical_record/clinical_record_014.png,06_medical/03_clinical_record/clinical_record_014.png,06_medical/03_clinical_record/clinical_record_014__real_screenshot_na_na_na.png,screenshot_compressed,截图+转发压缩,无(纯数字),无,无,06_medical/03_clinical_record/clinical_record_014.png,true
06_medical/03_clinical_record/clinical_record_015,06_medical,03_clinical_record,06_medical/03_clinical_record/clinical_record_015.json,06_medical/03_clinical_record/clinical_record_015.html,06_medical/03_clinical_record/clinical_record_015.png,06_medical/03_clinical_record/clinical_record_015.png,06_medical/03_clinical_record/clinical_record_015__real_phone_flat_normal_top.png,phone_flat_indoor_normal_top,手机拍纸质文档,平整,室内正常光,俯拍,06_medical/03_clinical_record/clinical_record_015.png,true
06_medical/03_clinical_record/clinical_record_016,06_medical,03_clinical_record,06_medical/03_clinical_record/clinical_record_016.json,06_medical/03_clinical_record/clinical_record_016.html,06_medical/03_clinical_record/clinical_record_016.png,06_medical/03_clinical_record/clinical_record_016.png,06_medical/03_clinical_record/clinical_record_016__real_phone_flat_normal_top.png,phone_flat_indoor_normal_top,手机拍纸质文档,平整,室内正常光,俯拍,06_medical/03_clinical_record/clinical_record_016.png,true
06_medical/03_clinical_record/clinical_record_017,06_medical,03_clinical_record,06_medical/03_clinical_record/clinical_record_017.json,06_medical/03_clinical_record/clinical_record_017.html,06_medical/03_clinical_record/clinical_record_017.png,06_medical/03_clinical_record/clinical_record_017.png,06_medical/03_clinical_record/clinical_record_017__real_phone_flat_normal_top.png,phone_flat_indoor_normal_top,手机拍纸质文档,平整,室内正常光,俯拍,06_medical/03_clinical_record/clinical_record_017.png,true
06_medical/03_clinical_record/clinical_record_018,06_medical,03_clinical_record,06_medical/03_clinical_record/clinical_record_018.json,06_medical/03_clinical_record/clinical_record_018.html,06_medical/03_clinical_record/clinical_record_018.png,06_medical/03_clinical_record/clinical_record_018.png,06_medical/03_clinical_record/clinical_record_018__real_screen_photography.png,screen_photography,拍屏,无(屏幕显示),屏幕背光+室内光,手机对屏幕,06_medical/03_clinical_record/clinical_record_018.png,true
06_medical/03_clinical_record/clinical_record_019,06_medical,03_clinical_record,06_medical/03_clinical_record/clinical_record_019.json,06_medical/03_clinical_record/clinical_record_019.html,06_medical/03_clinical_record/clinical_record_019.png,06_medical/03_clinical_record/clinical_record_019.png,06_medical/03_clinical_record/clinical_record_019__real_phone_flat_normal_top.png,phone_flat_indoor_normal_top,手机拍纸质文档,平整,室内正常光,俯拍,06_medical/03_clinical_record/clinical_record_019.png,true
06_medical/03_clinical_record/clinical_record_020,06_medical,03_clinical_record,06_medical/03_clinical_record/clinical_record_020.json,06_medical/03_clinical_record/clinical_record_020.html,06_medical/03_clinical_record/clinical_record_020.png,06_medical/03_clinical_record/clinical_record_020.png,06_medical/03_clinical_record/clinical_record_020__real_phone_flat_normal_top.png,phone_flat_indoor_normal_top,手机拍纸质文档,平整,室内正常光,俯拍,06_medical/03_clinical_record/clinical_record_020.png,true
06_medical/04_medical_bill/medical_bill_001,06_medical,04_medical_bill,06_medical/04_medical_bill/medical_bill_001.json,06_medical/04_medical_bill/medical_bill_001.html,06_medical/04_medical_bill/medical_bill_001.png,06_medical/04_medical_bill/medical_bill_001.png,06_medical/04_medical_bill/medical_bill_001__real_phone_creased_normal_top.png,phone_creased_indoor_normal_top,手机拍纸质文档,折痕/褶皱,室内正常光,俯拍,06_medical/04_medical_bill/medical_bill_001.png,true
06_medical/04_medical_bill/medical_bill_002,06_medical,04_medical_bill,06_medical/04_medical_bill/medical_bill_002.json,06_medical/04_medical_bill/medical_bill_002.html,06_medical/04_medical_bill/medical_bill_002.png,06_medical/04_medical_bill/medical_bill_002.png,06_medical/04_medical_bill/medical_bill_002__real_phone_flat_normal_top.png,phone_flat_indoor_normal_top,手机拍纸质文档,平整,室内正常光,俯拍,06_medical/04_medical_bill/medical_bill_002.png,true
06_medical/04_medical_bill/medical_bill_003,06_medical,04_medical_bill,06_medical/04_medical_bill/medical_bill_003.json,06_medical/04_medical_bill/medical_bill_003.html,06_medical/04_medical_bill/medical_bill_003.png,06_medical/04_medical_bill/medical_bill_003.png,06_medical/04_medical_bill/medical_bill_003__real_phone_creased_normal_top.png,phone_creased_indoor_normal_top,手机拍纸质文档,折痕/褶皱,室内正常光,俯拍,06_medical/04_medical_bill/medical_bill_003.png,true
06_medical/04_medical_bill/medical_bill_004,06_medical,04_medical_bill,06_medical/04_medical_bill/medical_bill_004.json,06_medical/04_medical_bill/medical_bill_004.html,06_medical/04_medical_bill/medical_bill_004.png,06_medical/04_medical_bill/medical_bill_004.png,06_medical/04_medical_bill/medical_bill_004__real_phone_flat_normal_top.png,phone_flat_indoor_normal_top,手机拍纸质文档,平整,室内正常光,俯拍,06_medical/04_medical_bill/medical_bill_004.png,true
06_medical/04_medical_bill/medical_bill_005,06_medical,04_medical_bill,06_medical/04_medical_bill/medical_bill_005.json,06_medical/04_medical_bill/medical_bill_005.html,06_medical/04_medical_bill/medical_bill_005.png,06_medical/04_medical_bill/medical_bill_005.png,06_medical/04_medical_bill/medical_bill_005__real_phone_creased_normal_top.png,phone_creased_indoor_normal_top,手机拍纸质文档,折痕/褶皱,室内正常光,俯拍,06_medical/04_medical_bill/medical_bill_005.png,true
06_medical/04_medical_bill/medical_bill_006,06_medical,04_medical_bill,06_medical/04_medical_bill/medical_bill_006.json,06_medical/04_medical_bill/medical_bill_006.html,06_medical/04_medical_bill/medical_bill_006.png,06_medical/04_medical_bill/medical_bill_006.png,06_medical/04_medical_bill/medical_bill_006__real_phone_flat_normal_top.png,phone_flat_indoor_normal_top,手机拍纸质文档,平整,室内正常光,俯拍,06_medical/04_medical_bill/medical_bill_006.png,true
06_medical/04_medical_bill/medical_bill_007,06_medical,04_medical_bill,06_medical/04_medical_bill/medical_bill_007.json,06_medical/04_medical_bill/medical_bill_007.html,06_medical/04_medical_bill/medical_bill_007.png,06_medical/04_medical_bill/medical_bill_007.png,06_medical/04_medical_bill/medical_bill_007__real_phone_creased_normal_top.png,phone_creased_indoor_normal_top,手机拍纸质文档,折痕/褶皱,室内正常光,俯拍,06_medical/04_medical_bill/medical_bill_007.png,true
06_medical/04_medical_bill/medical_bill_008,06_medical,04_medical_bill,06_medical/04_medical_bill/medical_bill_008.json,06_medical/04_medical_bill/medical_bill_008.html,06_medical/04_medical_bill/medical_bill_008.png,06_medical/04_medical_bill/medical_bill_008.png,06_medical/04_medical_bill/medical_bill_008__real_phone_flat_normal_top.png,phone_flat_indoor_normal_top,手机拍纸质文档,平整,室内正常光,俯拍,06_medical/04_medical_bill/medical_bill_008.png,true
06_medical/04_medical_bill/medical_bill_009,06_medical,04_medical_bill,06_medical/04_medical_bill/medical_bill_009.json,06_medical/04_medical_bill/medical_bill_009.html,06_medical/04_medical_bill/medical_bill_009.png,06_medical/04_medical_bill/medical_bill_009.png,06_medical/04_medical_bill/medical_bill_009__real_phone_creased_normal_top.png,phone_creased_indoor_normal_top,手机拍纸质文档,折痕/褶皱,室内正常光,俯拍,06_medical/04_medical_bill/medical_bill_009.png,true
06_medical/04_medical_bill/medical_bill_010,06_medical,04_medical_bill,06_medical/04_medical_bill/medical_bill_010.json,06_medical/04_medical_bill/medical_bill_010.html,06_medical/04_medical_bill/medical_bill_010.png,06_medical/04_medical_bill/medical_bill_010.png,06_medical/04_medical_bill/medical_bill_010__real_phone_flat_normal_top.png,phone_flat_indoor_normal_top,手机拍纸质文档,平整,室内正常光,俯拍,06_medical/04_medical_bill/medical_bill_010.png,true
06_medical/04_medical_bill/medical_bill_011,06_medical,04_medical_bill,06_medical/04_medical_bill/medical_bill_011.json,06_medical/04_medical_bill/medical_bill_011.html,06_medical/04_medical_bill/medical_bill_011.png,06_medical/04_medical_bill/medical_bill_011.png,06_medical/04_medical_bill/medical_bill_011__real_phone_creased_normal_top.jpg,phone_creased_indoor_normal_top,手机拍纸质文档,折痕/褶皱,室内正常光,俯拍,06_medical/04_medical_bill/medical_bill_011.png,true
06_medical/04_medical_bill/medical_bill_012,06_medical,04_medical_bill,06_medical/04_medical_bill/medical_bill_012.json,06_medical/04_medical_bill/medical_bill_012.html,06_medical/04_medical_bill/medical_bill_012.png,06_medical/04_medical_bill/medical_bill_012.png,06_medical/04_medical_bill/medical_bill_012__real_phone_flat_normal_top.png,phone_flat_indoor_normal_top,手机拍纸质文档,平整,室内正常光,俯拍,06_medical/04_medical_bill/medical_bill_012.png,true
06_medical/04_medical_bill/medical_bill_013,06_medical,04_medical_bill,06_medical/04_medical_bill/medical_bill_013.json,06_medical/04_medical_bill/medical_bill_013.html,06_medical/04_medical_bill/medical_bill_013.png,06_medical/04_medical_bill/medical_bill_013.png,06_medical/04_medical_bill/medical_bill_013__real_phone_creased_normal_top.png,phone_creased_indoor_normal_top,手机拍纸质文档,折痕/褶皱,室内正常光,俯拍,06_medical/04_medical_bill/medical_bill_013.png,true
06_medical/04_medical_bill/medical_bill_014,06_medical,04_medical_bill,06_medical/04_medical_bill/medical_bill_014.json,06_medical/04_medical_bill/medical_bill_014.html,06_medical/04_medical_bill/medical_bill_014.png,06_medical/04_medical_bill/medical_bill_014.png,06_medical/04_medical_bill/medical_bill_014__real_phone_flat_normal_top.png,phone_flat_indoor_normal_top,手机拍纸质文档,平整,室内正常光,俯拍,06_medical/04_medical_bill/medical_bill_014.png,true
06_medical/04_medical_bill/medical_bill_015,06_medical,04_medical_bill,06_medical/04_medical_bill/medical_bill_015.json,06_medical/04_medical_bill/medical_bill_015.html,06_medical/04_medical_bill/medical_bill_015.png,06_medical/04_medical_bill/medical_bill_015.png,06_medical/04_medical_bill/medical_bill_015__real_phone_creased_normal_top.png,phone_creased_indoor_normal_top,手机拍纸质文档,折痕/褶皱,室内正常光,俯拍,06_medical/04_medical_bill/medical_bill_015.png,true
06_medical/04_medical_bill/medical_bill_016,06_medical,04_medical_bill,06_medical/04_medical_bill/medical_bill_016.json,06_medical/04_medical_bill/medical_bill_016.html,06_medical/04_medical_bill/medical_bill_016.png,06_medical/04_medical_bill/medical_bill_016.png,06_medical/04_medical_bill/medical_bill_016__real_phone_flat_flash_top.png,phone_flat_flash_top,手机拍纸质文档,平整,闪光灯,俯拍,06_medical/04_medical_bill/medical_bill_016.png,true
06_medical/04_medical_bill/medical_bill_017,06_medical,04_medical_bill,06_medical/04_medical_bill/medical_bill_017.json,06_medical/04_medical_bill/medical_bill_017.html,06_medical/04_medical_bill/medical_bill_017.png,06_medical/04_medical_bill/medical_bill_017.png,06_medical/04_medical_bill/medical_bill_017__real_phone_creased_normal_top.png,phone_creased_indoor_normal_top,手机拍纸质文档,折痕/褶皱,室内正常光,俯拍,06_medical/04_medical_bill/medical_bill_017.png,true
06_medical/04_medical_bill/medical_bill_018,06_medical,04_medical_bill,06_medical/04_medical_bill/medical_bill_018.json,06_medical/04_medical_bill/medical_bill_018.html,06_medical/04_medical_bill/medical_bill_018.png,06_medical/04_medical_bill/medical_bill_018.png,06_medical/04_medical_bill/medical_bill_018__real_screen_na_screen_screen.png,screen_photography,拍屏,无(屏幕显示),屏幕背光+室内光,手机对屏幕,06_medical/04_medical_bill/medical_bill_018.png,true
06_medical/04_medical_bill/medical_bill_019,06_medical,04_medical_bill,06_medical/04_medical_bill/medical_bill_019.json,06_medical/04_medical_bill/medical_bill_019.html,06_medical/04_medical_bill/medical_bill_019.png,06_medical/04_medical_bill/medical_bill_019.png,06_medical/04_medical_bill/medical_bill_019__real_phone_creased_normal_top.png,phone_creased_indoor_normal_top,手机拍纸质文档,折痕/褶皱,室内正常光,俯拍,06_medical/04_medical_bill/medical_bill_019.png,true
06_medical/04_medical_bill/medical_bill_020,06_medical,04_medical_bill,06_medical/04_medical_bill/medical_bill_020.json,06_medical/04_medical_bill/medical_bill_020.html,06_medical/04_medical_bill/medical_bill_020.png,06_medical/04_medical_bill/medical_bill_020.png,06_medical/04_medical_bill/medical_bill_020__real_phone_flat_flash_top.png,phone_flat_flash_top,手机拍纸质文档,平整,闪光灯,俯拍,06_medical/04_medical_bill/medical_bill_020.png,true
06_medical/05_health_record/health_record_001,06_medical,05_health_record,06_medical/05_health_record/health_record_001.json,06_medical/05_health_record/health_record_001.html,06_medical/05_health_record/health_record_001.png,06_medical/05_health_record/health_record_001.png,06_medical/05_health_record/health_record_001__real_phone_flat_normal_top.png,phone_flat_indoor_normal_top,手机拍纸质文档,平整,室内正常光,俯拍,06_medical/05_health_record/health_record_001.png,true
06_medical/05_health_record/health_record_002,06_medical,05_health_record,06_medical/05_health_record/health_record_002.json,06_medical/05_health_record/health_record_002.html,06_medical/05_health_record/health_record_002.png,06_medical/05_health_record/health_record_002.png,06_medical/05_health_record/health_record_002__real_phone_flat_normal_top.png,phone_flat_indoor_normal_top,手机拍纸质文档,平整,室内正常光,俯拍,06_medical/05_health_record/health_record_002.png,true
06_medical/05_health_record/health_record_003,06_medical,05_health_record,06_medical/05_health_record/health_record_003.json,06_medical/05_health_record/health_record_003.html,06_medical/05_health_record/health_record_003.png,06_medical/05_health_record/health_record_003.png,06_medical/05_health_record/health_record_003__real_phone_flat_normal_top.png,phone_flat_indoor_normal_top,手机拍纸质文档,平整,室内正常光,俯拍,06_medical/05_health_record/health_record_003.png,true
06_medical/05_health_record/health_record_004,06_medical,05_health_record,06_medical/05_health_record/health_record_004.json,06_medical/05_health_record/health_record_004.html,06_medical/05_health_record/health_record_004.png,06_medical/05_health_record/health_record_004.png,06_medical/05_health_record/health_record_004__real_phone_flat_flash_top.png,phone_flat_flash_top,手机拍纸质文档,平整,闪光灯,俯拍,06_medical/05_health_record/health_record_004.png,true
06_medical/05_health_record/health_record_005,06_medical,05_health_record,06_medical/05_health_record/health_record_005.json,06_medical/05_health_record/health_record_005.html,06_medical/05_health_record/health_record_005.png,06_medical/05_health_record/health_record_005.png,06_medical/05_health_record/health_record_005__real_screenshot_compressed.png,screenshot_compressed,截图+转发压缩,无(纯数字),无,无,06_medical/05_health_record/health_record_005.png,true
06_medical/05_health_record/health_record_006,06_medical,05_health_record,06_medical/05_health_record/health_record_006.json,06_medical/05_health_record/health_record_006.html,06_medical/05_health_record/health_record_006.png,06_medical/05_health_record/health_record_006.png,06_medical/05_health_record/health_record_006__real_phone_flat_normal_top.png,phone_flat_indoor_normal_top,手机拍纸质文档,平整,室内正常光,俯拍,06_medical/05_health_record/health_record_006.png,true
06_medical/05_health_record/health_record_007,06_medical,05_health_record,06_medical/05_health_record/health_record_007.json,06_medical/05_health_record/health_record_007.html,06_medical/05_health_record/health_record_007.png,06_medical/05_health_record/health_record_007.png,06_medical/05_health_record/health_record_007__real_phone_flat_normal_top.png,phone_flat_indoor_normal_top,手机拍纸质文档,平整,室内正常光,俯拍,06_medical/05_health_record/health_record_007.png,true
06_medical/05_health_record/health_record_008,06_medical,05_health_record,06_medical/05_health_record/health_record_008.json,06_medical/05_health_record/health_record_008.html,06_medical/05_health_record/health_record_008.png,06_medical/05_health_record/health_record_008.png,06_medical/05_health_record/health_record_008__real_screen_na_screen_screen.png,screen_photography,拍屏,无(屏幕显示),屏幕背光+室内光,手机对屏幕,06_medical/05_health_record/health_record_008.png,true
06_medical/05_health_record/health_record_009,06_medical,05_health_record,06_medical/05_health_record/health_record_009.json,06_medical/05_health_record/health_record_009.html,06_medical/05_health_record/health_record_009.png,06_medical/05_health_record/health_record_009.png,06_medical/05_health_record/health_record_009__real_phone_flat_normal_top.png,phone_flat_indoor_normal_top,手机拍纸质文档,平整,室内正常光,俯拍,06_medical/05_health_record/health_record_009.png,true
06_medical/05_health_record/health_record_010,06_medical,05_health_record,06_medical/05_health_record/health_record_010.json,06_medical/05_health_record/health_record_010.html,06_medical/05_health_record/health_record_010.png,06_medical/05_health_record/health_record_010.png,06_medical/05_health_record/health_record_010__real_phone_flat_normal_top.png,phone_flat_indoor_normal_top,手机拍纸质文档,平整,室内正常光,俯拍,06_medical/05_health_record/health_record_010.png,true
06_medical/05_health_record/health_record_011,06_medical,05_health_record,06_medical/05_health_record/health_record_011.json,06_medical/05_health_record/health_record_011.html,06_medical/05_health_record/health_record_011.png,06_medical/05_health_record/health_record_011.png,06_medical/05_health_record/health_record_011__real_screenshot_na_na_na.png,screenshot_compressed,截图+转发压缩,无(纯数字),无,无,06_medical/05_health_record/health_record_011.png,true
06_medical/05_health_record/health_record_012,06_medical,05_health_record,06_medical/05_health_record/health_record_012.json,06_medical/05_health_record/health_record_012.html,06_medical/05_health_record/health_record_012.png,06_medical/05_health_record/health_record_012.png,06_medical/05_health_record/health_record_012__real_phone_flat_normal_top.jpg,phone_flat_indoor_normal_top,手机拍纸质文档,平整,室内正常光,俯拍,06_medical/05_health_record/health_record_012.png,true
06_medical/05_health_record/health_record_013,06_medical,05_health_record,06_medical/05_health_record/health_record_013.json,06_medical/05_health_record/health_record_013.html,06_medical/05_health_record/health_record_013.png,06_medical/05_health_record/health_record_013.png,06_medical/05_health_record/health_record_013__real_phone_flat_normal_top.png,phone_flat_indoor_normal_top,手机拍纸质文档,平整,室内正常光,俯拍,06_medical/05_health_record/health_record_013.png,true
06_medical/05_health_record/health_record_014,06_medical,05_health_record,06_medical/05_health_record/health_record_014.json,06_medical/05_health_record/health_record_014.html,06_medical/05_health_record/health_record_014.png,06_medical/05_health_record/health_record_014.png,06_medical/05_health_record/health_record_014__real_phone_flat_normal_top.png,phone_flat_indoor_normal_top,手机拍纸质文档,平整,室内正常光,俯拍,06_medical/05_health_record/health_record_014.png,true
06_medical/05_health_record/health_record_015,06_medical,05_health_record,06_medical/05_health_record/health_record_015.json,06_medical/05_health_record/health_record_015.html,06_medical/05_health_record/health_record_015.png,06_medical/05_health_record/health_record_015.png,06_medical/05_health_record/health_record_015__real_screen_na_screen_screen.jpg,screen_photography,拍屏,无(屏幕显示),屏幕背光+室内光,手机对屏幕,06_medical/05_health_record/health_record_015.png,true
06_medical/05_health_record/health_record_016,06_medical,05_health_record,06_medical/05_health_record/health_record_016.json,06_medical/05_health_record/health_record_016.html,06_medical/05_health_record/health_record_016.png,06_medical/05_health_record/health_record_016.png,06_medical/05_health_record/health_record_016__real_screen_na_screen_screen.png,screen_photography,拍屏,无(屏幕显示),屏幕背光+室内光,手机对屏幕,06_medical/05_health_record/health_record_016.png,true
06_medical/05_health_record/health_record_017,06_medical,05_health_record,06_medical/05_health_record/health_record_017.json,06_medical/05_health_record/health_record_017.html,06_medical/05_health_record/health_record_017.png,06_medical/05_health_record/health_record_017.png,06_medical/05_health_record/health_record_017__real_phone_flat_normal_top.png,phone_flat_indoor_normal_top,手机拍纸质文档,平整,室内正常光,俯拍,06_medical/05_health_record/health_record_017.png,true
06_medical/05_health_record/health_record_018,06_medical,05_health_record,06_medical/05_health_record/health_record_018.json,06_medical/05_health_record/health_record_018.html,06_medical/05_health_record/health_record_018.png,06_medical/05_health_record/health_record_018.png,06_medical/05_health_record/health_record_018__real_phone_flat_normal_top.png,phone_flat_indoor_normal_top,手机拍纸质文档,平整,室内正常光,俯拍,06_medical/05_health_record/health_record_018.png,true
06_medical/05_health_record/health_record_019,06_medical,05_health_record,06_medical/05_health_record/health_record_019.json,06_medical/05_health_record/health_record_019.html,06_medical/05_health_record/health_record_019.png,06_medical/05_health_record/health_record_019.png,06_medical/05_health_record/health_record_019__real_phone_flat_normal_top.png,phone_flat_indoor_normal_top,手机拍纸质文档,平整,室内正常光,俯拍,06_medical/05_health_record/health_record_019.png,true
06_medical/05_health_record/health_record_020,06_medical,05_health_record,06_medical/05_health_record/health_record_020.json,06_medical/05_health_record/health_record_020.html,06_medical/05_health_record/health_record_020.png,06_medical/05_health_record/health_record_020.png,06_medical/05_health_record/health_record_020__real_phone_flat_normal_top.png,phone_flat_indoor_normal_top,手机拍纸质文档,平整,室内正常光,俯拍,06_medical/05_health_record/health_record_020.png,true
06_medical/06_medical_certificate/medical_certificate_001,06_medical,06_medical_certificate,06_medical/06_medical_certificate/medical_certificate_001.json,06_medical/06_medical_certificate/medical_certificate_001.html,06_medical/06_medical_certificate/medical_certificate_001.png,06_medical/06_medical_certificate/medical_certificate_001.png,06_medical/06_medical_certificate/medical_certificate_001__real_phone_flat_normal_top.png,phone_flat_indoor_normal_top,手机拍纸质文档,平整,室内正常光,俯拍,06_medical/06_medical_certificate/medical_certificate_001.png,true
06_medical/06_medical_certificate/medical_certificate_002,06_medical,06_medical_certificate,06_medical/06_medical_certificate/medical_certificate_002.json,06_medical/06_medical_certificate/medical_certificate_002.html,06_medical/06_medical_certificate/medical_certificate_002.png,06_medical/06_medical_certificate/medical_certificate_002.png,06_medical/06_medical_certificate/medical_certificate_002__real_phone_flat_normal_top.png,phone_flat_indoor_normal_top,手机拍纸质文档,平整,室内正常光,俯拍,06_medical/06_medical_certificate/medical_certificate_002.png,true
06_medical/06_medical_certificate/medical_certificate_003,06_medical,06_medical_certificate,06_medical/06_medical_certificate/medical_certificate_003.json,06_medical/06_medical_certificate/medical_certificate_003.html,06_medical/06_medical_certificate/medical_certificate_003.png,06_medical/06_medical_certificate/medical_certificate_003.png,06_medical/06_medical_certificate/medical_certificate_003__real_phone_flat_normal_top.png,phone_flat_indoor_normal_top,手机拍纸质文档,平整,室内正常光,俯拍,06_medical/06_medical_certificate/medical_certificate_003.png,true
06_medical/06_medical_certificate/medical_certificate_004,06_medical,06_medical_certificate,06_medical/06_medical_certificate/medical_certificate_004.json,06_medical/06_medical_certificate/medical_certificate_004.html,06_medical/06_medical_certificate/medical_certificate_004.png,06_medical/06_medical_certificate/medical_certificate_004.png,06_medical/06_medical_certificate/medical_certificate_004__real_phone_flat_normal_top.png,phone_flat_indoor_normal_top,手机拍纸质文档,平整,室内正常光,俯拍,06_medical/06_medical_certificate/medical_certificate_004.png,true
06_medical/06_medical_certificate/medical_certificate_005,06_medical,06_medical_certificate,06_medical/06_medical_certificate/medical_certificate_005.json,06_medical/06_medical_certificate/medical_certificate_005.html,06_medical/06_medical_certificate/medical_certificate_005.png,06_medical/06_medical_certificate/medical_certificate_005.png,06_medical/06_medical_certificate/medical_certificate_005__real_screenshot_compressed.png,screenshot_compressed,截图+转发压缩,无(纯数字),无,无,06_medical/06_medical_certificate/medical_certificate_005.png,true
06_medical/06_medical_certificate/medical_certificate_006,06_medical,06_medical_certificate,06_medical/06_medical_certificate/medical_certificate_006.json,06_medical/06_medical_certificate/medical_certificate_006.html,06_medical/06_medical_certificate/medical_certificate_006.png,06_medical/06_medical_certificate/medical_certificate_006.png,06_medical/06_medical_certificate/medical_certificate_006__real_phone_flat_normal_top.png,phone_flat_indoor_normal_top,手机拍纸质文档,平整,室内正常光,俯拍,06_medical/06_medical_certificate/medical_certificate_006.png,true
06_medical/06_medical_certificate/medical_certificate_007,06_medical,06_medical_certificate,06_medical/06_medical_certificate/medical_certificate_007.json,06_medical/06_medical_certificate/medical_certificate_007.html,06_medical/06_medical_certificate/medical_certificate_007.png,06_medical/06_medical_certificate/medical_certificate_007.png,06_medical/06_medical_certificate/medical_certificate_007__real_screen_photography.png,screen_photography,拍屏,无(屏幕显示),屏幕背光+室内光,手机对屏幕,06_medical/06_medical_certificate/medical_certificate_007.png,true
06_medical/06_medical_certificate/medical_certificate_008,06_medical,06_medical_certificate,06_medical/06_medical_certificate/medical_certificate_008.json,06_medical/06_medical_certificate/medical_certificate_008.html,06_medical/06_medical_certificate/medical_certificate_008.png,06_medical/06_medical_certificate/medical_certificate_008.png,06_medical/06_medical_certificate/medical_certificate_008__real_screenshot_na_na_na.png,screenshot_compressed,截图+转发压缩,无(纯数字),无,无,06_medical/06_medical_certificate/medical_certificate_008.png,true
06_medical/06_medical_certificate/medical_certificate_009,06_medical,06_medical_certificate,06_medical/06_medical_certificate/medical_certificate_009.json,06_medical/06_medical_certificate/medical_certificate_009.html,06_medical/06_medical_certificate/medical_certificate_009.png,06_medical/06_medical_certificate/medical_certificate_009.png,06_medical/06_medical_certificate/medical_certificate_009__real_phone_flat_normal_top.png,phone_flat_indoor_normal_top,手机拍纸质文档,平整,室内正常光,俯拍,06_medical/06_medical_certificate/medical_certificate_009.png,true
06_medical/06_medical_certificate/medical_certificate_010,06_medical,06_medical_certificate,06_medical/06_medical_certificate/medical_certificate_010.json,06_medical/06_medical_certificate/medical_certificate_010.html,06_medical/06_medical_certificate/medical_certificate_010.png,06_medical/06_medical_certificate/medical_certificate_010.png,06_medical/06_medical_certificate/medical_certificate_010__real_phone_flat_normal_top.png,phone_flat_indoor_normal_top,手机拍纸质文档,平整,室内正常光,俯拍,06_medical/06_medical_certificate/medical_certificate_010.png,true
06_medical/06_medical_certificate/medical_certificate_011,06_medical,06_medical_certificate,06_medical/06_medical_certificate/medical_certificate_011.json,06_medical/06_medical_certificate/medical_certificate_011.html,06_medical/06_medical_certificate/medical_certificate_011.png,06_medical/06_medical_certificate/medical_certificate_011.png,06_medical/06_medical_certificate/medical_certificate_011__real_screenshot_na_na_na.jpg,screenshot_compressed,截图+转发压缩,无(纯数字),无,无,06_medical/06_medical_certificate/medical_certificate_011.png,true
06_medical/06_medical_certificate/medical_certificate_012,06_medical,06_medical_certificate,06_medical/06_medical_certificate/medical_certificate_012.json,06_medical/06_medical_certificate/medical_certificate_012.html,06_medical/06_medical_certificate/medical_certificate_012.png,06_medical/06_medical_certificate/medical_certificate_012.png,06_medical/06_medical_certificate/medical_certificate_012__real_phone_flat_normal_top.jpg,phone_flat_indoor_normal_top,手机拍纸质文档,平整,室内正常光,俯拍,06_medical/06_medical_certificate/medical_certificate_012.png,true
06_medical/06_medical_certificate/medical_certificate_013,06_medical,06_medical_certificate,06_medical/06_medical_certificate/medical_certificate_013.json,06_medical/06_medical_certificate/medical_certificate_013.html,06_medical/06_medical_certificate/medical_certificate_013.png,06_medical/06_medical_certificate/medical_certificate_013.png,06_medical/06_medical_certificate/medical_certificate_013__real_phone_flat_normal_top.png,phone_flat_indoor_normal_top,手机拍纸质文档,平整,室内正常光,俯拍,06_medical/06_medical_certificate/medical_certificate_013.png,true
06_medical/06_medical_certificate/medical_certificate_014,06_medical,06_medical_certificate,06_medical/06_medical_certificate/medical_certificate_014.json,06_medical/06_medical_certificate/medical_certificate_014.html,06_medical/06_medical_certificate/medical_certificate_014.png,06_medical/06_medical_certificate/medical_certificate_014.png,06_medical/06_medical_certificate/medical_certificate_014__real_screenshot_na_na_na.png,screenshot_compressed,截图+转发压缩,无(纯数字),无,无,06_medical/06_medical_certificate/medical_certificate_014.png,true
06_medical/06_medical_certificate/medical_certificate_015,06_medical,06_medical_certificate,06_medical/06_medical_certificate/medical_certificate_015.json,06_medical/06_medical_certificate/medical_certificate_015.html,06_medical/06_medical_certificate/medical_certificate_015.png,06_medical/06_medical_certificate/medical_certificate_015.png,06_medical/06_medical_certificate/medical_certificate_015__real_phone_flat_normal_top.png,phone_flat_indoor_normal_top,手机拍纸质文档,平整,室内正常光,俯拍,06_medical/06_medical_certificate/medical_certificate_015.png,true
06_medical/06_medical_certificate/medical_certificate_016,06_medical,06_medical_certificate,06_medical/06_medical_certificate/medical_certificate_016.json,06_medical/06_medical_certificate/medical_certificate_016.html,06_medical/06_medical_certificate/medical_certificate_016.png,06_medical/06_medical_certificate/medical_certificate_016.png,06_medical/06_medical_certificate/medical_certificate_016__real_phone_flat_normal_top.png,phone_flat_indoor_normal_top,手机拍纸质文档,平整,室内正常光,俯拍,06_medical/06_medical_certificate/medical_certificate_016.png,true
06_medical/06_medical_certificate/medical_certificate_017,06_medical,06_medical_certificate,06_medical/06_medical_certificate/medical_certificate_017.json,06_medical/06_medical_certificate/medical_certificate_017.html,06_medical/06_medical_certificate/medical_certificate_017.png,06_medical/06_medical_certificate/medical_certificate_017.png,06_medical/06_medical_certificate/medical_certificate_017__real_phone_flat_normal_top.png,phone_flat_indoor_normal_top,手机拍纸质文档,平整,室内正常光,俯拍,06_medical/06_medical_certificate/medical_certificate_017.png,true
06_medical/06_medical_certificate/medical_certificate_018,06_medical,06_medical_certificate,06_medical/06_medical_certificate/medical_certificate_018.json,06_medical/06_medical_certificate/medical_certificate_018.html,06_medical/06_medical_certificate/medical_certificate_018.png,06_medical/06_medical_certificate/medical_certificate_018.png,06_medical/06_medical_certificate/medical_certificate_018__real_phone_flat_normal_top.png,phone_flat_indoor_normal_top,手机拍纸质文档,平整,室内正常光,俯拍,06_medical/06_medical_certificate/medical_certificate_018.png,true
06_medical/06_medical_certificate/medical_certificate_019,06_medical,06_medical_certificate,06_medical/06_medical_certificate/medical_certificate_019.json,06_medical/06_medical_certificate/medical_certificate_019.html,06_medical/06_medical_certificate/medical_certificate_019.png,06_medical/06_medical_certificate/medical_certificate_019.png,06_medical/06_medical_certificate/medical_certificate_019__real_screenshot_compressed.png,screenshot_compressed,截图+转发压缩,无(纯数字),无,无,06_medical/06_medical_certificate/medical_certificate_019.png,true
06_medical/06_medical_certificate/medical_certificate_020,06_medical,06_medical_certificate,06_medical/06_medical_certificate/medical_certificate_020.json,06_medical/06_medical_certificate/medical_certificate_020.html,06_medical/06_medical_certificate/medical_certificate_020.png,06_medical/06_medical_certificate/medical_certificate_020.png,06_medical/06_medical_certificate/medical_certificate_020__real_phone_flat_normal_top.png,phone_flat_indoor_normal_top,手机拍纸质文档,平整,室内正常光,俯拍,06_medical/06_medical_certificate/medical_certificate_020.png,true
06_medical/07_imaging_report/imaging_report_001,06_medical,07_imaging_report,06_medical/07_imaging_report/imaging_report_001.json,06_medical/07_imaging_report/imaging_report_001.html,06_medical/07_imaging_report/imaging_report_001.png,06_medical/07_imaging_report/imaging_report_001.png,06_medical/07_imaging_report/imaging_report_001__real_phone_flat_normal_top.png,phone_flat_indoor_normal_top,手机拍纸质文档,平整,室内正常光,俯拍,06_medical/07_imaging_report/imaging_report_001.png,true
06_medical/07_imaging_report/imaging_report_002,06_medical,07_imaging_report,06_medical/07_imaging_report/imaging_report_002.json,06_medical/07_imaging_report/imaging_report_002.html,06_medical/07_imaging_report/imaging_report_002.png,06_medical/07_imaging_report/imaging_report_002.png,06_medical/07_imaging_report/imaging_report_002__real_screenshot_compressed.png,screenshot_compressed,截图+转发压缩,无(纯数字),无,无,06_medical/07_imaging_report/imaging_report_002.png,true
06_medical/07_imaging_report/imaging_report_003,06_medical,07_imaging_report,06_medical/07_imaging_report/imaging_report_003.json,06_medical/07_imaging_report/imaging_report_003.html,06_medical/07_imaging_report/imaging_report_003.png,06_medical/07_imaging_report/imaging_report_003.png,06_medical/07_imaging_report/imaging_report_003__real_phone_flat_normal_top.png,phone_flat_indoor_normal_top,手机拍纸质文档,平整,室内正常光,俯拍,06_medical/07_imaging_report/imaging_report_003.png,true
06_medical/07_imaging_report/imaging_report_004,06_medical,07_imaging_report,06_medical/07_imaging_report/imaging_report_004.json,06_medical/07_imaging_report/imaging_report_004.html,06_medical/07_imaging_report/imaging_report_004.png,06_medical/07_imaging_report/imaging_report_004.png,06_medical/07_imaging_report/imaging_report_004__real_phone_flat_normal_top.png,phone_flat_indoor_normal_top,手机拍纸质文档,平整,室内正常光,俯拍,06_medical/07_imaging_report/imaging_report_004.png,true
06_medical/07_imaging_report/imaging_report_005,06_medical,07_imaging_report,06_medical/07_imaging_report/imaging_report_005.json,06_medical/07_imaging_report/imaging_report_005.html,06_medical/07_imaging_report/imaging_report_005.png,06_medical/07_imaging_report/imaging_report_005.png,06_medical/07_imaging_report/imaging_report_005__real_phone_flat_normal_top.png,phone_flat_indoor_normal_top,手机拍纸质文档,平整,室内正常光,俯拍,06_medical/07_imaging_report/imaging_report_005.png,true
06_medical/07_imaging_report/imaging_report_006,06_medical,07_imaging_report,06_medical/07_imaging_report/imaging_report_006.json,06_medical/07_imaging_report/imaging_report_006.html,06_medical/07_imaging_report/imaging_report_006.png,06_medical/07_imaging_report/imaging_report_006.png,06_medical/07_imaging_report/imaging_report_006__real_screenshot_na_na_na.png,phone_flat_indoor_normal_top,手机拍纸质文档,平整,室内正常光,俯拍,06_medical/07_imaging_report/imaging_report_006.png,true
06_medical/07_imaging_report/imaging_report_007,06_medical,07_imaging_report,06_medical/07_imaging_report/imaging_report_007.json,06_medical/07_imaging_report/imaging_report_007.html,06_medical/07_imaging_report/imaging_report_007.png,06_medical/07_imaging_report/imaging_report_007.png,06_medical/07_imaging_report/imaging_report_007__real_screenshot_na_na_na.png,screenshot_compressed,截图+转发压缩,无(纯数字),无,无,06_medical/07_imaging_report/imaging_report_007.png,true
06_medical/07_imaging_report/imaging_report_008,06_medical,07_imaging_report,06_medical/07_imaging_report/imaging_report_008.json,06_medical/07_imaging_report/imaging_report_008.html,06_medical/07_imaging_report/imaging_report_008.png,06_medical/07_imaging_report/imaging_report_008.png,06_medical/07_imaging_report/imaging_report_008__real_phone_flat_normal_top.png,phone_flat_indoor_normal_top,手机拍纸质文档,平整,室内正常光,俯拍,06_medical/07_imaging_report/imaging_report_008.png,true
06_medical/07_imaging_report/imaging_report_009,06_medical,07_imaging_report,06_medical/07_imaging_report/imaging_report_009.json,06_medical/07_imaging_report/imaging_report_009.html,06_medical/07_imaging_report/imaging_report_009.png,06_medical/07_imaging_report/imaging_report_009.png,06_medical/07_imaging_report/imaging_report_009__real_phone_flat_normal_top.png,phone_flat_indoor_normal_top,手机拍纸质文档,平整,室内正常光,俯拍,06_medical/07_imaging_report/imaging_report_009.png,true
06_medical/07_imaging_report/imaging_report_010,06_medical,07_imaging_report,06_medical/07_imaging_report/imaging_report_010.json,06_medical/07_imaging_report/imaging_report_010.html,06_medical/07_imaging_report/imaging_report_010.png,06_medical/07_imaging_report/imaging_report_010.png,06_medical/07_imaging_report/imaging_report_010__real_phone_flat_normal_top.png,phone_flat_indoor_normal_top,手机拍纸质文档,平整,室内正常光,俯拍,06_medical/07_imaging_report/imaging_report_010.png,true
06_medical/07_imaging_report/imaging_report_011,06_medical,07_imaging_report,06_medical/07_imaging_report/imaging_report_011.json,06_medical/07_imaging_report/imaging_report_011.html,06_medical/07_imaging_report/imaging_report_011.png,06_medical/07_imaging_report/imaging_report_011.png,06_medical/07_imaging_report/imaging_report_011__real_phone_flat_normal_top.png,phone_flat_indoor_normal_top,手机拍纸质文档,平整,室内正常光,俯拍,06_medical/07_imaging_report/imaging_report_011.png,true
06_medical/07_imaging_report/imaging_report_012,06_medical,07_imaging_report,06_medical/07_imaging_report/imaging_report_012.json,06_medical/07_imaging_report/imaging_report_012.html,06_medical/07_imaging_report/imaging_report_012.png,06_medical/07_imaging_report/imaging_report_012.png,06_medical/07_imaging_report/imaging_report_012__real_phone_flat_normal_top.png,phone_flat_indoor_normal_top,手机拍纸质文档,平整,室内正常光,俯拍,06_medical/07_imaging_report/imaging_report_012.png,true
06_medical/07_imaging_report/imaging_report_013,06_medical,07_imaging_report,06_medical/07_imaging_report/imaging_report_013.json,06_medical/07_imaging_report/imaging_report_013.html,06_medical/07_imaging_report/imaging_report_013.png,06_medical/07_imaging_report/imaging_report_013.png,06_medical/07_imaging_report/imaging_report_013__real_phone_flat_normal_top.png,phone_flat_indoor_normal_top,手机拍纸质文档,平整,室内正常光,俯拍,06_medical/07_imaging_report/imaging_report_013.png,true
06_medical/07_imaging_report/imaging_report_014,06_medical,07_imaging_report,06_medical/07_imaging_report/imaging_report_014.json,06_medical/07_imaging_report/imaging_report_014.html,06_medical/07_imaging_report/imaging_report_014.png,06_medical/07_imaging_report/imaging_report_014.png,06_medical/07_imaging_report/imaging_report_014__real_screenshot_na_na_na.png,screenshot_compressed,截图+转发压缩,无(纯数字),无,无,06_medical/07_imaging_report/imaging_report_014.png,true
06_medical/07_imaging_report/imaging_report_015,06_medical,07_imaging_report,06_medical/07_imaging_report/imaging_report_015.json,06_medical/07_imaging_report/imaging_report_015.html,06_medical/07_imaging_report/imaging_report_015.png,06_medical/07_imaging_report/imaging_report_015.png,06_medical/07_imaging_report/imaging_report_015__real_phone_flat_normal_top.png,phone_flat_indoor_normal_top,手机拍纸质文档,平整,室内正常光,俯拍,06_medical/07_imaging_report/imaging_report_015.png,true
06_medical/07_imaging_report/imaging_report_016,06_medical,07_imaging_report,06_medical/07_imaging_report/imaging_report_016.json,06_medical/07_imaging_report/imaging_report_016.html,06_medical/07_imaging_report/imaging_report_016.png,06_medical/07_imaging_report/imaging_report_016.png,06_medical/07_imaging_report/imaging_report_016__real_phone_flat_normal_top.png,phone_flat_indoor_normal_top,手机拍纸质文档,平整,室内正常光,俯拍,06_medical/07_imaging_report/imaging_report_016.png,true
06_medical/07_imaging_report/imaging_report_017,06_medical,07_imaging_report,06_medical/07_imaging_report/imaging_report_017.json,06_medical/07_imaging_report/imaging_report_017.html,06_medical/07_imaging_report/imaging_report_017.png,06_medical/07_imaging_report/imaging_report_017.png,06_medical/07_imaging_report/imaging_report_017__real_phone_flat_normal_top.png,phone_flat_indoor_normal_top,手机拍纸质文档,平整,室内正常光,俯拍,06_medical/07_imaging_report/imaging_report_017.png,true
06_medical/07_imaging_report/imaging_report_018,06_medical,07_imaging_report,06_medical/07_imaging_report/imaging_report_018.json,06_medical/07_imaging_report/imaging_report_018.html,06_medical/07_imaging_report/imaging_report_018.png,06_medical/07_imaging_report/imaging_report_018.png,06_medical/07_imaging_report/imaging_report_018__real_screenshot_compressed.png,screenshot_compressed,截图+转发压缩,无(纯数字),无,无,06_medical/07_imaging_report/imaging_report_018.png,true
06_medical/07_imaging_report/imaging_report_019,06_medical,07_imaging_report,06_medical/07_imaging_report/imaging_report_019.json,06_medical/07_imaging_report/imaging_report_019.html,06_medical/07_imaging_report/imaging_report_019.png,06_medical/07_imaging_report/imaging_report_019.png,06_medical/07_imaging_report/imaging_report_019__real_phone_flat_normal_top.png,phone_flat_indoor_normal_top,手机拍纸质文档,平整,室内正常光,俯拍,06_medical/07_imaging_report/imaging_report_019.png,true
06_medical/07_imaging_report/imaging_report_020,06_medical,07_imaging_report,06_medical/07_imaging_report/imaging_report_020.json,06_medical/07_imaging_report/imaging_report_020.html,06_medical/07_imaging_report/imaging_report_020.png,06_medical/07_imaging_report/imaging_report_020.png,06_medical/07_imaging_report/imaging_report_020__real_phone_flat_normal_top.png,phone_flat_indoor_normal_top,手机拍纸质文档,平整,室内正常光,俯拍,06_medical/07_imaging_report/imaging_report_020.png,true
06_medical/08_surgical_record/surgical_record_001,06_medical,08_surgical_record,06_medical/08_surgical_record/surgical_record_001.json,06_medical/08_surgical_record/surgical_record_001.html,06_medical/08_surgical_record/surgical_record_001.png,06_medical/08_surgical_record/surgical_record_001.png,06_medical/08_surgical_record/surgical_record_001__real_screen_na_screen_screen.jpg,screen_photography,拍屏,无(屏幕显示),屏幕背光+室内光,手机对屏幕,06_medical/08_surgical_record/surgical_record_001.png,true
06_medical/08_surgical_record/surgical_record_002,06_medical,08_surgical_record,06_medical/08_surgical_record/surgical_record_002.json,06_medical/08_surgical_record/surgical_record_002.html,06_medical/08_surgical_record/surgical_record_002.png,06_medical/08_surgical_record/surgical_record_002.png,06_medical/08_surgical_record/surgical_record_002__real_phone_flat_normal_top.png,phone_flat_indoor_normal_top,手机拍纸质文档,平整,室内正常光,俯拍,06_medical/08_surgical_record/surgical_record_002.png,true
06_medical/08_surgical_record/surgical_record_003,06_medical,08_surgical_record,06_medical/08_surgical_record/surgical_record_003.json,06_medical/08_surgical_record/surgical_record_003.html,06_medical/08_surgical_record/surgical_record_003.png,06_medical/08_surgical_record/surgical_record_003.png,06_medical/08_surgical_record/surgical_record_003__real_screenshot_na_na_na.png,screenshot_compressed,截图+转发压缩,无(纯数字),无,无,06_medical/08_surgical_record/surgical_record_003.png,true
06_medical/08_surgical_record/surgical_record_004,06_medical,08_surgical_record,06_medical/08_surgical_record/surgical_record_004.json,06_medical/08_surgical_record/surgical_record_004.html,06_medical/08_surgical_record/surgical_record_004.png,06_medical/08_surgical_record/surgical_record_004.png,06_medical/08_surgical_record/surgical_record_004__real_phone_flat_normal_top.png,phone_flat_indoor_normal_top,手机拍纸质文档,平整,室内正常光,俯拍,06_medical/08_surgical_record/surgical_record_004.png,true
06_medical/08_surgical_record/surgical_record_005,06_medical,08_surgical_record,06_medical/08_surgical_record/surgical_record_005.json,06_medical/08_surgical_record/surgical_record_005.html,06_medical/08_surgical_record/surgical_record_005.png,06_medical/08_surgical_record/surgical_record_005.png,06_medical/08_surgical_record/surgical_record_005__real_screenshot_compressed.png,screenshot_compressed,截图+转发压缩,无(纯数字),无,无,06_medical/08_surgical_record/surgical_record_005.png,true
06_medical/08_surgical_record/surgical_record_006,06_medical,08_surgical_record,06_medical/08_surgical_record/surgical_record_006.json,06_medical/08_surgical_record/surgical_record_006.html,06_medical/08_surgical_record/surgical_record_006.png,06_medical/08_surgical_record/surgical_record_006.png,06_medical/08_surgical_record/surgical_record_006__real_phone_flat_normal_top.png,phone_flat_indoor_normal_top,手机拍纸质文档,平整,室内正常光,俯拍,06_medical/08_surgical_record/surgical_record_006.png,true
06_medical/08_surgical_record/surgical_record_007,06_medical,08_surgical_record,06_medical/08_surgical_record/surgical_record_007.json,06_medical/08_surgical_record/surgical_record_007.html,06_medical/08_surgical_record/surgical_record_007.png,06_medical/08_surgical_record/surgical_record_007.png,06_medical/08_surgical_record/surgical_record_007__real_screen_photography.png,screen_photography,拍屏,无(屏幕显示),屏幕背光+室内光,手机对屏幕,06_medical/08_surgical_record/surgical_record_007.png,true
06_medical/08_surgical_record/surgical_record_008,06_medical,08_surgical_record,06_medical/08_surgical_record/surgical_record_008.json,06_medical/08_surgical_record/surgical_record_008.html,06_medical/08_surgical_record/surgical_record_008.png,06_medical/08_surgical_record/surgical_record_008.png,06_medical/08_surgical_record/surgical_record_008__real_phone_flat_normal_top.png,phone_flat_indoor_normal_top,手机拍纸质文档,平整,室内正常光,俯拍,06_medical/08_surgical_record/surgical_record_008.png,true
06_medical/08_surgical_record/surgical_record_009,06_medical,08_surgical_record,06_medical/08_surgical_record/surgical_record_009.json,06_medical/08_surgical_record/surgical_record_009.html,06_medical/08_surgical_record/surgical_record_009.png,06_medical/08_surgical_record/surgical_record_009.png,06_medical/08_surgical_record/surgical_record_009__real_phone_flat_normal_top.png,phone_flat_indoor_normal_top,手机拍纸质文档,平整,室内正常光,俯拍,06_medical/08_surgical_record/surgical_record_009.png,true
06_medical/08_surgical_record/surgical_record_010,06_medical,08_surgical_record,06_medical/08_surgical_record/surgical_record_010.json,06_medical/08_surgical_record/surgical_record_010.html,06_medical/08_surgical_record/surgical_record_010.png,06_medical/08_surgical_record/surgical_record_010.png,06_medical/08_surgical_record/surgical_record_010__real_screen_photography.png,screen_photography,拍屏,无(屏幕显示),屏幕背光+室内光,手机对屏幕,06_medical/08_surgical_record/surgical_record_010.png,true
06_medical/08_surgical_record/surgical_record_011,06_medical,08_surgical_record,06_medical/08_surgical_record/surgical_record_011.json,06_medical/08_surgical_record/surgical_record_011.html,06_medical/08_surgical_record/surgical_record_011.png,06_medical/08_surgical_record/surgical_record_011.png,06_medical/08_surgical_record/surgical_record_011__real_phone_flat_normal_top.png,phone_flat_indoor_normal_top,手机拍纸质文档,平整,室内正常光,俯拍,06_medical/08_surgical_record/surgical_record_011.png,true
06_medical/08_surgical_record/surgical_record_012,06_medical,08_surgical_record,06_medical/08_surgical_record/surgical_record_012.json,06_medical/08_surgical_record/surgical_record_012.html,06_medical/08_surgical_record/surgical_record_012.png,06_medical/08_surgical_record/surgical_record_012.png,06_medical/08_surgical_record/surgical_record_012__real_phone_flat_normal_top.jpg,phone_flat_indoor_normal_top,手机拍纸质文档,平整,室内正常光,俯拍,06_medical/08_surgical_record/surgical_record_012.png,true
06_medical/08_surgical_record/surgical_record_013,06_medical,08_surgical_record,06_medical/08_surgical_record/surgical_record_013.json,06_medical/08_surgical_record/surgical_record_013.html,06_medical/08_surgical_record/surgical_record_013.png,06_medical/08_surgical_record/surgical_record_013.png,06_medical/08_surgical_record/surgical_record_013__real_phone_flat_flash_top.png,phone_flat_flash_top,手机拍纸质文档,平整,闪光灯,俯拍,06_medical/08_surgical_record/surgical_record_013.png,true
06_medical/08_surgical_record/surgical_record_014,06_medical,08_surgical_record,06_medical/08_surgical_record/surgical_record_014.json,06_medical/08_surgical_record/surgical_record_014.html,06_medical/08_surgical_record/surgical_record_014.png,06_medical/08_surgical_record/surgical_record_014.png,06_medical/08_surgical_record/surgical_record_014__real_screenshot_compressed.png,screenshot_compressed,截图+转发压缩,无(纯数字),无,无,06_medical/08_surgical_record/surgical_record_014.png,true
06_medical/08_surgical_record/surgical_record_015,06_medical,08_surgical_record,06_medical/08_surgical_record/surgical_record_015.json,06_medical/08_surgical_record/surgical_record_015.html,06_medical/08_surgical_record/surgical_record_015.png,06_medical/08_surgical_record/surgical_record_015.png,06_medical/08_surgical_record/surgical_record_015__real_phone_flat_normal_top.png,phone_flat_indoor_normal_top,手机拍纸质文档,平整,室内正常光,俯拍,06_medical/08_surgical_record/surgical_record_015.png,true
06_medical/08_surgical_record/surgical_record_016,06_medical,08_surgical_record,06_medical/08_surgical_record/surgical_record_016.json,06_medical/08_surgical_record/surgical_record_016.html,06_medical/08_surgical_record/surgical_record_016.png,06_medical/08_surgical_record/surgical_record_016.png,06_medical/08_surgical_record/surgical_record_016__real_phone_flat_normal_top.png,phone_flat_indoor_normal_top,手机拍纸质文档,平整,室内正常光,俯拍,06_medical/08_surgical_record/surgical_record_016.png,true
06_medical/08_surgical_record/surgical_record_017,06_medical,08_surgical_record,06_medical/08_surgical_record/surgical_record_017.json,06_medical/08_surgical_record/surgical_record_017.html,06_medical/08_surgical_record/surgical_record_017.png,06_medical/08_surgical_record/surgical_record_017.png,06_medical/08_surgical_record/surgical_record_017__real_phone_flat_normal_top.png,phone_flat_indoor_normal_top,手机拍纸质文档,平整,室内正常光,俯拍,06_medical/08_surgical_record/surgical_record_017.png,true
06_medical/08_surgical_record/surgical_record_018,06_medical,08_surgical_record,06_medical/08_surgical_record/surgical_record_018.json,06_medical/08_surgical_record/surgical_record_018.html,06_medical/08_surgical_record/surgical_record_018.png,06_medical/08_surgical_record/surgical_record_018.png,06_medical/08_surgical_record/surgical_record_018__real_screenshot_compressed.png,screenshot_compressed,截图+转发压缩,无(纯数字),无,无,06_medical/08_surgical_record/surgical_record_018.png,true
06_medical/08_surgical_record/surgical_record_019,06_medical,08_surgical_record,06_medical/08_surgical_record/surgical_record_019.json,06_medical/08_surgical_record/surgical_record_019.html,06_medical/08_surgical_record/surgical_record_019.png,06_medical/08_surgical_record/surgical_record_019.png,06_medical/08_surgical_record/surgical_record_019__real_phone_flat_normal_top.png,phone_flat_indoor_normal_top,手机拍纸质文档,平整,室内正常光,俯拍,06_medical/08_surgical_record/surgical_record_019.png,true
06_medical/08_surgical_record/surgical_record_020,06_medical,08_surgical_record,06_medical/08_surgical_record/surgical_record_020.json,06_medical/08_surgical_record/surgical_record_020.html,06_medical/08_surgical_record/surgical_record_020.png,06_medical/08_surgical_record/surgical_record_020.png,06_medical/08_surgical_record/surgical_record_020__real_phone_flat_normal_top.png,phone_flat_indoor_normal_top,手机拍纸质文档,平整,室内正常光,俯拍,06_medical/08_surgical_record/surgical_record_020.png,true
06_medical/09_discharge_summary/discharge_summary_001,06_medical,09_discharge_summary,06_medical/09_discharge_summary/discharge_summary_001.json,06_medical/09_discharge_summary/discharge_summary_001.html,06_medical/09_discharge_summary/discharge_summary_001.png,06_medical/09_discharge_summary/discharge_summary_001.png,06_medical/09_discharge_summary/discharge_summary_001__real_phone_flat_normal_top.png,phone_flat_indoor_normal_top,手机拍纸质文档,平整,室内正常光,俯拍,06_medical/09_discharge_summary/discharge_summary_001.png,true
06_medical/09_discharge_summary/discharge_summary_002,06_medical,09_discharge_summary,06_medical/09_discharge_summary/discharge_summary_002.json,06_medical/09_discharge_summary/discharge_summary_002.html,06_medical/09_discharge_summary/discharge_summary_002.png,06_medical/09_discharge_summary/discharge_summary_002.png,06_medical/09_discharge_summary/discharge_summary_002__real_phone_photocopy.png,phone_photocopy,手机拍复印件,复印件,室内正常光,俯拍,06_medical/09_discharge_summary/discharge_summary_002.png,true
06_medical/09_discharge_summary/discharge_summary_003,06_medical,09_discharge_summary,06_medical/09_discharge_summary/discharge_summary_003.json,06_medical/09_discharge_summary/discharge_summary_003.html,06_medical/09_discharge_summary/discharge_summary_003.png,06_medical/09_discharge_summary/discharge_summary_003.png,06_medical/09_discharge_summary/discharge_summary_003__real_screen_na_screen_screen.png,screen_photography,拍屏,无(屏幕显示),屏幕背光+室内光,手机对屏幕,06_medical/09_discharge_summary/discharge_summary_003.png,true
06_medical/09_discharge_summary/discharge_summary_004,06_medical,09_discharge_summary,06_medical/09_discharge_summary/discharge_summary_004.json,06_medical/09_discharge_summary/discharge_summary_004.html,06_medical/09_discharge_summary/discharge_summary_004.png,06_medical/09_discharge_summary/discharge_summary_004.png,06_medical/09_discharge_summary/discharge_summary_004__real_phone_photocopy.png,phone_photocopy,手机拍复印件,复印件,室内正常光,俯拍,06_medical/09_discharge_summary/discharge_summary_004.png,true
06_medical/09_discharge_summary/discharge_summary_005,06_medical,09_discharge_summary,06_medical/09_discharge_summary/discharge_summary_005.json,06_medical/09_discharge_summary/discharge_summary_005.html,06_medical/09_discharge_summary/discharge_summary_005.png,06_medical/09_discharge_summary/discharge_summary_005.png,06_medical/09_discharge_summary/discharge_summary_005__real_screen_na_screen_screen.png,screen_photography,拍屏,无(屏幕显示),屏幕背光+室内光,手机对屏幕,06_medical/09_discharge_summary/discharge_summary_005.png,true
06_medical/09_discharge_summary/discharge_summary_006,06_medical,09_discharge_summary,06_medical/09_discharge_summary/discharge_summary_006.json,06_medical/09_discharge_summary/discharge_summary_006.html,06_medical/09_discharge_summary/discharge_summary_006.png,06_medical/09_discharge_summary/discharge_summary_006.png,06_medical/09_discharge_summary/discharge_summary_006__real_phone_photocopy_photocopy_normal_top.png,phone_photocopy,手机拍复印件,复印件,室内正常光,俯拍,06_medical/09_discharge_summary/discharge_summary_006.png,true
06_medical/09_discharge_summary/discharge_summary_007,06_medical,09_discharge_summary,06_medical/09_discharge_summary/discharge_summary_007.json,06_medical/09_discharge_summary/discharge_summary_007.html,06_medical/09_discharge_summary/discharge_summary_007.png,06_medical/09_discharge_summary/discharge_summary_007.png,06_medical/09_discharge_summary/discharge_summary_007__real_screenshot_na_na_na.png,screenshot_compressed,截图+转发压缩,无(纯数字),无,无,06_medical/09_discharge_summary/discharge_summary_007.png,true
06_medical/09_discharge_summary/discharge_summary_008,06_medical,09_discharge_summary,06_medical/09_discharge_summary/discharge_summary_008.json,06_medical/09_discharge_summary/discharge_summary_008.html,06_medical/09_discharge_summary/discharge_summary_008.png,06_medical/09_discharge_summary/discharge_summary_008.png,06_medical/09_discharge_summary/discharge_summary_008__real_phone_photocopy_photocopy_normal_top.png,phone_photocopy,手机拍复印件,复印件,室内正常光,俯拍,06_medical/09_discharge_summary/discharge_summary_008.png,true
06_medical/09_discharge_summary/discharge_summary_009,06_medical,09_discharge_summary,06_medical/09_discharge_summary/discharge_summary_009.json,06_medical/09_discharge_summary/discharge_summary_009.html,06_medical/09_discharge_summary/discharge_summary_009.png,06_medical/09_discharge_summary/discharge_summary_009.png,06_medical/09_discharge_summary/discharge_summary_009__real_screenshot_compressed.png,screenshot_compressed,截图+转发压缩,无(纯数字),无,无,06_medical/09_discharge_summary/discharge_summary_009.png,true
06_medical/09_discharge_summary/discharge_summary_010,06_medical,09_discharge_summary,06_medical/09_discharge_summary/discharge_summary_010.json,06_medical/09_discharge_summary/discharge_summary_010.html,06_medical/09_discharge_summary/discharge_summary_010.png,06_medical/09_discharge_summary/discharge_summary_010.png,06_medical/09_discharge_summary/discharge_summary_010__real_phone_photocopy_photocopy_normal_top.png,phone_photocopy,手机拍复印件,复印件,室内正常光,俯拍,06_medical/09_discharge_summary/discharge_summary_010.png,true
06_medical/09_discharge_summary/discharge_summary_011,06_medical,09_discharge_summary,06_medical/09_discharge_summary/discharge_summary_011.json,06_medical/09_discharge_summary/discharge_summary_011.html,06_medical/09_discharge_summary/discharge_summary_011.png,06_medical/09_discharge_summary/discharge_summary_011.png,06_medical/09_discharge_summary/discharge_summary_011__real_phone_flat_normal_top.jpg,phone_flat_indoor_normal_top,手机拍纸质文档,平整,室内正常光,俯拍,06_medical/09_discharge_summary/discharge_summary_011.png,true
06_medical/09_discharge_summary/discharge_summary_012,06_medical,09_discharge_summary,06_medical/09_discharge_summary/discharge_summary_012.json,06_medical/09_discharge_summary/discharge_summary_012.html,06_medical/09_discharge_summary/discharge_summary_012.png,06_medical/09_discharge_summary/discharge_summary_012.png,06_medical/09_discharge_summary/discharge_summary_012__real_phone_photocopy_photocopy_normal_top.jpg,phone_photocopy,手机拍复印件,复印件,室内正常光,俯拍,06_medical/09_discharge_summary/discharge_summary_012.png,true
06_medical/09_discharge_summary/discharge_summary_013,06_medical,09_discharge_summary,06_medical/09_discharge_summary/discharge_summary_013.json,06_medical/09_discharge_summary/discharge_summary_013.html,06_medical/09_discharge_summary/discharge_summary_013.png,06_medical/09_discharge_summary/discharge_summary_013.png,06_medical/09_discharge_summary/discharge_summary_013__real_phone_flat_normal_top.png,phone_flat_indoor_normal_top,手机拍纸质文档,平整,室内正常光,俯拍,06_medical/09_discharge_summary/discharge_summary_013.png,true
06_medical/09_discharge_summary/discharge_summary_014,06_medical,09_discharge_summary,06_medical/09_discharge_summary/discharge_summary_014.json,06_medical/09_discharge_summary/discharge_summary_014.html,06_medical/09_discharge_summary/discharge_summary_014.png,06_medical/09_discharge_summary/discharge_summary_014.png,06_medical/09_discharge_summary/discharge_summary_014__real_phone_photocopy_photocopy_normal_top.jpg,phone_photocopy,手机拍复印件,复印件,室内正常光,俯拍,06_medical/09_discharge_summary/discharge_summary_014.png,true
06_medical/09_discharge_summary/discharge_summary_015,06_medical,09_discharge_summary,06_medical/09_discharge_summary/discharge_summary_015.json,06_medical/09_discharge_summary/discharge_summary_015.html,06_medical/09_discharge_summary/discharge_summary_015.png,06_medical/09_discharge_summary/discharge_summary_015.png,06_medical/09_discharge_summary/discharge_summary_015__real_phone_flat_normal_top.png,phone_flat_indoor_normal_top,手机拍纸质文档,平整,室内正常光,俯拍,06_medical/09_discharge_summary/discharge_summary_015.png,true
06_medical/09_discharge_summary/discharge_summary_016,06_medical,09_discharge_summary,06_medical/09_discharge_summary/discharge_summary_016.json,06_medical/09_discharge_summary/discharge_summary_016.html,06_medical/09_discharge_summary/discharge_summary_016.png,06_medical/09_discharge_summary/discharge_summary_016.png,06_medical/09_discharge_summary/discharge_summary_016__real_screenshot_na_na_na.png,phone_photocopy,手机拍复印件,复印件,室内正常光,俯拍,06_medical/09_discharge_summary/discharge_summary_016.png,true
06_medical/09_discharge_summary/discharge_summary_017,06_medical,09_discharge_summary,06_medical/09_discharge_summary/discharge_summary_017.json,06_medical/09_discharge_summary/discharge_summary_017.html,06_medical/09_discharge_summary/discharge_summary_017.png,06_medical/09_discharge_summary/discharge_summary_017.png,06_medical/09_discharge_summary/discharge_summary_017__real_phone_flat_normal_top.png,phone_flat_indoor_normal_top,手机拍纸质文档,平整,室内正常光,俯拍,06_medical/09_discharge_summary/discharge_summary_017.png,true
06_medical/09_discharge_summary/discharge_summary_018,06_medical,09_discharge_summary,06_medical/09_discharge_summary/discharge_summary_018.json,06_medical/09_discharge_summary/discharge_summary_018.html,06_medical/09_discharge_summary/discharge_summary_018.png,06_medical/09_discharge_summary/discharge_summary_018.png,06_medical/09_discharge_summary/discharge_summary_018__real_phone_photocopy.png,phone_photocopy,手机拍复印件,复印件,室内正常光,俯拍,06_medical/09_discharge_summary/discharge_summary_018.png,true
06_medical/09_discharge_summary/discharge_summary_019,06_medical,09_discharge_summary,06_medical/09_discharge_summary/discharge_summary_019.json,06_medical/09_discharge_summary/discharge_summary_019.html,06_medical/09_discharge_summary/discharge_summary_019.png,06_medical/09_discharge_summary/discharge_summary_019.png,06_medical/09_discharge_summary/discharge_summary_019__real_phone_flat_normal_top.png,phone_flat_indoor_normal_top,手机拍纸质文档,平整,室内正常光,俯拍,06_medical/09_discharge_summary/discharge_summary_019.png,true
06_medical/09_discharge_summary/discharge_summary_020,06_medical,09_discharge_summary,06_medical/09_discharge_summary/discharge_summary_020.json,06_medical/09_discharge_summary/discharge_summary_020.html,06_medical/09_discharge_summary/discharge_summary_020.png,06_medical/09_discharge_summary/discharge_summary_020.png,06_medical/09_discharge_summary/discharge_summary_020__real_phone_photocopy.png,phone_photocopy,手机拍复印件,复印件,室内正常光,俯拍,06_medical/09_discharge_summary/discharge_summary_020.png,true
06_medical/10_drug_instruction/drug_instruction_001,06_medical,10_drug_instruction,06_medical/10_drug_instruction/drug_instruction_001.json,06_medical/10_drug_instruction/drug_instruction_001.html,06_medical/10_drug_instruction/drug_instruction_001.png,06_medical/10_drug_instruction/drug_instruction_001.png,06_medical/10_drug_instruction/drug_instruction_001__real_phone_creased_normal_top.png,phone_creased_indoor_normal_top,手机拍纸质文档,折痕/褶皱,室内正常光,俯拍,06_medical/10_drug_instruction/drug_instruction_001.png,true
06_medical/10_drug_instruction/drug_instruction_002,06_medical,10_drug_instruction,06_medical/10_drug_instruction/drug_instruction_002.json,06_medical/10_drug_instruction/drug_instruction_002.html,06_medical/10_drug_instruction/drug_instruction_002.png,06_medical/10_drug_instruction/drug_instruction_002.png,06_medical/10_drug_instruction/drug_instruction_002__real_screenshot_na_na_na.png,phone_flat_indoor_normal_oblique,手机拍纸质文档,平整,室内正常光,斜拍(30-45度),06_medical/10_drug_instruction/drug_instruction_002.png,true
06_medical/10_drug_instruction/drug_instruction_003,06_medical,10_drug_instruction,06_medical/10_drug_instruction/drug_instruction_003.json,06_medical/10_drug_instruction/drug_instruction_003.html,06_medical/10_drug_instruction/drug_instruction_003.png,06_medical/10_drug_instruction/drug_instruction_003.png,06_medical/10_drug_instruction/drug_instruction_003__real_phone_creased_normal_top.jpg,phone_creased_indoor_normal_top,手机拍纸质文档,折痕/褶皱,室内正常光,俯拍,06_medical/10_drug_instruction/drug_instruction_003.png,true
06_medical/10_drug_instruction/drug_instruction_004,06_medical,10_drug_instruction,06_medical/10_drug_instruction/drug_instruction_004.json,06_medical/10_drug_instruction/drug_instruction_004.html,06_medical/10_drug_instruction/drug_instruction_004.png,06_medical/10_drug_instruction/drug_instruction_004.png,06_medical/10_drug_instruction/drug_instruction_004__real_phone_flat_normal_oblique.png,phone_flat_indoor_normal_oblique,手机拍纸质文档,平整,室内正常光,斜拍(30-45度),06_medical/10_drug_instruction/drug_instruction_004.png,true
06_medical/10_drug_instruction/drug_instruction_005,06_medical,10_drug_instruction,06_medical/10_drug_instruction/drug_instruction_005.json,06_medical/10_drug_instruction/drug_instruction_005.html,06_medical/10_drug_instruction/drug_instruction_005.png,06_medical/10_drug_instruction/drug_instruction_005.png,06_medical/10_drug_instruction/drug_instruction_005__real_phone_creased_normal_top.png,phone_creased_indoor_normal_top,手机拍纸质文档,折痕/褶皱,室内正常光,俯拍,06_medical/10_drug_instruction/drug_instruction_005.png,true
06_medical/10_drug_instruction/drug_instruction_006,06_medical,10_drug_instruction,06_medical/10_drug_instruction/drug_instruction_006.json,06_medical/10_drug_instruction/drug_instruction_006.html,06_medical/10_drug_instruction/drug_instruction_006.png,06_medical/10_drug_instruction/drug_instruction_006.png,06_medical/10_drug_instruction/drug_instruction_006__real_phone_flat_normal_oblique.png,phone_flat_indoor_normal_oblique,手机拍纸质文档,平整,室内正常光,斜拍(30-45度),06_medical/10_drug_instruction/drug_instruction_006.png,true
06_medical/10_drug_instruction/drug_instruction_007,06_medical,10_drug_instruction,06_medical/10_drug_instruction/drug_instruction_007.json,06_medical/10_drug_instruction/drug_instruction_007.html,06_medical/10_drug_instruction/drug_instruction_007.png,06_medical/10_drug_instruction/drug_instruction_007.png,06_medical/10_drug_instruction/drug_instruction_007__real_phone_creased_normal_top.png,phone_creased_indoor_normal_top,手机拍纸质文档,折痕/褶皱,室内正常光,俯拍,06_medical/10_drug_instruction/drug_instruction_007.png,true
06_medical/10_drug_instruction/drug_instruction_008,06_medical,10_drug_instruction,06_medical/10_drug_instruction/drug_instruction_008.json,06_medical/10_drug_instruction/drug_instruction_008.html,06_medical/10_drug_instruction/drug_instruction_008.png,06_medical/10_drug_instruction/drug_instruction_008.png,06_medical/10_drug_instruction/drug_instruction_008__real_phone_flat_normal_oblique.png,phone_flat_indoor_normal_oblique,手机拍纸质文档,平整,室内正常光,斜拍(30-45度),06_medical/10_drug_instruction/drug_instruction_008.png,true
06_medical/10_drug_instruction/drug_instruction_009,06_medical,10_drug_instruction,06_medical/10_drug_instruction/drug_instruction_009.json,06_medical/10_drug_instruction/drug_instruction_009.html,06_medical/10_drug_instruction/drug_instruction_009.png,06_medical/10_drug_instruction/drug_instruction_009.png,06_medical/10_drug_instruction/drug_instruction_009__real_phone_creased_flash_top.png,phone_creased_flash_top,手机拍纸质文档,折痕/褶皱,闪光灯,俯拍,06_medical/10_drug_instruction/drug_instruction_009.png,true
06_medical/10_drug_instruction/drug_instruction_010,06_medical,10_drug_instruction,06_medical/10_drug_instruction/drug_instruction_010.json,06_medical/10_drug_instruction/drug_instruction_010.html,06_medical/10_drug_instruction/drug_instruction_010.png,06_medical/10_drug_instruction/drug_instruction_010.png,06_medical/10_drug_instruction/drug_instruction_010__real_phone_flat_normal_oblique.png,phone_flat_indoor_normal_oblique,手机拍纸质文档,平整,室内正常光,斜拍(30-45度),06_medical/10_drug_instruction/drug_instruction_010.png,true
06_medical/10_drug_instruction/drug_instruction_011,06_medical,10_drug_instruction,06_medical/10_drug_instruction/drug_instruction_011.json,06_medical/10_drug_instruction/drug_instruction_011.html,06_medical/10_drug_instruction/drug_instruction_011.png,06_medical/10_drug_instruction/drug_instruction_011.png,06_medical/10_drug_instruction/drug_instruction_011__real_phone_creased_normal_top.png,phone_creased_indoor_normal_top,手机拍纸质文档,折痕/褶皱,室内正常光,俯拍,06_medical/10_drug_instruction/drug_instruction_011.png,true
06_medical/10_drug_instruction/drug_instruction_012,06_medical,10_drug_instruction,06_medical/10_drug_instruction/drug_instruction_012.json,06_medical/10_drug_instruction/drug_instruction_012.html,06_medical/10_drug_instruction/drug_instruction_012.png,06_medical/10_drug_instruction/drug_instruction_012.png,06_medical/10_drug_instruction/drug_instruction_012__real_phone_flat_normal_oblique.png,phone_flat_indoor_normal_oblique,手机拍纸质文档,平整,室内正常光,斜拍(30-45度),06_medical/10_drug_instruction/drug_instruction_012.png,true
06_medical/10_drug_instruction/drug_instruction_013,06_medical,10_drug_instruction,06_medical/10_drug_instruction/drug_instruction_013.json,06_medical/10_drug_instruction/drug_instruction_013.html,06_medical/10_drug_instruction/drug_instruction_013.png,06_medical/10_drug_instruction/drug_instruction_013.png,06_medical/10_drug_instruction/drug_instruction_013__real_phone_creased_normal_top.png,phone_creased_indoor_normal_top,手机拍纸质文档,折痕/褶皱,室内正常光,俯拍,06_medical/10_drug_instruction/drug_instruction_013.png,true
06_medical/10_drug_instruction/drug_instruction_014,06_medical,10_drug_instruction,06_medical/10_drug_instruction/drug_instruction_014.json,06_medical/10_drug_instruction/drug_instruction_014.html,06_medical/10_drug_instruction/drug_instruction_014.png,06_medical/10_drug_instruction/drug_instruction_014.png,06_medical/10_drug_instruction/drug_instruction_014__real_phone_flat_normal_oblique.png,phone_flat_indoor_normal_oblique,手机拍纸质文档,平整,室内正常光,斜拍(30-45度),06_medical/10_drug_instruction/drug_instruction_014.png,true
06_medical/10_drug_instruction/drug_instruction_015,06_medical,10_drug_instruction,06_medical/10_drug_instruction/drug_instruction_015.json,06_medical/10_drug_instruction/drug_instruction_015.html,06_medical/10_drug_instruction/drug_instruction_015.png,06_medical/10_drug_instruction/drug_instruction_015.png,06_medical/10_drug_instruction/drug_instruction_015__real_phone_creased_normal_top.png,phone_creased_indoor_normal_top,手机拍纸质文档,折痕/褶皱,室内正常光,俯拍,06_medical/10_drug_instruction/drug_instruction_015.png,true
06_medical/10_drug_instruction/drug_instruction_016,06_medical,10_drug_instruction,06_medical/10_drug_instruction/drug_instruction_016.json,06_medical/10_drug_instruction/drug_instruction_016.html,06_medical/10_drug_instruction/drug_instruction_016.png,06_medical/10_drug_instruction/drug_instruction_016.png,06_medical/10_drug_instruction/drug_instruction_016__real_phone_flat_normal_oblique.jpg,phone_flat_indoor_normal_oblique,手机拍纸质文档,平整,室内正常光,斜拍(30-45度),06_medical/10_drug_instruction/drug_instruction_016.png,true
06_medical/10_drug_instruction/drug_instruction_017,06_medical,10_drug_instruction,06_medical/10_drug_instruction/drug_instruction_017.json,06_medical/10_drug_instruction/drug_instruction_017.html,06_medical/10_drug_instruction/drug_instruction_017.png,06_medical/10_drug_instruction/drug_instruction_017.png,06_medical/10_drug_instruction/drug_instruction_017__real_phone_creased_normal_top.png,phone_creased_indoor_normal_top,手机拍纸质文档,折痕/褶皱,室内正常光,俯拍,06_medical/10_drug_instruction/drug_instruction_017.png,true
06_medical/10_drug_instruction/drug_instruction_018,06_medical,10_drug_instruction,06_medical/10_drug_instruction/drug_instruction_018.json,06_medical/10_drug_instruction/drug_instruction_018.html,06_medical/10_drug_instruction/drug_instruction_018.png,06_medical/10_drug_instruction/drug_instruction_018.png,06_medical/10_drug_instruction/drug_instruction_018__real_phone_flat_normal_oblique.jpg,phone_flat_indoor_normal_oblique,手机拍纸质文档,平整,室内正常光,斜拍(30-45度),06_medical/10_drug_instruction/drug_instruction_018.png,true
06_medical/10_drug_instruction/drug_instruction_019,06_medical,10_drug_instruction,06_medical/10_drug_instruction/drug_instruction_019.json,06_medical/10_drug_instruction/drug_instruction_019.html,06_medical/10_drug_instruction/drug_instruction_019.png,06_medical/10_drug_instruction/drug_instruction_019.png,06_medical/10_drug_instruction/drug_instruction_019__real_phone_creased_normal_top.png,phone_creased_indoor_normal_top,手机拍纸质文档,折痕/褶皱,室内正常光,俯拍,06_medical/10_drug_instruction/drug_instruction_019.png,true
06_medical/10_drug_instruction/drug_instruction_020,06_medical,10_drug_instruction,06_medical/10_drug_instruction/drug_instruction_020.json,06_medical/10_drug_instruction/drug_instruction_020.html,06_medical/10_drug_instruction/drug_instruction_020.png,06_medical/10_drug_instruction/drug_instruction_020.png,06_medical/10_drug_instruction/drug_instruction_020__real_phone_flat_normal_oblique.png,phone_flat_indoor_normal_oblique,手机拍纸质文档,平整,室内正常光,斜拍(30-45度),06_medical/10_drug_instruction/drug_instruction_020.png,true
07_publishing/01_newspaper/newspaper_001_财经日报头版,07_publishing,01_newspaper,07_publishing/01_newspaper/newspaper_001_财经日报头版.json,07_publishing/01_newspaper/newspaper_001_财经日报头版.html,07_publishing/01_newspaper/newspaper_001_财经日报头版.png,07_publishing/01_newspaper/newspaper_001_财经日报头版.png,07_publishing/01_newspaper/newspaper_001_财经日报头版__real_phone_creased_normal_top.jpg,phone_creased_indoor_normal_top,手机拍纸质文档,折痕/褶皱,室内正常光,俯拍,07_publishing/01_newspaper/newspaper_001_财经日报头版.png,true
07_publishing/01_newspaper/newspaper_002_Financial_Times_EN,07_publishing,01_newspaper,07_publishing/01_newspaper/newspaper_002_Financial_Times_EN.json,07_publishing/01_newspaper/newspaper_002_Financial_Times_EN.html,07_publishing/01_newspaper/newspaper_002_Financial_Times_EN.png,07_publishing/01_newspaper/newspaper_002_Financial_Times_EN.png,07_publishing/01_newspaper/newspaper_002_Financial_Times_EN__real_phone_creased_outdoor_top.jpg,phone_creased_outdoor_top,手机拍纸质文档,折痕/褶皱,室外自然光,俯拍,07_publishing/01_newspaper/newspaper_002_Financial_Times_EN.png,true
07_publishing/01_newspaper/newspaper_003_经济导报,07_publishing,01_newspaper,07_publishing/01_newspaper/newspaper_003_经济导报.json,07_publishing/01_newspaper/newspaper_003_经济导报.html,07_publishing/01_newspaper/newspaper_003_经济导报.png,07_publishing/01_newspaper/newspaper_003_经济导报.png,07_publishing/01_newspaper/newspaper_003_经济导报__real_phone_creased_normal_top.png,phone_creased_indoor_normal_top,手机拍纸质文档,折痕/褶皱,室内正常光,俯拍,07_publishing/01_newspaper/newspaper_003_经济导报.png,true
07_publishing/01_newspaper/newspaper_004_环球时报,07_publishing,01_newspaper,07_publishing/01_newspaper/newspaper_004_环球时报.json,07_publishing/01_newspaper/newspaper_004_环球时报.html,07_publishing/01_newspaper/newspaper_004_环球时报.png,07_publishing/01_newspaper/newspaper_004_环球时报.png,07_publishing/01_newspaper/newspaper_004_环球时报__real_phone_creased_outdoor_top.png,phone_creased_outdoor_top,手机拍纸质文档,折痕/褶皱,室外自然光,俯拍,07_publishing/01_newspaper/newspaper_004_环球时报.png,true
07_publishing/01_newspaper/newspaper_005_Tech_Weekly_EN,07_publishing,01_newspaper,07_publishing/01_newspaper/newspaper_005_Tech_Weekly_EN.json,07_publishing/01_newspaper/newspaper_005_Tech_Weekly_EN.html,07_publishing/01_newspaper/newspaper_005_Tech_Weekly_EN.png,07_publishing/01_newspaper/newspaper_005_Tech_Weekly_EN.png,07_publishing/01_newspaper/newspaper_005_Tech_Weekly_EN__real_phone_creased_normal_top.png,phone_creased_indoor_normal_top,手机拍纸质文档,折痕/褶皱,室内正常光,俯拍,07_publishing/01_newspaper/newspaper_005_Tech_Weekly_EN.png,true
07_publishing/01_newspaper/newspaper_006_科技商报,07_publishing,01_newspaper,07_publishing/01_newspaper/newspaper_006_科技商报.json,07_publishing/01_newspaper/newspaper_006_科技商报.html,07_publishing/01_newspaper/newspaper_006_科技商报.png,07_publishing/01_newspaper/newspaper_006_科技商报.png,07_publishing/01_newspaper/newspaper_006_科技商报__real_phone_creased_outdoor_top.png,phone_creased_outdoor_top,手机拍纸质文档,折痕/褶皱,室外自然光,俯拍,07_publishing/01_newspaper/newspaper_006_科技商报.png,true
07_publishing/01_newspaper/newspaper_007_The_Guardian_EN,07_publishing,01_newspaper,07_publishing/01_newspaper/newspaper_007_The_Guardian_EN.json,07_publishing/01_newspaper/newspaper_007_The_Guardian_EN.html,07_publishing/01_newspaper/newspaper_007_The_Guardian_EN.png,07_publishing/01_newspaper/newspaper_007_The_Guardian_EN.png,07_publishing/01_newspaper/newspaper_007_The_Guardian_EN__real_phone_creased_normal_top.png,phone_creased_indoor_normal_top,手机拍纸质文档,折痕/褶皱,室内正常光,俯拍,07_publishing/01_newspaper/newspaper_007_The_Guardian_EN.png,true
07_publishing/01_newspaper/newspaper_008_China_Daily_EN,07_publishing,01_newspaper,07_publishing/01_newspaper/newspaper_008_China_Daily_EN.json,07_publishing/01_newspaper/newspaper_008_China_Daily_EN.html,07_publishing/01_newspaper/newspaper_008_China_Daily_EN.png,07_publishing/01_newspaper/newspaper_008_China_Daily_EN.png,07_publishing/01_newspaper/newspaper_008_China_Daily_EN__real_phone_creased_outdoor_top.jpg,phone_creased_outdoor_top,手机拍纸质文档,折痕/褶皱,室外自然光,俯拍,07_publishing/01_newspaper/newspaper_008_China_Daily_EN.png,true
07_publishing/01_newspaper/newspaper_009_南方周末,07_publishing,01_newspaper,07_publishing/01_newspaper/newspaper_009_南方周末.json,07_publishing/01_newspaper/newspaper_009_南方周末.html,07_publishing/01_newspaper/newspaper_009_南方周末.png,07_publishing/01_newspaper/newspaper_009_南方周末.png,07_publishing/01_newspaper/newspaper_009_南方周末__real_phone_creased_normal_top.png,phone_creased_indoor_normal_top,手机拍纸质文档,折痕/褶皱,室内正常光,俯拍,07_publishing/01_newspaper/newspaper_009_南方周末.png,true
07_publishing/01_newspaper/newspaper_010_体育版面,07_publishing,01_newspaper,07_publishing/01_newspaper/newspaper_010_体育版面.json,07_publishing/01_newspaper/newspaper_010_体育版面.html,07_publishing/01_newspaper/newspaper_010_体育版面.png,07_publishing/01_newspaper/newspaper_010_体育版面.png,07_publishing/01_newspaper/newspaper_010_体育版面__real_phone_creased_outdoor_top.png,phone_creased_outdoor_top,手机拍纸质文档,折痕/褶皱,室外自然光,俯拍,07_publishing/01_newspaper/newspaper_010_体育版面.png,true
07_publishing/01_newspaper/newspaper_011_Financial_Chronicle,07_publishing,01_newspaper,07_publishing/01_newspaper/newspaper_011_Financial_Chronicle.json,07_publishing/01_newspaper/newspaper_011_Financial_Chronicle.html,07_publishing/01_newspaper/newspaper_011_Financial_Chronicle.png,07_publishing/01_newspaper/newspaper_011_Financial_Chronicle.png,07_publishing/01_newspaper/newspaper_011_Financial_Chronicle__real_phone_creased_normal_top.png,phone_creased_indoor_normal_top,手机拍纸质文档,折痕/褶皱,室内正常光,俯拍,07_publishing/01_newspaper/newspaper_011_Financial_Chronicle.png,true
07_publishing/01_newspaper/newspaper_012_NYT_FrontPage_EN,07_publishing,01_newspaper,07_publishing/01_newspaper/newspaper_012_NYT_FrontPage_EN.json,07_publishing/01_newspaper/newspaper_012_NYT_FrontPage_EN.html,07_publishing/01_newspaper/newspaper_012_NYT_FrontPage_EN.png,07_publishing/01_newspaper/newspaper_012_NYT_FrontPage_EN.png,07_publishing/01_newspaper/newspaper_012_NYT_FrontPage_EN__real_phone_creased_outdoor_top.png,phone_creased_outdoor_top,手机拍纸质文档,折痕/褶皱,室外自然光,俯拍,07_publishing/01_newspaper/newspaper_012_NYT_FrontPage_EN.png,true
07_publishing/01_newspaper/newspaper_013_都市晚报,07_publishing,01_newspaper,07_publishing/01_newspaper/newspaper_013_都市晚报.json,07_publishing/01_newspaper/newspaper_013_都市晚报.html,07_publishing/01_newspaper/newspaper_013_都市晚报.png,07_publishing/01_newspaper/newspaper_013_都市晚报.png,07_publishing/01_newspaper/newspaper_013_都市晚报__real_phone_creased_normal_top.jpg,phone_creased_indoor_normal_top,手机拍纸质文档,折痕/褶皱,室内正常光,俯拍,07_publishing/01_newspaper/newspaper_013_都市晚报.png,true
07_publishing/01_newspaper/newspaper_014_Guardian_Sports_EN,07_publishing,01_newspaper,07_publishing/01_newspaper/newspaper_014_Guardian_Sports_EN.json,07_publishing/01_newspaper/newspaper_014_Guardian_Sports_EN.html,07_publishing/01_newspaper/newspaper_014_Guardian_Sports_EN.png,07_publishing/01_newspaper/newspaper_014_Guardian_Sports_EN.png,07_publishing/01_newspaper/newspaper_014_Guardian_Sports_EN__real_phone_creased_outdoor_top.png,phone_creased_outdoor_top,手机拍纸质文档,折痕/褶皱,室外自然光,俯拍,07_publishing/01_newspaper/newspaper_014_Guardian_Sports_EN.png,true
07_publishing/01_newspaper/newspaper_015_中国经济日报,07_publishing,01_newspaper,07_publishing/01_newspaper/newspaper_015_中国经济日报.json,07_publishing/01_newspaper/newspaper_015_中国经济日报.html,07_publishing/01_newspaper/newspaper_015_中国经济日报.png,07_publishing/01_newspaper/newspaper_015_中国经济日报.png,07_publishing/01_newspaper/newspaper_015_中国经济日报__real_phone_creased_normal_top.png,phone_creased_indoor_normal_top,手机拍纸质文档,折痕/褶皱,室内正常光,俯拍,07_publishing/01_newspaper/newspaper_015_中国经济日报.png,true
07_publishing/01_newspaper/newspaper_016_人民日报_政治版,07_publishing,01_newspaper,07_publishing/01_newspaper/newspaper_016_人民日报_政治版.json,07_publishing/01_newspaper/newspaper_016_人民日报_政治版.html,07_publishing/01_newspaper/newspaper_016_人民日报_政治版.png,07_publishing/01_newspaper/newspaper_016_人民日报_政治版.png,07_publishing/01_newspaper/newspaper_016_人民日报_政治版__real_phone_creased_outdoor_top.png,phone_creased_outdoor_top,手机拍纸质文档,折痕/褶皱,室外自然光,俯拍,07_publishing/01_newspaper/newspaper_016_人民日报_政治版.png,true
07_publishing/01_newspaper/newspaper_017_体育周报,07_publishing,01_newspaper,07_publishing/01_newspaper/newspaper_017_体育周报.json,07_publishing/01_newspaper/newspaper_017_体育周报.html,07_publishing/01_newspaper/newspaper_017_体育周报.png,07_publishing/01_newspaper/newspaper_017_体育周报.png,07_publishing/01_newspaper/newspaper_017_体育周报__real_phone_creased_normal_top.png,phone_creased_indoor_normal_top,手机拍纸质文档,折痕/褶皱,室内正常光,俯拍,07_publishing/01_newspaper/newspaper_017_体育周报.png,true
07_publishing/01_newspaper/newspaper_018_Washington_Post_EN,07_publishing,01_newspaper,07_publishing/01_newspaper/newspaper_018_Washington_Post_EN.json,07_publishing/01_newspaper/newspaper_018_Washington_Post_EN.html,07_publishing/01_newspaper/newspaper_018_Washington_Post_EN.png,07_publishing/01_newspaper/newspaper_018_Washington_Post_EN.png,07_publishing/01_newspaper/newspaper_018_Washington_Post_EN__real_phone_creased_outdoor_top.png,phone_creased_outdoor_top,手机拍纸质文档,折痕/褶皱,室外自然光,俯拍,07_publishing/01_newspaper/newspaper_018_Washington_Post_EN.png,true
07_publishing/01_newspaper/newspaper_019_Global_Tribune,07_publishing,01_newspaper,07_publishing/01_newspaper/newspaper_019_Global_Tribune.json,07_publishing/01_newspaper/newspaper_019_Global_Tribune.html,07_publishing/01_newspaper/newspaper_019_Global_Tribune.png,07_publishing/01_newspaper/newspaper_019_Global_Tribune.png,07_publishing/01_newspaper/newspaper_019_Global_Tribune__real_phone_creased_normal_top.jpg,phone_creased_indoor_normal_top,手机拍纸质文档,折痕/褶皱,室内正常光,俯拍,07_publishing/01_newspaper/newspaper_019_Global_Tribune.png,true
07_publishing/01_newspaper/newspaper_020_文化副刊,07_publishing,01_newspaper,07_publishing/01_newspaper/newspaper_020_文化副刊.json,07_publishing/01_newspaper/newspaper_020_文化副刊.html,07_publishing/01_newspaper/newspaper_020_文化副刊.png,07_publishing/01_newspaper/newspaper_020_文化副刊.png,07_publishing/01_newspaper/newspaper_020_文化副刊__real_phone_creased_outdoor_top.png,phone_creased_outdoor_top,手机拍纸质文档,折痕/褶皱,室外自然光,俯拍,07_publishing/01_newspaper/newspaper_020_文化副刊.png,true
07_publishing/02_magazine/magazine_001_人工智能专题,07_publishing,02_magazine,07_publishing/02_magazine/magazine_001_人工智能专题.json,07_publishing/02_magazine/magazine_001_人工智能专题.html,07_publishing/02_magazine/magazine_001_人工智能专题.png,07_publishing/02_magazine/magazine_001_人工智能专题.png,07_publishing/02_magazine/magazine_001_人工智能专题__real_phone_bent_normal_oblique.jpg,phone_bent_indoor_normal_oblique,手机拍纸质文档,弯折(不压平),室内正常光,斜拍(30-45度),07_publishing/02_magazine/magazine_001_人工智能专题.png,true
07_publishing/02_magazine/magazine_002_科技杂志_Feature,07_publishing,02_magazine,07_publishing/02_magazine/magazine_002_科技杂志_Feature.json,07_publishing/02_magazine/magazine_002_科技杂志_Feature.html,07_publishing/02_magazine/magazine_002_科技杂志_Feature.png,07_publishing/02_magazine/magazine_002_科技杂志_Feature.png,07_publishing/02_magazine/magazine_002_科技杂志_Feature__real_phone_flat_shadow_top.jpg,phone_flat_shadow_top,手机拍纸质文档,平整,阴影/逆光,俯拍,07_publishing/02_magazine/magazine_002_科技杂志_Feature.png,true
07_publishing/02_magazine/magazine_003_财经杂志_数据报道,07_publishing,02_magazine,07_publishing/02_magazine/magazine_003_财经杂志_数据报道.json,07_publishing/02_magazine/magazine_003_财经杂志_数据报道.html,07_publishing/02_magazine/magazine_003_财经杂志_数据报道.png,07_publishing/02_magazine/magazine_003_财经杂志_数据报道.png,07_publishing/02_magazine/magazine_003_财经杂志_数据报道__real_phone_bent_normal_oblique.png,phone_bent_indoor_normal_oblique,手机拍纸质文档,弯折(不压平),室内正常光,斜拍(30-45度),07_publishing/02_magazine/magazine_003_财经杂志_数据报道.png,true
07_publishing/02_magazine/magazine_004_学术期刊目录页,07_publishing,02_magazine,07_publishing/02_magazine/magazine_004_学术期刊目录页.json,07_publishing/02_magazine/magazine_004_学术期刊目录页.html,07_publishing/02_magazine/magazine_004_学术期刊目录页.png,07_publishing/02_magazine/magazine_004_学术期刊目录页.png,07_publishing/02_magazine/magazine_004_学术期刊目录页__real_phone_flat_shadow_top.png,phone_flat_shadow_top,手机拍纸质文档,平整,阴影/逆光,俯拍,07_publishing/02_magazine/magazine_004_学术期刊目录页.png,true
07_publishing/02_magazine/magazine_005_生活周刊,07_publishing,02_magazine,07_publishing/02_magazine/magazine_005_生活周刊.json,07_publishing/02_magazine/magazine_005_生活周刊.html,07_publishing/02_magazine/magazine_005_生活周刊.png,07_publishing/02_magazine/magazine_005_生活周刊.png,07_publishing/02_magazine/magazine_005_生活周刊__real_phone_bent_normal_oblique.png,phone_bent_indoor_normal_oblique,手机拍纸质文档,弯折(不压平),室内正常光,斜拍(30-45度),07_publishing/02_magazine/magazine_005_生活周刊.png,true
07_publishing/02_magazine/magazine_006_科技杂志,07_publishing,02_magazine,07_publishing/02_magazine/magazine_006_科技杂志.json,07_publishing/02_magazine/magazine_006_科技杂志.html,07_publishing/02_magazine/magazine_006_科技杂志.png,07_publishing/02_magazine/magazine_006_科技杂志.png,07_publishing/02_magazine/magazine_006_科技杂志__real_phone_flat_shadow_top.png,phone_flat_shadow_top,手机拍纸质文档,平整,阴影/逆光,俯拍,07_publishing/02_magazine/magazine_006_科技杂志.png,true
07_publishing/02_magazine/magazine_007_Vogue_Fashion_EN,07_publishing,02_magazine,07_publishing/02_magazine/magazine_007_Vogue_Fashion_EN.json,07_publishing/02_magazine/magazine_007_Vogue_Fashion_EN.html,07_publishing/02_magazine/magazine_007_Vogue_Fashion_EN.png,07_publishing/02_magazine/magazine_007_Vogue_Fashion_EN.png,07_publishing/02_magazine/magazine_007_Vogue_Fashion_EN__real_phone_bent_flash_oblique.jpg,phone_bent_flash_oblique,手机拍纸质文档,弯折(不压平),闪光灯,斜拍(30-45度),07_publishing/02_magazine/magazine_007_Vogue_Fashion_EN.png,true
07_publishing/02_magazine/magazine_008_National_Geographic,07_publishing,02_magazine,07_publishing/02_magazine/magazine_008_National_Geographic.json,07_publishing/02_magazine/magazine_008_National_Geographic.html,07_publishing/02_magazine/magazine_008_National_Geographic.png,07_publishing/02_magazine/magazine_008_National_Geographic.png,07_publishing/02_magazine/magazine_008_National_Geographic__real_phone_flat_shadow_top.png,phone_flat_shadow_top,手机拍纸质文档,平整,阴影/逆光,俯拍,07_publishing/02_magazine/magazine_008_National_Geographic.png,true
07_publishing/02_magazine/magazine_009_美食天地,07_publishing,02_magazine,07_publishing/02_magazine/magazine_009_美食天地.json,07_publishing/02_magazine/magazine_009_美食天地.html,07_publishing/02_magazine/magazine_009_美食天地.png,07_publishing/02_magazine/magazine_009_美食天地.png,07_publishing/02_magazine/magazine_009_美食天地__real_phone_bent_normal_oblique.png,phone_bent_indoor_normal_oblique,手机拍纸质文档,弯折(不压平),室内正常光,斜拍(30-45度),07_publishing/02_magazine/magazine_009_美食天地.png,true
07_publishing/02_magazine/magazine_010_学术期刊目录页,07_publishing,02_magazine,07_publishing/02_magazine/magazine_010_学术期刊目录页.json,07_publishing/02_magazine/magazine_010_学术期刊目录页.html,07_publishing/02_magazine/magazine_010_学术期刊目录页.png,07_publishing/02_magazine/magazine_010_学术期刊目录页.png,07_publishing/02_magazine/magazine_010_学术期刊目录页__real_phone_flat_shadow_top.png,phone_flat_shadow_top,手机拍纸质文档,平整,阴影/逆光,俯拍,07_publishing/02_magazine/magazine_010_学术期刊目录页.png,true
07_publishing/02_magazine/magazine_011_医学期刊_论文页,07_publishing,02_magazine,07_publishing/02_magazine/magazine_011_医学期刊_论文页.json,07_publishing/02_magazine/magazine_011_医学期刊_论文页.html,07_publishing/02_magazine/magazine_011_医学期刊_论文页.png,07_publishing/02_magazine/magazine_011_医学期刊_论文页.png,07_publishing/02_magazine/magazine_011_医学期刊_论文页__real_phone_bent_normal_oblique.png,phone_bent_indoor_normal_oblique,手机拍纸质文档,弯折(不压平),室内正常光,斜拍(30-45度),07_publishing/02_magazine/magazine_011_医学期刊_论文页.png,true
07_publishing/02_magazine/magazine_012_Sports_Illustrated_EN,07_publishing,02_magazine,07_publishing/02_magazine/magazine_012_Sports_Illustrated_EN.json,07_publishing/02_magazine/magazine_012_Sports_Illustrated_EN.html,07_publishing/02_magazine/magazine_012_Sports_Illustrated_EN.png,07_publishing/02_magazine/magazine_012_Sports_Illustrated_EN.png,07_publishing/02_magazine/magazine_012_Sports_Illustrated_EN__real_phone_flat_shadow_top.png,phone_flat_shadow_top,手机拍纸质文档,平整,阴影/逆光,俯拍,07_publishing/02_magazine/magazine_012_Sports_Illustrated_EN.png,true
07_publishing/02_magazine/magazine_013_建筑设计杂志,07_publishing,02_magazine,07_publishing/02_magazine/magazine_013_建筑设计杂志.json,07_publishing/02_magazine/magazine_013_建筑设计杂志.html,07_publishing/02_magazine/magazine_013_建筑设计杂志.png,07_publishing/02_magazine/magazine_013_建筑设计杂志.png,07_publishing/02_magazine/magazine_013_建筑设计杂志__real_phone_bent_normal_oblique.jpg,phone_bent_indoor_normal_oblique,手机拍纸质文档,弯折(不压平),室内正常光,斜拍(30-45度),07_publishing/02_magazine/magazine_013_建筑设计杂志.png,true
07_publishing/02_magazine/magazine_014_The_Economist_EN,07_publishing,02_magazine,07_publishing/02_magazine/magazine_014_The_Economist_EN.json,07_publishing/02_magazine/magazine_014_The_Economist_EN.html,07_publishing/02_magazine/magazine_014_The_Economist_EN.png,07_publishing/02_magazine/magazine_014_The_Economist_EN.png,07_publishing/02_magazine/magazine_014_The_Economist_EN__real_phone_flat_shadow_top.png,phone_flat_shadow_top,手机拍纸质文档,平整,阴影/逆光,俯拍,07_publishing/02_magazine/magazine_014_The_Economist_EN.png,true
07_publishing/02_magazine/magazine_015_时尚芭莎_人物专访,07_publishing,02_magazine,07_publishing/02_magazine/magazine_015_时尚芭莎_人物专访.json,07_publishing/02_magazine/magazine_015_时尚芭莎_人物专访.html,07_publishing/02_magazine/magazine_015_时尚芭莎_人物专访.png,07_publishing/02_magazine/magazine_015_时尚芭莎_人物专访.png,07_publishing/02_magazine/magazine_015_时尚芭莎_人物专访__real_phone_bent_flash_oblique.png,phone_bent_flash_oblique,手机拍纸质文档,弯折(不压平),闪光灯,斜拍(30-45度),07_publishing/02_magazine/magazine_015_时尚芭莎_人物专访.png,true
07_publishing/02_magazine/magazine_016_Scientific_American_EN,07_publishing,02_magazine,07_publishing/02_magazine/magazine_016_Scientific_American_EN.json,07_publishing/02_magazine/magazine_016_Scientific_American_EN.html,07_publishing/02_magazine/magazine_016_Scientific_American_EN.png,07_publishing/02_magazine/magazine_016_Scientific_American_EN.png,07_publishing/02_magazine/magazine_016_Scientific_American_EN__real_phone_flat_shadow_top.jpg,phone_flat_shadow_top,手机拍纸质文档,平整,阴影/逆光,俯拍,07_publishing/02_magazine/magazine_016_Scientific_American_EN.png,true
07_publishing/02_magazine/magazine_017_旅行摄影杂志,07_publishing,02_magazine,07_publishing/02_magazine/magazine_017_旅行摄影杂志.json,07_publishing/02_magazine/magazine_017_旅行摄影杂志.html,07_publishing/02_magazine/magazine_017_旅行摄影杂志.png,07_publishing/02_magazine/magazine_017_旅行摄影杂志.png,07_publishing/02_magazine/magazine_017_旅行摄影杂志__real_phone_bent_flash_oblique.png,phone_bent_flash_oblique,手机拍纸质文档,弯折(不压平),闪光灯,斜拍(30-45度),07_publishing/02_magazine/magazine_017_旅行摄影杂志.png,true
07_publishing/02_magazine/magazine_018_Wired_Tech_EN,07_publishing,02_magazine,07_publishing/02_magazine/magazine_018_Wired_Tech_EN.json,07_publishing/02_magazine/magazine_018_Wired_Tech_EN.html,07_publishing/02_magazine/magazine_018_Wired_Tech_EN.png,07_publishing/02_magazine/magazine_018_Wired_Tech_EN.png,07_publishing/02_magazine/magazine_018_Wired_Tech_EN__real_phone_flat_shadow_top.png,phone_flat_shadow_top,手机拍纸质文档,平整,阴影/逆光,俯拍,07_publishing/02_magazine/magazine_018_Wired_Tech_EN.png,true
07_publishing/02_magazine/magazine_019_读者文摘,07_publishing,02_magazine,07_publishing/02_magazine/magazine_019_读者文摘.json,07_publishing/02_magazine/magazine_019_读者文摘.html,07_publishing/02_magazine/magazine_019_读者文摘.png,07_publishing/02_magazine/magazine_019_读者文摘.png,07_publishing/02_magazine/magazine_019_读者文摘__real_phone_bent_normal_oblique.png,phone_bent_indoor_normal_oblique,手机拍纸质文档,弯折(不压平),室内正常光,斜拍(30-45度),07_publishing/02_magazine/magazine_019_读者文摘.png,true
07_publishing/02_magazine/magazine_020_Rolling_Stone_Music_EN,07_publishing,02_magazine,07_publishing/02_magazine/magazine_020_Rolling_Stone_Music_EN.json,07_publishing/02_magazine/magazine_020_Rolling_Stone_Music_EN.html,07_publishing/02_magazine/magazine_020_Rolling_Stone_Music_EN.png,07_publishing/02_magazine/magazine_020_Rolling_Stone_Music_EN.png,07_publishing/02_magazine/magazine_020_Rolling_Stone_Music_EN__real_phone_flat_shadow_top.png,phone_flat_shadow_top,手机拍纸质文档,平整,阴影/逆光,俯拍,07_publishing/02_magazine/magazine_020_Rolling_Stone_Music_EN.png,true
07_publishing/03_book/book_001_计算机网络_传输层协议,07_publishing,03_book,07_publishing/03_book/book_001_计算机网络_传输层协议.json,07_publishing/03_book/book_001_计算机网络_传输层协议.html,07_publishing/03_book/book_001_计算机网络_传输层协议.png,07_publishing/03_book/book_001_计算机网络_传输层协议.png,07_publishing/03_book/book_001_计算机网络_传输层协议__real_phone_bent_normal_top.jpg,phone_bent_indoor_normal_top,手机拍纸质文档,弯折(不压平),室内正常光,俯拍,07_publishing/03_book/book_001_计算机网络_传输层协议.png,true
07_publishing/03_book/book_002_学术著作_社会学,07_publishing,03_book,07_publishing/03_book/book_002_学术著作_社会学.json,07_publishing/03_book/book_002_学术著作_社会学.html,07_publishing/03_book/book_002_学术著作_社会学.png,07_publishing/03_book/book_002_学术著作_社会学.png,07_publishing/03_book/book_002_学术著作_社会学__real_phone_bent_shadow_oblique.png,phone_bent_shadow_oblique,手机拍纸质文档,弯折(不压平),阴影/逆光,斜拍(30-45度),07_publishing/03_book/book_002_学术著作_社会学.png,true
07_publishing/03_book/book_003_Popular_Science_EN,07_publishing,03_book,07_publishing/03_book/book_003_Popular_Science_EN.json,07_publishing/03_book/book_003_Popular_Science_EN.html,07_publishing/03_book/book_003_Popular_Science_EN.png,07_publishing/03_book/book_003_Popular_Science_EN.png,07_publishing/03_book/book_003_Popular_Science_EN__real_phone_bent_normal_top.png,phone_bent_indoor_normal_top,手机拍纸质文档,弯折(不压平),室内正常光,俯拍,07_publishing/03_book/book_003_Popular_Science_EN.png,true
07_publishing/03_book/book_004_工具书_索引页,07_publishing,03_book,07_publishing/03_book/book_004_工具书_索引页.json,07_publishing/03_book/book_004_工具书_索引页.html,07_publishing/03_book/book_004_工具书_索引页.png,07_publishing/03_book/book_004_工具书_索引页.png,07_publishing/03_book/book_004_工具书_索引页__real_phone_bent_shadow_oblique.png,phone_bent_shadow_oblique,手机拍纸质文档,弯折(不压平),阴影/逆光,斜拍(30-45度),07_publishing/03_book/book_004_工具书_索引页.png,true
07_publishing/03_book/book_005_版权页,07_publishing,03_book,07_publishing/03_book/book_005_版权页.json,07_publishing/03_book/book_005_版权页.html,07_publishing/03_book/book_005_版权页.png,07_publishing/03_book/book_005_版权页.png,07_publishing/03_book/book_005_版权页__real_phone_bent_flash_top.jpg,phone_bent_flash_top,手机拍纸质文档,弯折(不压平),闪光灯,俯拍,07_publishing/03_book/book_005_版权页.png,true
07_publishing/03_book/book_006_小说正文页,07_publishing,03_book,07_publishing/03_book/book_006_小说正文页.json,07_publishing/03_book/book_006_小说正文页.html,07_publishing/03_book/book_006_小说正文页.png,07_publishing/03_book/book_006_小说正文页.png,07_publishing/03_book/book_006_小说正文页__real_phone_bent_shadow_oblique.png,phone_bent_shadow_oblique,手机拍纸质文档,弯折(不压平),阴影/逆光,斜拍(30-45度),07_publishing/03_book/book_006_小说正文页.png,true
07_publishing/03_book/book_007_Technical_Book_EN,07_publishing,03_book,07_publishing/03_book/book_007_Technical_Book_EN.json,07_publishing/03_book/book_007_Technical_Book_EN.html,07_publishing/03_book/book_007_Technical_Book_EN.png,07_publishing/03_book/book_007_Technical_Book_EN.png,07_publishing/03_book/book_007_Technical_Book_EN__real_phone_bent_normal_top.png,phone_bent_indoor_normal_top,手机拍纸质文档,弯折(不压平),室内正常光,俯拍,07_publishing/03_book/book_007_Technical_Book_EN.png,true
07_publishing/03_book/book_008_Novel_EN,07_publishing,03_book,07_publishing/03_book/book_008_Novel_EN.json,07_publishing/03_book/book_008_Novel_EN.html,07_publishing/03_book/book_008_Novel_EN.png,07_publishing/03_book/book_008_Novel_EN.png,07_publishing/03_book/book_008_Novel_EN__real_phone_bent_shadow_oblique.png,phone_bent_shadow_oblique,手机拍纸质文档,弯折(不压平),阴影/逆光,斜拍(30-45度),07_publishing/03_book/book_008_Novel_EN.png,true
07_publishing/03_book/book_009_古籍影印,07_publishing,03_book,07_publishing/03_book/book_009_古籍影印.json,07_publishing/03_book/book_009_古籍影印.html,07_publishing/03_book/book_009_古籍影印.png,07_publishing/03_book/book_009_古籍影印.png,07_publishing/03_book/book_009_古籍影印__real_phone_bent_normal_top.png,phone_bent_indoor_normal_top,手机拍纸质文档,弯折(不压平),室内正常光,俯拍,07_publishing/03_book/book_009_古籍影印.png,true
07_publishing/03_book/book_010_童话故事,07_publishing,03_book,07_publishing/03_book/book_010_童话故事.json,07_publishing/03_book/book_010_童话故事.html,07_publishing/03_book/book_010_童话故事.png,07_publishing/03_book/book_010_童话故事.png,07_publishing/03_book/book_010_童话故事__real_phone_bent_shadow_oblique.png,phone_bent_shadow_oblique,手机拍纸质文档,弯折(不压平),阴影/逆光,斜拍(30-45度),07_publishing/03_book/book_010_童话故事.png,true
07_publishing/03_book/book_011_医学教材_内科学,07_publishing,03_book,07_publishing/03_book/book_011_医学教材_内科学.json,07_publishing/03_book/book_011_医学教材_内科学.html,07_publishing/03_book/book_011_医学教材_内科学.png,07_publishing/03_book/book_011_医学教材_内科学.png,07_publishing/03_book/book_011_医学教材_内科学__real_phone_bent_normal_top.png,phone_bent_indoor_normal_top,手机拍纸质文档,弯折(不压平),室内正常光,俯拍,07_publishing/03_book/book_011_医学教材_内科学.png,true
07_publishing/03_book/book_012_目录页,07_publishing,03_book,07_publishing/03_book/book_012_目录页.json,07_publishing/03_book/book_012_目录页.html,07_publishing/03_book/book_012_目录页.png,07_publishing/03_book/book_012_目录页.png,07_publishing/03_book/book_012_目录页__real_phone_bent_shadow_oblique.png,phone_bent_shadow_oblique,手机拍纸质文档,弯折(不压平),阴影/逆光,斜拍(30-45度),07_publishing/03_book/book_012_目录页.png,true
07_publishing/03_book/book_013_诗歌集,07_publishing,03_book,07_publishing/03_book/book_013_诗歌集.json,07_publishing/03_book/book_013_诗歌集.html,07_publishing/03_book/book_013_诗歌集.png,07_publishing/03_book/book_013_诗歌集.png,07_publishing/03_book/book_013_诗歌集__real_phone_bent_normal_top.png,phone_bent_indoor_normal_top,手机拍纸质文档,弯折(不压平),室内正常光,俯拍,07_publishing/03_book/book_013_诗歌集.png,true
07_publishing/03_book/book_014_History_Book_EN,07_publishing,03_book,07_publishing/03_book/book_014_History_Book_EN.json,07_publishing/03_book/book_014_History_Book_EN.html,07_publishing/03_book/book_014_History_Book_EN.png,07_publishing/03_book/book_014_History_Book_EN.png,07_publishing/03_book/book_014_History_Book_EN__real_phone_bent_shadow_oblique.png,phone_bent_shadow_oblique,手机拍纸质文档,弯折(不压平),阴影/逆光,斜拍(30-45度),07_publishing/03_book/book_014_History_Book_EN.png,true
07_publishing/03_book/book_015_法律法规汇编,07_publishing,03_book,07_publishing/03_book/book_015_法律法规汇编.json,07_publishing/03_book/book_015_法律法规汇编.html,07_publishing/03_book/book_015_法律法规汇编.png,07_publishing/03_book/book_015_法律法规汇编.png,07_publishing/03_book/book_015_法律法规汇编__real_phone_bent_normal_top.png,phone_bent_indoor_normal_top,手机拍纸质文档,弯折(不压平),室内正常光,俯拍,07_publishing/03_book/book_015_法律法规汇编.png,true
07_publishing/03_book/book_016_Cookbook_EN,07_publishing,03_book,07_publishing/03_book/book_016_Cookbook_EN.json,07_publishing/03_book/book_016_Cookbook_EN.html,07_publishing/03_book/book_016_Cookbook_EN.png,07_publishing/03_book/book_016_Cookbook_EN.png,07_publishing/03_book/book_016_Cookbook_EN__real_phone_bent_shadow_oblique.png,phone_bent_shadow_oblique,手机拍纸质文档,弯折(不压平),阴影/逆光,斜拍(30-45度),07_publishing/03_book/book_016_Cookbook_EN.png,true
07_publishing/03_book/book_017_数学定理证明,07_publishing,03_book,07_publishing/03_book/book_017_数学定理证明.json,07_publishing/03_book/book_017_数学定理证明.html,07_publishing/03_book/book_017_数学定理证明.png,07_publishing/03_book/book_017_数学定理证明.png,07_publishing/03_book/book_017_数学定理证明__real_phone_bent_normal_top.png,phone_bent_indoor_normal_top,手机拍纸质文档,弯折(不压平),室内正常光,俯拍,07_publishing/03_book/book_017_数学定理证明.png,true
07_publishing/03_book/book_018_Travel_Guide_EN,07_publishing,03_book,07_publishing/03_book/book_018_Travel_Guide_EN.json,07_publishing/03_book/book_018_Travel_Guide_EN.html,07_publishing/03_book/book_018_Travel_Guide_EN.png,07_publishing/03_book/book_018_Travel_Guide_EN.png,07_publishing/03_book/book_018_Travel_Guide_EN__real_phone_bent_shadow_oblique.jpg,phone_bent_shadow_oblique,手机拍纸质文档,弯折(不压平),阴影/逆光,斜拍(30-45度),07_publishing/03_book/book_018_Travel_Guide_EN.png,true
07_publishing/03_book/book_019_哲学著作,07_publishing,03_book,07_publishing/03_book/book_019_哲学著作.json,07_publishing/03_book/book_019_哲学著作.html,07_publishing/03_book/book_019_哲学著作.png,07_publishing/03_book/book_019_哲学著作.png,07_publishing/03_book/book_019_哲学著作__real_phone_bent_normal_top.jpg,phone_bent_indoor_normal_top,手机拍纸质文档,弯折(不压平),室内正常光,俯拍,07_publishing/03_book/book_019_哲学著作.png,true
07_publishing/03_book/book_020_Art_Photography,07_publishing,03_book,07_publishing/03_book/book_020_Art_Photography.json,07_publishing/03_book/book_020_Art_Photography.html,07_publishing/03_book/book_020_Art_Photography.png,07_publishing/03_book/book_020_Art_Photography.png,07_publishing/03_book/book_020_Art_Photography__real_phone_bent_shadow_oblique.png,phone_bent_shadow_oblique,手机拍纸质文档,弯折(不压平),阴影/逆光,斜拍(30-45度),07_publishing/03_book/book_020_Art_Photography.png,true
07_publishing/04_brochure_menu/brochure_menu_001_日式料理菜单,07_publishing,04_brochure_menu,07_publishing/04_brochure_menu/brochure_menu_001_日式料理菜单.json,07_publishing/04_brochure_menu/brochure_menu_001_日式料理菜单.html,07_publishing/04_brochure_menu/brochure_menu_001_日式料理菜单.png,07_publishing/04_brochure_menu/brochure_menu_001_日式料理菜单.png,07_publishing/04_brochure_menu/brochure_menu_001_日式料理菜单__real_phone_flat_normal_top.jpg,phone_flat_indoor_normal_top,手机拍纸质文档,平整,室内正常光,俯拍,07_publishing/04_brochure_menu/brochure_menu_001_日式料理菜单.png,true
07_publishing/04_brochure_menu/brochure_menu_002_Coffee_Shop_Menu,07_publishing,04_brochure_menu,07_publishing/04_brochure_menu/brochure_menu_002_Coffee_Shop_Menu.json,07_publishing/04_brochure_menu/brochure_menu_002_Coffee_Shop_Menu.html,07_publishing/04_brochure_menu/brochure_menu_002_Coffee_Shop_Menu.png,07_publishing/04_brochure_menu/brochure_menu_002_Coffee_Shop_Menu.png,07_publishing/04_brochure_menu/brochure_menu_002_Coffee_Shop_Menu__real_phone_creased_normal_oblique.jpg,phone_creased_indoor_normal_oblique,手机拍纸质文档,折痕/褶皱,室内正常光,斜拍(30-45度),07_publishing/04_brochure_menu/brochure_menu_002_Coffee_Shop_Menu.png,true
07_publishing/04_brochure_menu/brochure_menu_003_旅游景点宣传折页,07_publishing,04_brochure_menu,07_publishing/04_brochure_menu/brochure_menu_003_旅游景点宣传折页.json,07_publishing/04_brochure_menu/brochure_menu_003_旅游景点宣传折页.html,07_publishing/04_brochure_menu/brochure_menu_003_旅游景点宣传折页.png,07_publishing/04_brochure_menu/brochure_menu_003_旅游景点宣传折页.png,07_publishing/04_brochure_menu/brochure_menu_003_旅游景点宣传折页__real_screenshot_na_na_na.jpg,screenshot_compressed,截图+转发压缩,无(纯数字),无,无,07_publishing/04_brochure_menu/brochure_menu_003_旅游景点宣传折页.png,true
07_publishing/04_brochure_menu/brochure_menu_004_Real_Estate_Brochure,07_publishing,04_brochure_menu,07_publishing/04_brochure_menu/brochure_menu_004_Real_Estate_Brochure.json,07_publishing/04_brochure_menu/brochure_menu_004_Real_Estate_Brochure.html,07_publishing/04_brochure_menu/brochure_menu_004_Real_Estate_Brochure.png,07_publishing/04_brochure_menu/brochure_menu_004_Real_Estate_Brochure.png,07_publishing/04_brochure_menu/brochure_menu_004_Real_Estate_Brochure__real_phone_creased_normal_oblique.png,phone_creased_indoor_normal_oblique,手机拍纸质文档,折痕/褶皱,室内正常光,斜拍(30-45度),07_publishing/04_brochure_menu/brochure_menu_004_Real_Estate_Brochure.png,true
07_publishing/04_brochure_menu/brochure_menu_005_健身房会员宣传页,07_publishing,04_brochure_menu,07_publishing/04_brochure_menu/brochure_menu_005_健身房会员宣传页.json,07_publishing/04_brochure_menu/brochure_menu_005_健身房会员宣传页.html,07_publishing/04_brochure_menu/brochure_menu_005_健身房会员宣传页.png,07_publishing/04_brochure_menu/brochure_menu_005_健身房会员宣传页.png,07_publishing/04_brochure_menu/brochure_menu_005_健身房会员宣传页__real_phone_flat_normal_top.png,phone_flat_indoor_normal_top,手机拍纸质文档,平整,室内正常光,俯拍,07_publishing/04_brochure_menu/brochure_menu_005_健身房会员宣传页.png,true
07_publishing/04_brochure_menu/brochure_menu_006_中餐厅菜单,07_publishing,04_brochure_menu,07_publishing/04_brochure_menu/brochure_menu_006_中餐厅菜单.json,07_publishing/04_brochure_menu/brochure_menu_006_中餐厅菜单.html,07_publishing/04_brochure_menu/brochure_menu_006_中餐厅菜单.png,07_publishing/04_brochure_menu/brochure_menu_006_中餐厅菜单.png,07_publishing/04_brochure_menu/brochure_menu_006_中餐厅菜单__real_phone_creased_normal_oblique.png,phone_creased_indoor_normal_oblique,手机拍纸质文档,折痕/褶皱,室内正常光,斜拍(30-45度),07_publishing/04_brochure_menu/brochure_menu_006_中餐厅菜单.png,true
07_publishing/04_brochure_menu/brochure_menu_007_Wine_List,07_publishing,04_brochure_menu,07_publishing/04_brochure_menu/brochure_menu_007_Wine_List.json,07_publishing/04_brochure_menu/brochure_menu_007_Wine_List.html,07_publishing/04_brochure_menu/brochure_menu_007_Wine_List.png,07_publishing/04_brochure_menu/brochure_menu_007_Wine_List.png,07_publishing/04_brochure_menu/brochure_menu_007_Wine_List__real_phone_flat_normal_top.png,phone_flat_indoor_normal_top,手机拍纸质文档,平整,室内正常光,俯拍,07_publishing/04_brochure_menu/brochure_menu_007_Wine_List.png,true
07_publishing/04_brochure_menu/brochure_menu_008_旅游三折页,07_publishing,04_brochure_menu,07_publishing/04_brochure_menu/brochure_menu_008_旅游三折页.json,07_publishing/04_brochure_menu/brochure_menu_008_旅游三折页.html,07_publishing/04_brochure_menu/brochure_menu_008_旅游三折页.png,07_publishing/04_brochure_menu/brochure_menu_008_旅游三折页.png,07_publishing/04_brochure_menu/brochure_menu_008_旅游三折页__real_phone_creased_normal_oblique.png,phone_creased_indoor_normal_oblique,手机拍纸质文档,折痕/褶皱,室内正常光,斜拍(30-45度),07_publishing/04_brochure_menu/brochure_menu_008_旅游三折页.png,true
07_publishing/04_brochure_menu/brochure_menu_009_Restaurant_Menu_EN,07_publishing,04_brochure_menu,07_publishing/04_brochure_menu/brochure_menu_009_Restaurant_Menu_EN.json,07_publishing/04_brochure_menu/brochure_menu_009_Restaurant_Menu_EN.html,07_publishing/04_brochure_menu/brochure_menu_009_Restaurant_Menu_EN.png,07_publishing/04_brochure_menu/brochure_menu_009_Restaurant_Menu_EN.png,07_publishing/04_brochure_menu/brochure_menu_009_Restaurant_Menu_EN__real_phone_flat_normal_top.png,phone_flat_indoor_normal_top,手机拍纸质文档,平整,室内正常光,俯拍,07_publishing/04_brochure_menu/brochure_menu_009_Restaurant_Menu_EN.png,true
07_publishing/04_brochure_menu/brochure_menu_010_咖啡馆菜单,07_publishing,04_brochure_menu,07_publishing/04_brochure_menu/brochure_menu_010_咖啡馆菜单.json,07_publishing/04_brochure_menu/brochure_menu_010_咖啡馆菜单.html,07_publishing/04_brochure_menu/brochure_menu_010_咖啡馆菜单.png,07_publishing/04_brochure_menu/brochure_menu_010_咖啡馆菜单.png,07_publishing/04_brochure_menu/brochure_menu_010_咖啡馆菜单__real_phone_creased_normal_oblique.png,phone_creased_indoor_normal_oblique,手机拍纸质文档,折痕/褶皱,室内正常光,斜拍(30-45度),07_publishing/04_brochure_menu/brochure_menu_010_咖啡馆菜单.png,true
07_publishing/04_brochure_menu/brochure_menu_011_法式米其林套餐,07_publishing,04_brochure_menu,07_publishing/04_brochure_menu/brochure_menu_011_法式米其林套餐.json,07_publishing/04_brochure_menu/brochure_menu_011_法式米其林套餐.html,07_publishing/04_brochure_menu/brochure_menu_011_法式米其林套餐.png,07_publishing/04_brochure_menu/brochure_menu_011_法式米其林套餐.png,07_publishing/04_brochure_menu/brochure_menu_011_法式米其林套餐__real_screenshot_na_na_na.png,screenshot_compressed,截图+转发压缩,无(纯数字),无,无,07_publishing/04_brochure_menu/brochure_menu_011_法式米其林套餐.png,true
07_publishing/04_brochure_menu/brochure_menu_012_新中式创意料理,07_publishing,04_brochure_menu,07_publishing/04_brochure_menu/brochure_menu_012_新中式创意料理.json,07_publishing/04_brochure_menu/brochure_menu_012_新中式创意料理.html,07_publishing/04_brochure_menu/brochure_menu_012_新中式创意料理.png,07_publishing/04_brochure_menu/brochure_menu_012_新中式创意料理.png,07_publishing/04_brochure_menu/brochure_menu_012_新中式创意料理__real_phone_creased_normal_oblique.jpg,phone_creased_indoor_normal_oblique,手机拍纸质文档,折痕/褶皱,室内正常光,斜拍(30-45度),07_publishing/04_brochure_menu/brochure_menu_012_新中式创意料理.png,true
07_publishing/04_brochure_menu/brochure_menu_013_Italian_Fine_Dining,07_publishing,04_brochure_menu,07_publishing/04_brochure_menu/brochure_menu_013_Italian_Fine_Dining.json,07_publishing/04_brochure_menu/brochure_menu_013_Italian_Fine_Dining.html,07_publishing/04_brochure_menu/brochure_menu_013_Italian_Fine_Dining.png,07_publishing/04_brochure_menu/brochure_menu_013_Italian_Fine_Dining.png,07_publishing/04_brochure_menu/brochure_menu_013_Italian_Fine_Dining__real_screen_na_screen_screen.png,screen_photography,拍屏,无(屏幕显示),屏幕背光+室内光,手机对屏幕,07_publishing/04_brochure_menu/brochure_menu_013_Italian_Fine_Dining.png,true
07_publishing/04_brochure_menu/brochure_menu_014_海鲜珍馐,07_publishing,04_brochure_menu,07_publishing/04_brochure_menu/brochure_menu_014_海鲜珍馐.json,07_publishing/04_brochure_menu/brochure_menu_014_海鲜珍馐.html,07_publishing/04_brochure_menu/brochure_menu_014_海鲜珍馐.png,07_publishing/04_brochure_menu/brochure_menu_014_海鲜珍馐.png,07_publishing/04_brochure_menu/brochure_menu_014_海鲜珍馐__real_phone_creased_normal_oblique.png,phone_creased_indoor_normal_oblique,手机拍纸质文档,折痕/褶皱,室内正常光,斜拍(30-45度),07_publishing/04_brochure_menu/brochure_menu_014_海鲜珍馐.png,true
07_publishing/04_brochure_menu/brochure_menu_015_顶级牛排馆,07_publishing,04_brochure_menu,07_publishing/04_brochure_menu/brochure_menu_015_顶级牛排馆.json,07_publishing/04_brochure_menu/brochure_menu_015_顶级牛排馆.html,07_publishing/04_brochure_menu/brochure_menu_015_顶级牛排馆.png,07_publishing/04_brochure_menu/brochure_menu_015_顶级牛排馆.png,07_publishing/04_brochure_menu/brochure_menu_015_顶级牛排馆__real_phone_flat_normal_top.png,phone_flat_indoor_normal_top,手机拍纸质文档,平整,室内正常光,俯拍,07_publishing/04_brochure_menu/brochure_menu_015_顶级牛排馆.png,true
07_publishing/04_brochure_menu/brochure_menu_016_Modern_Fusion_Menu,07_publishing,04_brochure_menu,07_publishing/04_brochure_menu/brochure_menu_016_Modern_Fusion_Menu.json,07_publishing/04_brochure_menu/brochure_menu_016_Modern_Fusion_Menu.html,07_publishing/04_brochure_menu/brochure_menu_016_Modern_Fusion_Menu.png,07_publishing/04_brochure_menu/brochure_menu_016_Modern_Fusion_Menu.png,07_publishing/04_brochure_menu/brochure_menu_016_Modern_Fusion_Menu__real_phone_creased_normal_oblique.png,phone_creased_indoor_normal_oblique,手机拍纸质文档,折痕/褶皱,室内正常光,斜拍(30-45度),07_publishing/04_brochure_menu/brochure_menu_016_Modern_Fusion_Menu.png,true
07_publishing/04_brochure_menu/brochure_menu_017_粤式经典,07_publishing,04_brochure_menu,07_publishing/04_brochure_menu/brochure_menu_017_粤式经典.json,07_publishing/04_brochure_menu/brochure_menu_017_粤式经典.html,07_publishing/04_brochure_menu/brochure_menu_017_粤式经典.png,07_publishing/04_brochure_menu/brochure_menu_017_粤式经典.png,07_publishing/04_brochure_menu/brochure_menu_017_粤式经典__real_phone_flat_normal_top.png,phone_flat_indoor_normal_top,手机拍纸质文档,平整,室内正常光,俯拍,07_publishing/04_brochure_menu/brochure_menu_017_粤式经典.png,true
07_publishing/04_brochure_menu/brochure_menu_018_Wine_Pairing_Menu,07_publishing,04_brochure_menu,07_publishing/04_brochure_menu/brochure_menu_018_Wine_Pairing_Menu.json,07_publishing/04_brochure_menu/brochure_menu_018_Wine_Pairing_Menu.html,07_publishing/04_brochure_menu/brochure_menu_018_Wine_Pairing_Menu.png,07_publishing/04_brochure_menu/brochure_menu_018_Wine_Pairing_Menu.png,07_publishing/04_brochure_menu/brochure_menu_018_Wine_Pairing_Menu__real_phone_creased_normal_oblique.png,phone_creased_indoor_normal_oblique,手机拍纸质文档,折痕/褶皱,室内正常光,斜拍(30-45度),07_publishing/04_brochure_menu/brochure_menu_018_Wine_Pairing_Menu.png,true
07_publishing/04_brochure_menu/brochure_menu_019_甜品品鉴,07_publishing,04_brochure_menu,07_publishing/04_brochure_menu/brochure_menu_019_甜品品鉴.json,07_publishing/04_brochure_menu/brochure_menu_019_甜品品鉴.html,07_publishing/04_brochure_menu/brochure_menu_019_甜品品鉴.png,07_publishing/04_brochure_menu/brochure_menu_019_甜品品鉴.png,07_publishing/04_brochure_menu/brochure_menu_019_甜品品鉴__real_phone_flat_normal_top.png,phone_flat_indoor_normal_top,手机拍纸质文档,平整,室内正常光,俯拍,07_publishing/04_brochure_menu/brochure_menu_019_甜品品鉴.png,true
07_publishing/04_brochure_menu/brochure_menu_020_主厨品鉴套餐,07_publishing,04_brochure_menu,07_publishing/04_brochure_menu/brochure_menu_020_主厨品鉴套餐.json,07_publishing/04_brochure_menu/brochure_menu_020_主厨品鉴套餐.html,07_publishing/04_brochure_menu/brochure_menu_020_主厨品鉴套餐.png,07_publishing/04_brochure_menu/brochure_menu_020_主厨品鉴套餐.png,07_publishing/04_brochure_menu/brochure_menu_020_主厨品鉴套餐__real_phone_creased_normal_oblique.png,phone_creased_indoor_normal_oblique,手机拍纸质文档,折痕/褶皱,室内正常光,斜拍(30-45度),07_publishing/04_brochure_menu/brochure_menu_020_主厨品鉴套餐.png,true
07_publishing/05_catalog_directory/catalog_directory_001_电子元器件目录,07_publishing,05_catalog_directory,07_publishing/05_catalog_directory/catalog_directory_001_电子元器件目录.json,07_publishing/05_catalog_directory/catalog_directory_001_电子元器件目录.html,07_publishing/05_catalog_directory/catalog_directory_001_电子元器件目录.png,07_publishing/05_catalog_directory/catalog_directory_001_电子元器件目录.png,07_publishing/05_catalog_directory/catalog_directory_001_电子元器件目录__real_phone_bent_normal_top.png,phone_bent_indoor_normal_top,手机拍纸质文档,弯折(不压平),室内正常光,俯拍,07_publishing/05_catalog_directory/catalog_directory_001_电子元器件目录.png,true
07_publishing/05_catalog_directory/catalog_directory_002_Industrial_Tools_Catalog,07_publishing,05_catalog_directory,07_publishing/05_catalog_directory/catalog_directory_002_Industrial_Tools_Catalog.json,07_publishing/05_catalog_directory/catalog_directory_002_Industrial_Tools_Catalog.html,07_publishing/05_catalog_directory/catalog_directory_002_Industrial_Tools_Catalog.png,07_publishing/05_catalog_directory/catalog_directory_002_Industrial_Tools_Catalog.png,07_publishing/05_catalog_directory/catalog_directory_002_Industrial_Tools_Catalog__real_phone_flat_normal_top.png,phone_flat_indoor_normal_top,手机拍纸质文档,平整,室内正常光,俯拍,07_publishing/05_catalog_directory/catalog_directory_002_Industrial_Tools_Catalog.png,true
07_publishing/05_catalog_directory/catalog_directory_003_图书出版目录,07_publishing,05_catalog_directory,07_publishing/05_catalog_directory/catalog_directory_003_图书出版目录.json,07_publishing/05_catalog_directory/catalog_directory_003_图书出版目录.html,07_publishing/05_catalog_directory/catalog_directory_003_图书出版目录.png,07_publishing/05_catalog_directory/catalog_directory_003_图书出版目录.png,07_publishing/05_catalog_directory/catalog_directory_003_图书出版目录__real_phone_bent_normal_top.png,phone_bent_indoor_normal_top,手机拍纸质文档,弯折(不压平),室内正常光,俯拍,07_publishing/05_catalog_directory/catalog_directory_003_图书出版目录.png,true
07_publishing/05_catalog_directory/catalog_directory_004_Wine_Catalog,07_publishing,05_catalog_directory,07_publishing/05_catalog_directory/catalog_directory_004_Wine_Catalog.json,07_publishing/05_catalog_directory/catalog_directory_004_Wine_Catalog.html,07_publishing/05_catalog_directory/catalog_directory_004_Wine_Catalog.png,07_publishing/05_catalog_directory/catalog_directory_004_Wine_Catalog.png,07_publishing/05_catalog_directory/catalog_directory_004_Wine_Catalog__real_phone_flat_normal_top.png,phone_flat_indoor_normal_top,手机拍纸质文档,平整,室内正常光,俯拍,07_publishing/05_catalog_directory/catalog_directory_004_Wine_Catalog.png,true
07_publishing/05_catalog_directory/catalog_directory_005_办公家具产品目录,07_publishing,05_catalog_directory,07_publishing/05_catalog_directory/catalog_directory_005_办公家具产品目录.json,07_publishing/05_catalog_directory/catalog_directory_005_办公家具产品目录.html,07_publishing/05_catalog_directory/catalog_directory_005_办公家具产品目录.png,07_publishing/05_catalog_directory/catalog_directory_005_办公家具产品目录.png,07_publishing/05_catalog_directory/catalog_directory_005_办公家具产品目录__real_phone_bent_normal_top.png,phone_bent_indoor_normal_top,手机拍纸质文档,弯折(不压平),室内正常光,俯拍,07_publishing/05_catalog_directory/catalog_directory_005_办公家具产品目录.png,true
07_publishing/05_catalog_directory/catalog_directory_006_医疗器械目录,07_publishing,05_catalog_directory,07_publishing/05_catalog_directory/catalog_directory_006_医疗器械目录.json,07_publishing/05_catalog_directory/catalog_directory_006_医疗器械目录.html,07_publishing/05_catalog_directory/catalog_directory_006_医疗器械目录.png,07_publishing/05_catalog_directory/catalog_directory_006_医疗器械目录.png,07_publishing/05_catalog_directory/catalog_directory_006_医疗器械目录__real_phone_flat_normal_top.jpg,phone_flat_indoor_normal_top,手机拍纸质文档,平整,室内正常光,俯拍,07_publishing/05_catalog_directory/catalog_directory_006_医疗器械目录.png,true
07_publishing/05_catalog_directory/catalog_directory_007_Course_Catalog,07_publishing,05_catalog_directory,07_publishing/05_catalog_directory/catalog_directory_007_Course_Catalog.json,07_publishing/05_catalog_directory/catalog_directory_007_Course_Catalog.html,07_publishing/05_catalog_directory/catalog_directory_007_Course_Catalog.png,07_publishing/05_catalog_directory/catalog_directory_007_Course_Catalog.png,07_publishing/05_catalog_directory/catalog_directory_007_Course_Catalog__real_phone_bent_normal_top.png,phone_bent_indoor_normal_top,手机拍纸质文档,弯折(不压平),室内正常光,俯拍,07_publishing/05_catalog_directory/catalog_directory_007_Course_Catalog.png,true
07_publishing/05_catalog_directory/catalog_directory_008_Product_Catalog_EN,07_publishing,05_catalog_directory,07_publishing/05_catalog_directory/catalog_directory_008_Product_Catalog_EN.json,07_publishing/05_catalog_directory/catalog_directory_008_Product_Catalog_EN.html,07_publishing/05_catalog_directory/catalog_directory_008_Product_Catalog_EN.png,07_publishing/05_catalog_directory/catalog_directory_008_Product_Catalog_EN.png,07_publishing/05_catalog_directory/catalog_directory_008_Product_Catalog_EN__real_phone_flat_normal_top.jpg,phone_flat_indoor_normal_top,手机拍纸质文档,平整,室内正常光,俯拍,07_publishing/05_catalog_directory/catalog_directory_008_Product_Catalog_EN.png,true
07_publishing/05_catalog_directory/catalog_directory_009_企业黄页,07_publishing,05_catalog_directory,07_publishing/05_catalog_directory/catalog_directory_009_企业黄页.json,07_publishing/05_catalog_directory/catalog_directory_009_企业黄页.html,07_publishing/05_catalog_directory/catalog_directory_009_企业黄页.png,07_publishing/05_catalog_directory/catalog_directory_009_企业黄页.png,07_publishing/05_catalog_directory/catalog_directory_009_企业黄页__real_phone_bent_normal_top.png,phone_bent_indoor_normal_top,手机拍纸质文档,弯折(不压平),室内正常光,俯拍,07_publishing/05_catalog_directory/catalog_directory_009_企业黄页.png,true
07_publishing/05_catalog_directory/catalog_directory_010_展会参展商名录,07_publishing,05_catalog_directory,07_publishing/05_catalog_directory/catalog_directory_010_展会参展商名录.json,07_publishing/05_catalog_directory/catalog_directory_010_展会参展商名录.html,07_publishing/05_catalog_directory/catalog_directory_010_展会参展商名录.png,07_publishing/05_catalog_directory/catalog_directory_010_展会参展商名录.png,07_publishing/05_catalog_directory/catalog_directory_010_展会参展商名录__real_screenshot_compressed.png,screenshot_compressed,截图+转发压缩,无(纯数字),无,无,07_publishing/05_catalog_directory/catalog_directory_010_展会参展商名录.png,true
07_publishing/05_catalog_directory/catalog_directory_011_珠宝奢侈品目录,07_publishing,05_catalog_directory,07_publishing/05_catalog_directory/catalog_directory_011_珠宝奢侈品目录.json,07_publishing/05_catalog_directory/catalog_directory_011_珠宝奢侈品目录.html,07_publishing/05_catalog_directory/catalog_directory_011_珠宝奢侈品目录.png,07_publishing/05_catalog_directory/catalog_directory_011_珠宝奢侈品目录.png,07_publishing/05_catalog_directory/catalog_directory_011_珠宝奢侈品目录__real_phone_bent_normal_top.png,phone_bent_indoor_normal_top,手机拍纸质文档,弯折(不压平),室内正常光,俯拍,07_publishing/05_catalog_directory/catalog_directory_011_珠宝奢侈品目录.png,true
07_publishing/05_catalog_directory/catalog_directory_012_Automotive_Parts_Catalog,07_publishing,05_catalog_directory,07_publishing/05_catalog_directory/catalog_directory_012_Automotive_Parts_Catalog.json,07_publishing/05_catalog_directory/catalog_directory_012_Automotive_Parts_Catalog.html,07_publishing/05_catalog_directory/catalog_directory_012_Automotive_Parts_Catalog.png,07_publishing/05_catalog_directory/catalog_directory_012_Automotive_Parts_Catalog.png,07_publishing/05_catalog_directory/catalog_directory_012_Automotive_Parts_Catalog__real_phone_flat_normal_top.png,phone_flat_indoor_normal_top,手机拍纸质文档,平整,室内正常光,俯拍,07_publishing/05_catalog_directory/catalog_directory_012_Automotive_Parts_Catalog.png,true
07_publishing/05_catalog_directory/catalog_directory_013_中药材鉴定图录,07_publishing,05_catalog_directory,07_publishing/05_catalog_directory/catalog_directory_013_中药材鉴定图录.json,07_publishing/05_catalog_directory/catalog_directory_013_中药材鉴定图录.html,07_publishing/05_catalog_directory/catalog_directory_013_中药材鉴定图录.png,07_publishing/05_catalog_directory/catalog_directory_013_中药材鉴定图录.png,07_publishing/05_catalog_directory/catalog_directory_013_中药材鉴定图录__real_phone_bent_normal_top.png,phone_bent_indoor_normal_top,手机拍纸质文档,弯折(不压平),室内正常光,俯拍,07_publishing/05_catalog_directory/catalog_directory_013_中药材鉴定图录.png,true
07_publishing/05_catalog_directory/catalog_directory_014_Fashion_Lookbook,07_publishing,05_catalog_directory,07_publishing/05_catalog_directory/catalog_directory_014_Fashion_Lookbook.json,07_publishing/05_catalog_directory/catalog_directory_014_Fashion_Lookbook.html,07_publishing/05_catalog_directory/catalog_directory_014_Fashion_Lookbook.png,07_publishing/05_catalog_directory/catalog_directory_014_Fashion_Lookbook.png,07_publishing/05_catalog_directory/catalog_directory_014_Fashion_Lookbook__real_phone_flat_normal_top.png,phone_flat_indoor_normal_top,手机拍纸质文档,平整,室内正常光,俯拍,07_publishing/05_catalog_directory/catalog_directory_014_Fashion_Lookbook.png,true
07_publishing/05_catalog_directory/catalog_directory_015_建筑材料产品手册,07_publishing,05_catalog_directory,07_publishing/05_catalog_directory/catalog_directory_015_建筑材料产品手册.json,07_publishing/05_catalog_directory/catalog_directory_015_建筑材料产品手册.html,07_publishing/05_catalog_directory/catalog_directory_015_建筑材料产品手册.png,07_publishing/05_catalog_directory/catalog_directory_015_建筑材料产品手册.png,07_publishing/05_catalog_directory/catalog_directory_015_建筑材料产品手册__real_phone_bent_normal_top.png,phone_bent_indoor_normal_top,手机拍纸质文档,弯折(不压平),室内正常光,俯拍,07_publishing/05_catalog_directory/catalog_directory_015_建筑材料产品手册.png,true
07_publishing/05_catalog_directory/catalog_directory_016_Scientific_Equipment,07_publishing,05_catalog_directory,07_publishing/05_catalog_directory/catalog_directory_016_Scientific_Equipment.json,07_publishing/05_catalog_directory/catalog_directory_016_Scientific_Equipment.html,07_publishing/05_catalog_directory/catalog_directory_016_Scientific_Equipment.png,07_publishing/05_catalog_directory/catalog_directory_016_Scientific_Equipment.png,07_publishing/05_catalog_directory/catalog_directory_016_Scientific_Equipment__real_screenshot_na_na_na.png,screenshot_compressed,截图+转发压缩,无(纯数字),无,无,07_publishing/05_catalog_directory/catalog_directory_016_Scientific_Equipment.png,true
07_publishing/05_catalog_directory/catalog_directory_017_古董拍卖图录,07_publishing,05_catalog_directory,07_publishing/05_catalog_directory/catalog_directory_017_古董拍卖图录.json,07_publishing/05_catalog_directory/catalog_directory_017_古董拍卖图录.html,07_publishing/05_catalog_directory/catalog_directory_017_古董拍卖图录.png,07_publishing/05_catalog_directory/catalog_directory_017_古董拍卖图录.png,07_publishing/05_catalog_directory/catalog_directory_017_古董拍卖图录__real_phone_bent_normal_top.png,phone_bent_indoor_normal_top,手机拍纸质文档,弯折(不压平),室内正常光,俯拍,07_publishing/05_catalog_directory/catalog_directory_017_古董拍卖图录.png,true
07_publishing/05_catalog_directory/catalog_directory_018_Software_License_Directory,07_publishing,05_catalog_directory,07_publishing/05_catalog_directory/catalog_directory_018_Software_License_Directory.json,07_publishing/05_catalog_directory/catalog_directory_018_Software_License_Directory.html,07_publishing/05_catalog_directory/catalog_directory_018_Software_License_Directory.png,07_publishing/05_catalog_directory/catalog_directory_018_Software_License_Directory.png,07_publishing/05_catalog_directory/catalog_directory_018_Software_License_Directory__real_phone_flat_normal_top.png,phone_flat_indoor_normal_top,手机拍纸质文档,平整,室内正常光,俯拍,07_publishing/05_catalog_directory/catalog_directory_018_Software_License_Directory.png,true
07_publishing/05_catalog_directory/catalog_directory_019_有机食品产品目录,07_publishing,05_catalog_directory,07_publishing/05_catalog_directory/catalog_directory_019_有机食品产品目录.json,07_publishing/05_catalog_directory/catalog_directory_019_有机食品产品目录.html,07_publishing/05_catalog_directory/catalog_directory_019_有机食品产品目录.png,07_publishing/05_catalog_directory/catalog_directory_019_有机食品产品目录.png,07_publishing/05_catalog_directory/catalog_directory_019_有机食品产品目录__real_phone_bent_normal_top.png,phone_bent_indoor_normal_top,手机拍纸质文档,弯折(不压平),室内正常光,俯拍,07_publishing/05_catalog_directory/catalog_directory_019_有机食品产品目录.png,true
07_publishing/05_catalog_directory/catalog_directory_020_高端音响器材目录,07_publishing,05_catalog_directory,07_publishing/05_catalog_directory/catalog_directory_020_高端音响器材目录.json,07_publishing/05_catalog_directory/catalog_directory_020_高端音响器材目录.html,07_publishing/05_catalog_directory/catalog_directory_020_高端音响器材目录.png,07_publishing/05_catalog_directory/catalog_directory_020_高端音响器材目录.png,07_publishing/05_catalog_directory/catalog_directory_020_高端音响器材目录__real_screenshot_na_na_na.png,phone_flat_indoor_normal_top,手机拍纸质文档,平整,室内正常光,俯拍,07_publishing/05_catalog_directory/catalog_directory_020_高端音响器材目录.png,true
08_technical/01_product_manual/product_manual_001_工业机器人操作手册,08_technical,01_product_manual,08_technical/01_product_manual/product_manual_001_工业机器人操作手册.json,08_technical/01_product_manual/product_manual_001_工业机器人操作手册.html,08_technical/01_product_manual/product_manual_001_工业机器人操作手册.png,08_technical/01_product_manual/product_manual_001_工业机器人操作手册.png,08_technical/01_product_manual/product_manual_001_工业机器人操作手册__real_phone_bent_normal_top.png,phone_bent_indoor_normal_top,手机拍纸质文档,弯折(不压平),室内正常光,俯拍,08_technical/01_product_manual/product_manual_001_工业机器人操作手册.png,true
08_technical/01_product_manual/product_manual_002_软件用户手册,08_technical,01_product_manual,08_technical/01_product_manual/product_manual_002_软件用户手册.json,08_technical/01_product_manual/product_manual_002_软件用户手册.html,08_technical/01_product_manual/product_manual_002_软件用户手册.png,08_technical/01_product_manual/product_manual_002_软件用户手册.png,08_technical/01_product_manual/product_manual_002_软件用户手册__real_phone_flat_normal_top.png,phone_flat_indoor_normal_top,手机拍纸质文档,平整,室内正常光,俯拍,08_technical/01_product_manual/product_manual_002_软件用户手册.png,true
08_technical/01_product_manual/product_manual_003_家电说明书_双语,08_technical,01_product_manual,08_technical/01_product_manual/product_manual_003_家电说明书_双语.json,08_technical/01_product_manual/product_manual_003_家电说明书_双语.html,08_technical/01_product_manual/product_manual_003_家电说明书_双语.png,08_technical/01_product_manual/product_manual_003_家电说明书_双语.png,08_technical/01_product_manual/product_manual_003_家电说明书_双语__real_phone_bent_normal_top.png,phone_bent_indoor_normal_top,手机拍纸质文档,弯折(不压平),室内正常光,俯拍,08_technical/01_product_manual/product_manual_003_家电说明书_双语.png,true
08_technical/01_product_manual/product_manual_004_药品说明书,08_technical,01_product_manual,08_technical/01_product_manual/product_manual_004_药品说明书.json,08_technical/01_product_manual/product_manual_004_药品说明书.html,08_technical/01_product_manual/product_manual_004_药品说明书.png,08_technical/01_product_manual/product_manual_004_药品说明书.png,08_technical/01_product_manual/product_manual_004_药品说明书__real_screenshot_na_na_na.png,screenshot_compressed,截图+转发压缩,无(纯数字),无,无,08_technical/01_product_manual/product_manual_004_药品说明书.png,true
08_technical/01_product_manual/product_manual_005_Quick_Start_Guide_EN,08_technical,01_product_manual,08_technical/01_product_manual/product_manual_005_Quick_Start_Guide_EN.json,08_technical/01_product_manual/product_manual_005_Quick_Start_Guide_EN.html,08_technical/01_product_manual/product_manual_005_Quick_Start_Guide_EN.png,08_technical/01_product_manual/product_manual_005_Quick_Start_Guide_EN.png,08_technical/01_product_manual/product_manual_005_Quick_Start_Guide_EN__real_phone_bent_normal_top.png,phone_bent_indoor_normal_top,手机拍纸质文档,弯折(不压平),室内正常光,俯拍,08_technical/01_product_manual/product_manual_005_Quick_Start_Guide_EN.png,true
08_technical/01_product_manual/product_manual_006_工业机器人操作手册,08_technical,01_product_manual,08_technical/01_product_manual/product_manual_006_工业机器人操作手册.json,08_technical/01_product_manual/product_manual_006_工业机器人操作手册.html,08_technical/01_product_manual/product_manual_006_工业机器人操作手册.png,08_technical/01_product_manual/product_manual_006_工业机器人操作手册.png,08_technical/01_product_manual/product_manual_006_工业机器人操作手册__real_phone_flat_normal_top.png,phone_flat_indoor_normal_top,手机拍纸质文档,平整,室内正常光,俯拍,08_technical/01_product_manual/product_manual_006_工业机器人操作手册.png,true
08_technical/01_product_manual/product_manual_007_Camera_User_Guide_EN,08_technical,01_product_manual,08_technical/01_product_manual/product_manual_007_Camera_User_Guide_EN.json,08_technical/01_product_manual/product_manual_007_Camera_User_Guide_EN.html,08_technical/01_product_manual/product_manual_007_Camera_User_Guide_EN.png,08_technical/01_product_manual/product_manual_007_Camera_User_Guide_EN.png,08_technical/01_product_manual/product_manual_007_Camera_User_Guide_EN__real_phone_bent_normal_top.png,phone_bent_indoor_normal_top,手机拍纸质文档,弯折(不压平),室内正常光,俯拍,08_technical/01_product_manual/product_manual_007_Camera_User_Guide_EN.png,true
08_technical/01_product_manual/product_manual_008_工业热泵操作手册,08_technical,01_product_manual,08_technical/01_product_manual/product_manual_008_工业热泵操作手册.json,08_technical/01_product_manual/product_manual_008_工业热泵操作手册.html,08_technical/01_product_manual/product_manual_008_工业热泵操作手册.png,08_technical/01_product_manual/product_manual_008_工业热泵操作手册.png,08_technical/01_product_manual/product_manual_008_工业热泵操作手册__real_screenshot_na_na_na.png,screenshot_compressed,截图+转发压缩,无(纯数字),无,无,08_technical/01_product_manual/product_manual_008_工业热泵操作手册.png,true
08_technical/01_product_manual/product_manual_009_蒸汽烤箱微波炉说明书,08_technical,01_product_manual,08_technical/01_product_manual/product_manual_009_蒸汽烤箱微波炉说明书.json,08_technical/01_product_manual/product_manual_009_蒸汽烤箱微波炉说明书.html,08_technical/01_product_manual/product_manual_009_蒸汽烤箱微波炉说明书.png,08_technical/01_product_manual/product_manual_009_蒸汽烤箱微波炉说明书.png,08_technical/01_product_manual/product_manual_009_蒸汽烤箱微波炉说明书__real_phone_bent_normal_top.jpg,phone_bent_indoor_normal_top,手机拍纸质文档,弯折(不压平),室内正常光,俯拍,08_technical/01_product_manual/product_manual_009_蒸汽烤箱微波炉说明书.png,true
08_technical/01_product_manual/product_manual_010_医疗设备操作规程,08_technical,01_product_manual,08_technical/01_product_manual/product_manual_010_医疗设备操作规程.json,08_technical/01_product_manual/product_manual_010_医疗设备操作规程.html,08_technical/01_product_manual/product_manual_010_医疗设备操作规程.png,08_technical/01_product_manual/product_manual_010_医疗设备操作规程.png,08_technical/01_product_manual/product_manual_010_医疗设备操作规程__real_phone_flat_normal_top.jpg,phone_flat_indoor_normal_top,手机拍纸质文档,平整,室内正常光,俯拍,08_technical/01_product_manual/product_manual_010_医疗设备操作规程.png,true
08_technical/01_product_manual/product_manual_011_电动汽车充电桩操作手册,08_technical,01_product_manual,08_technical/01_product_manual/product_manual_011_电动汽车充电桩操作手册.json,08_technical/01_product_manual/product_manual_011_电动汽车充电桩操作手册.html,08_technical/01_product_manual/product_manual_011_电动汽车充电桩操作手册.png,08_technical/01_product_manual/product_manual_011_电动汽车充电桩操作手册.png,08_technical/01_product_manual/product_manual_011_电动汽车充电桩操作手册__real_phone_bent_normal_top.png,phone_bent_indoor_normal_top,手机拍纸质文档,弯折(不压平),室内正常光,俯拍,08_technical/01_product_manual/product_manual_011_电动汽车充电桩操作手册.png,true
08_technical/01_product_manual/product_manual_012_Drone_Flight_Guide_EN,08_technical,01_product_manual,08_technical/01_product_manual/product_manual_012_Drone_Flight_Guide_EN.json,08_technical/01_product_manual/product_manual_012_Drone_Flight_Guide_EN.html,08_technical/01_product_manual/product_manual_012_Drone_Flight_Guide_EN.png,08_technical/01_product_manual/product_manual_012_Drone_Flight_Guide_EN.png,08_technical/01_product_manual/product_manual_012_Drone_Flight_Guide_EN__real_screenshot_na_na_na.png,phone_flat_indoor_normal_top,手机拍纸质文档,平整,室内正常光,俯拍,08_technical/01_product_manual/product_manual_012_Drone_Flight_Guide_EN.png,true
08_technical/01_product_manual/product_manual_013_3D打印机用户手册,08_technical,01_product_manual,08_technical/01_product_manual/product_manual_013_3D打印机用户手册.json,08_technical/01_product_manual/product_manual_013_3D打印机用户手册.html,08_technical/01_product_manual/product_manual_013_3D打印机用户手册.png,08_technical/01_product_manual/product_manual_013_3D打印机用户手册.png,08_technical/01_product_manual/product_manual_013_3D打印机用户手册__real_phone_bent_normal_top.png,phone_bent_indoor_normal_top,手机拍纸质文档,弯折(不压平),室内正常光,俯拍,08_technical/01_product_manual/product_manual_013_3D打印机用户手册.png,true
08_technical/01_product_manual/product_manual_014_Solar_Inverter_Manual_EN,08_technical,01_product_manual,08_technical/01_product_manual/product_manual_014_Solar_Inverter_Manual_EN.json,08_technical/01_product_manual/product_manual_014_Solar_Inverter_Manual_EN.html,08_technical/01_product_manual/product_manual_014_Solar_Inverter_Manual_EN.png,08_technical/01_product_manual/product_manual_014_Solar_Inverter_Manual_EN.png,08_technical/01_product_manual/product_manual_014_Solar_Inverter_Manual_EN__real_screen_na_screen_screen.jpg,screen_photography,拍屏,无(屏幕显示),屏幕背光+室内光,手机对屏幕,08_technical/01_product_manual/product_manual_014_Solar_Inverter_Manual_EN.png,true
08_technical/01_product_manual/product_manual_015_实验室离心机操作规程,08_technical,01_product_manual,08_technical/01_product_manual/product_manual_015_实验室离心机操作规程.json,08_technical/01_product_manual/product_manual_015_实验室离心机操作规程.html,08_technical/01_product_manual/product_manual_015_实验室离心机操作规程.png,08_technical/01_product_manual/product_manual_015_实验室离心机操作规程.png,08_technical/01_product_manual/product_manual_015_实验室离心机操作规程__real_phone_bent_normal_top.jpg,phone_bent_indoor_normal_top,手机拍纸质文档,弯折(不压平),室内正常光,俯拍,08_technical/01_product_manual/product_manual_015_实验室离心机操作规程.png,true
08_technical/01_product_manual/product_manual_016_Network_Switch_Config_EN,08_technical,01_product_manual,08_technical/01_product_manual/product_manual_016_Network_Switch_Config_EN.json,08_technical/01_product_manual/product_manual_016_Network_Switch_Config_EN.html,08_technical/01_product_manual/product_manual_016_Network_Switch_Config_EN.png,08_technical/01_product_manual/product_manual_016_Network_Switch_Config_EN.png,08_technical/01_product_manual/product_manual_016_Network_Switch_Config_EN__real_phone_flat_normal_top.png,phone_flat_indoor_normal_top,手机拍纸质文档,平整,室内正常光,俯拍,08_technical/01_product_manual/product_manual_016_Network_Switch_Config_EN.png,true
08_technical/01_product_manual/product_manual_017_CNC数控机床操作手册,08_technical,01_product_manual,08_technical/01_product_manual/product_manual_017_CNC数控机床操作手册.json,08_technical/01_product_manual/product_manual_017_CNC数控机床操作手册.html,08_technical/01_product_manual/product_manual_017_CNC数控机床操作手册.png,08_technical/01_product_manual/product_manual_017_CNC数控机床操作手册.png,08_technical/01_product_manual/product_manual_017_CNC数控机床操作手册__real_phone_bent_normal_top.png,phone_bent_indoor_normal_top,手机拍纸质文档,弯折(不压平),室内正常光,俯拍,08_technical/01_product_manual/product_manual_017_CNC数控机床操作手册.png,true
08_technical/01_product_manual/product_manual_018_Smart_Lock_Guide_EN,08_technical,01_product_manual,08_technical/01_product_manual/product_manual_018_Smart_Lock_Guide_EN.json,08_technical/01_product_manual/product_manual_018_Smart_Lock_Guide_EN.html,08_technical/01_product_manual/product_manual_018_Smart_Lock_Guide_EN.png,08_technical/01_product_manual/product_manual_018_Smart_Lock_Guide_EN.png,08_technical/01_product_manual/product_manual_018_Smart_Lock_Guide_EN__real_phone_flat_flash_top.jpg,phone_flat_flash_top,手机拍纸质文档,平整,闪光灯,俯拍,08_technical/01_product_manual/product_manual_018_Smart_Lock_Guide_EN.png,true
08_technical/01_product_manual/product_manual_019_智能手表用户指南,08_technical,01_product_manual,08_technical/01_product_manual/product_manual_019_智能手表用户指南.json,08_technical/01_product_manual/product_manual_019_智能手表用户指南.html,08_technical/01_product_manual/product_manual_019_智能手表用户指南.png,08_technical/01_product_manual/product_manual_019_智能手表用户指南.png,08_technical/01_product_manual/product_manual_019_智能手表用户指南__real_phone_bent_normal_top.png,phone_bent_indoor_normal_top,手机拍纸质文档,弯折(不压平),室内正常光,俯拍,08_technical/01_product_manual/product_manual_019_智能手表用户指南.png,true
08_technical/01_product_manual/product_manual_020_Heat_Pump_Installation_EN,08_technical,01_product_manual,08_technical/01_product_manual/product_manual_020_Heat_Pump_Installation_EN.json,08_technical/01_product_manual/product_manual_020_Heat_Pump_Installation_EN.html,08_technical/01_product_manual/product_manual_020_Heat_Pump_Installation_EN.png,08_technical/01_product_manual/product_manual_020_Heat_Pump_Installation_EN.png,08_technical/01_product_manual/product_manual_020_Heat_Pump_Installation_EN__real_phone_flat_normal_top.png,phone_flat_indoor_normal_top,手机拍纸质文档,平整,室内正常光,俯拍,08_technical/01_product_manual/product_manual_020_Heat_Pump_Installation_EN.png,true
08_technical/02_datasheet/datasheet_001_STM32F407_MCU,08_technical,02_datasheet,08_technical/02_datasheet/datasheet_001_STM32F407_MCU.json,08_technical/02_datasheet/datasheet_001_STM32F407_MCU.html,08_technical/02_datasheet/datasheet_001_STM32F407_MCU.png,08_technical/02_datasheet/datasheet_001_STM32F407_MCU.png,08_technical/02_datasheet/datasheet_001_STM32F407_MCU__real_phone_flat_normal_top.jpg,phone_flat_indoor_normal_top,手机拍纸质文档,平整,室内正常光,俯拍,08_technical/02_datasheet/datasheet_001_STM32F407_MCU.png,true
08_technical/02_datasheet/datasheet_002_IC_Datasheet_EN,08_technical,02_datasheet,08_technical/02_datasheet/datasheet_002_IC_Datasheet_EN.json,08_technical/02_datasheet/datasheet_002_IC_Datasheet_EN.html,08_technical/02_datasheet/datasheet_002_IC_Datasheet_EN.png,08_technical/02_datasheet/datasheet_002_IC_Datasheet_EN.png,08_technical/02_datasheet/datasheet_002_IC_Datasheet_EN__real_screenshot_na_na_na.png,screen_photography,拍屏,无(屏幕显示),屏幕背光+室内光,手机对屏幕,08_technical/02_datasheet/datasheet_002_IC_Datasheet_EN.png,true
08_technical/02_datasheet/datasheet_003_MSDS_安全数据表,08_technical,02_datasheet,08_technical/02_datasheet/datasheet_003_MSDS_安全数据表.json,08_technical/02_datasheet/datasheet_003_MSDS_安全数据表.html,08_technical/02_datasheet/datasheet_003_MSDS_安全数据表.png,08_technical/02_datasheet/datasheet_003_MSDS_安全数据表.png,08_technical/02_datasheet/datasheet_003_MSDS_安全数据表__real_phone_flat_normal_top.png,phone_flat_indoor_normal_top,手机拍纸质文档,平整,室内正常光,俯拍,08_technical/02_datasheet/datasheet_003_MSDS_安全数据表.png,true
08_technical/02_datasheet/datasheet_004_传感器规格书,08_technical,02_datasheet,08_technical/02_datasheet/datasheet_004_传感器规格书.json,08_technical/02_datasheet/datasheet_004_传感器规格书.html,08_technical/02_datasheet/datasheet_004_传感器规格书.png,08_technical/02_datasheet/datasheet_004_传感器规格书.png,08_technical/02_datasheet/datasheet_004_传感器规格书__real_screen_na_screen_screen.jpg,screen_photography,拍屏,无(屏幕显示),屏幕背光+室内光,手机对屏幕,08_technical/02_datasheet/datasheet_004_传感器规格书.png,true
08_technical/02_datasheet/datasheet_005_材料试验报告,08_technical,02_datasheet,08_technical/02_datasheet/datasheet_005_材料试验报告.json,08_technical/02_datasheet/datasheet_005_材料试验报告.html,08_technical/02_datasheet/datasheet_005_材料试验报告.png,08_technical/02_datasheet/datasheet_005_材料试验报告.png,08_technical/02_datasheet/datasheet_005_材料试验报告__real_phone_flat_normal_top.jpg,phone_flat_indoor_normal_top,手机拍纸质文档,平整,室内正常光,俯拍,08_technical/02_datasheet/datasheet_005_材料试验报告.png,true
08_technical/02_datasheet/datasheet_006_MOSFET_Datasheet,08_technical,02_datasheet,08_technical/02_datasheet/datasheet_006_MOSFET_Datasheet.json,08_technical/02_datasheet/datasheet_006_MOSFET_Datasheet.html,08_technical/02_datasheet/datasheet_006_MOSFET_Datasheet.png,08_technical/02_datasheet/datasheet_006_MOSFET_Datasheet.png,08_technical/02_datasheet/datasheet_006_MOSFET_Datasheet__real_screen_na_screen_screen.png,screen_photography,拍屏,无(屏幕显示),屏幕背光+室内光,手机对屏幕,08_technical/02_datasheet/datasheet_006_MOSFET_Datasheet.png,true
08_technical/02_datasheet/datasheet_007_传感器规格书,08_technical,02_datasheet,08_technical/02_datasheet/datasheet_007_传感器规格书.json,08_technical/02_datasheet/datasheet_007_传感器规格书.html,08_technical/02_datasheet/datasheet_007_传感器规格书.png,08_technical/02_datasheet/datasheet_007_传感器规格书.png,08_technical/02_datasheet/datasheet_007_传感器规格书__real_phone_flat_normal_top.png,phone_flat_indoor_normal_top,手机拍纸质文档,平整,室内正常光,俯拍,08_technical/02_datasheet/datasheet_007_传感器规格书.png,true
08_technical/02_datasheet/datasheet_008_滚珠丝杠技术数据表,08_technical,02_datasheet,08_technical/02_datasheet/datasheet_008_滚珠丝杠技术数据表.json,08_technical/02_datasheet/datasheet_008_滚珠丝杠技术数据表.html,08_technical/02_datasheet/datasheet_008_滚珠丝杠技术数据表.png,08_technical/02_datasheet/datasheet_008_滚珠丝杠技术数据表.png,08_technical/02_datasheet/datasheet_008_滚珠丝杠技术数据表__real_screen_na_screen_screen.jpg,screen_photography,拍屏,无(屏幕显示),屏幕背光+室内光,手机对屏幕,08_technical/02_datasheet/datasheet_008_滚珠丝杠技术数据表.png,true
08_technical/02_datasheet/datasheet_009_化学品技术规格书,08_technical,02_datasheet,08_technical/02_datasheet/datasheet_009_化学品技术规格书.json,08_technical/02_datasheet/datasheet_009_化学品技术规格书.html,08_technical/02_datasheet/datasheet_009_化学品技术规格书.png,08_technical/02_datasheet/datasheet_009_化学品技术规格书.png,08_technical/02_datasheet/datasheet_009_化学品技术规格书__real_screen_na_screen_screen.png,screen_photography,拍屏,无(屏幕显示),屏幕背光+室内光,手机对屏幕,08_technical/02_datasheet/datasheet_009_化学品技术规格书.png,true
08_technical/02_datasheet/datasheet_010_MLCC电容器规格书,08_technical,02_datasheet,08_technical/02_datasheet/datasheet_010_MLCC电容器规格书.json,08_technical/02_datasheet/datasheet_010_MLCC电容器规格书.html,08_technical/02_datasheet/datasheet_010_MLCC电容器规格书.png,08_technical/02_datasheet/datasheet_010_MLCC电容器规格书.png,08_technical/02_datasheet/datasheet_010_MLCC电容器规格书__real_screen_na_screen_screen.jpg,screen_photography,拍屏,无(屏幕显示),屏幕背光+室内光,手机对屏幕,08_technical/02_datasheet/datasheet_010_MLCC电容器规格书.png,true
08_technical/02_datasheet/datasheet_011_OpAmp_Datasheet_EN,08_technical,02_datasheet,08_technical/02_datasheet/datasheet_011_OpAmp_Datasheet_EN.json,08_technical/02_datasheet/datasheet_011_OpAmp_Datasheet_EN.html,08_technical/02_datasheet/datasheet_011_OpAmp_Datasheet_EN.png,08_technical/02_datasheet/datasheet_011_OpAmp_Datasheet_EN.png,08_technical/02_datasheet/datasheet_011_OpAmp_Datasheet_EN__real_phone_flat_normal_top.png,phone_flat_indoor_normal_top,手机拍纸质文档,平整,室内正常光,俯拍,08_technical/02_datasheet/datasheet_011_OpAmp_Datasheet_EN.png,true
08_technical/02_datasheet/datasheet_012_锂电池规格书,08_technical,02_datasheet,08_technical/02_datasheet/datasheet_012_锂电池规格书.json,08_technical/02_datasheet/datasheet_012_锂电池规格书.html,08_technical/02_datasheet/datasheet_012_锂电池规格书.png,08_technical/02_datasheet/datasheet_012_锂电池规格书.png,08_technical/02_datasheet/datasheet_012_锂电池规格书__real_screen_na_screen_screen.png,screen_photography,拍屏,无(屏幕显示),屏幕背光+室内光,手机对屏幕,08_technical/02_datasheet/datasheet_012_锂电池规格书.png,true
08_technical/02_datasheet/datasheet_013_RF_Transceiver_Module_EN,08_technical,02_datasheet,08_technical/02_datasheet/datasheet_013_RF_Transceiver_Module_EN.json,08_technical/02_datasheet/datasheet_013_RF_Transceiver_Module_EN.html,08_technical/02_datasheet/datasheet_013_RF_Transceiver_Module_EN.png,08_technical/02_datasheet/datasheet_013_RF_Transceiver_Module_EN.png,08_technical/02_datasheet/datasheet_013_RF_Transceiver_Module_EN__real_phone_flat_normal_top.png,phone_flat_indoor_normal_top,手机拍纸质文档,平整,室内正常光,俯拍,08_technical/02_datasheet/datasheet_013_RF_Transceiver_Module_EN.png,true
08_technical/02_datasheet/datasheet_014_光纤收发器规格书,08_technical,02_datasheet,08_technical/02_datasheet/datasheet_014_光纤收发器规格书.json,08_technical/02_datasheet/datasheet_014_光纤收发器规格书.html,08_technical/02_datasheet/datasheet_014_光纤收发器规格书.png,08_technical/02_datasheet/datasheet_014_光纤收发器规格书.png,08_technical/02_datasheet/datasheet_014_光纤收发器规格书__real_screen_na_screen_screen.png,screen_photography,拍屏,无(屏幕显示),屏幕背光+室内光,手机对屏幕,08_technical/02_datasheet/datasheet_014_光纤收发器规格书.png,true
08_technical/02_datasheet/datasheet_015_LED_Driver_IC_EN,08_technical,02_datasheet,08_technical/02_datasheet/datasheet_015_LED_Driver_IC_EN.json,08_technical/02_datasheet/datasheet_015_LED_Driver_IC_EN.html,08_technical/02_datasheet/datasheet_015_LED_Driver_IC_EN.png,08_technical/02_datasheet/datasheet_015_LED_Driver_IC_EN.png,08_technical/02_datasheet/datasheet_015_LED_Driver_IC_EN__real_phone_flat_normal_top.png,phone_flat_indoor_normal_top,手机拍纸质文档,平整,室内正常光,俯拍,08_technical/02_datasheet/datasheet_015_LED_Driver_IC_EN.png,true
08_technical/02_datasheet/datasheet_016_Pressure_Sensor_Datasheet_EN,08_technical,02_datasheet,08_technical/02_datasheet/datasheet_016_Pressure_Sensor_Datasheet_EN.json,08_technical/02_datasheet/datasheet_016_Pressure_Sensor_Datasheet_EN.html,08_technical/02_datasheet/datasheet_016_Pressure_Sensor_Datasheet_EN.png,08_technical/02_datasheet/datasheet_016_Pressure_Sensor_Datasheet_EN.png,08_technical/02_datasheet/datasheet_016_Pressure_Sensor_Datasheet_EN__real_screen_na_screen_screen.jpg,screen_photography,拍屏,无(屏幕显示),屏幕背光+室内光,手机对屏幕,08_technical/02_datasheet/datasheet_016_Pressure_Sensor_Datasheet_EN.png,true
08_technical/02_datasheet/datasheet_017_IGBT_Module_Datasheet_EN,08_technical,02_datasheet,08_technical/02_datasheet/datasheet_017_IGBT_Module_Datasheet_EN.json,08_technical/02_datasheet/datasheet_017_IGBT_Module_Datasheet_EN.html,08_technical/02_datasheet/datasheet_017_IGBT_Module_Datasheet_EN.png,08_technical/02_datasheet/datasheet_017_IGBT_Module_Datasheet_EN.png,08_technical/02_datasheet/datasheet_017_IGBT_Module_Datasheet_EN__real_screenshot_na_na_na.png,screenshot_compressed,截图+转发压缩,无(纯数字),无,无,08_technical/02_datasheet/datasheet_017_IGBT_Module_Datasheet_EN.png,true
08_technical/02_datasheet/datasheet_018_MLCC_Capacitor_Datasheet_EN,08_technical,02_datasheet,08_technical/02_datasheet/datasheet_018_MLCC_Capacitor_Datasheet_EN.json,08_technical/02_datasheet/datasheet_018_MLCC_Capacitor_Datasheet_EN.html,08_technical/02_datasheet/datasheet_018_MLCC_Capacitor_Datasheet_EN.png,08_technical/02_datasheet/datasheet_018_MLCC_Capacitor_Datasheet_EN.png,08_technical/02_datasheet/datasheet_018_MLCC_Capacitor_Datasheet_EN__real_screen_na_screen_screen.jpg,screen_photography,拍屏,无(屏幕显示),屏幕背光+室内光,手机对屏幕,08_technical/02_datasheet/datasheet_018_MLCC_Capacitor_Datasheet_EN.png,true
08_technical/02_datasheet/datasheet_019_温湿度传感器规格书,08_technical,02_datasheet,08_technical/02_datasheet/datasheet_019_温湿度传感器规格书.json,08_technical/02_datasheet/datasheet_019_温湿度传感器规格书.html,08_technical/02_datasheet/datasheet_019_温湿度传感器规格书.png,08_technical/02_datasheet/datasheet_019_温湿度传感器规格书.png,08_technical/02_datasheet/datasheet_019_温湿度传感器规格书__real_phone_flat_normal_top.png,phone_flat_indoor_normal_top,手机拍纸质文档,平整,室内正常光,俯拍,08_technical/02_datasheet/datasheet_019_温湿度传感器规格书.png,true
08_technical/02_datasheet/datasheet_020_Industrial_Relay_Datasheet_EN,08_technical,02_datasheet,08_technical/02_datasheet/datasheet_020_Industrial_Relay_Datasheet_EN.json,08_technical/02_datasheet/datasheet_020_Industrial_Relay_Datasheet_EN.html,08_technical/02_datasheet/datasheet_020_Industrial_Relay_Datasheet_EN.png,08_technical/02_datasheet/datasheet_020_Industrial_Relay_Datasheet_EN.png,08_technical/02_datasheet/datasheet_020_Industrial_Relay_Datasheet_EN__real_screen_na_screen_screen.png,screen_photography,拍屏,无(屏幕显示),屏幕背光+室内光,手机对屏幕,08_technical/02_datasheet/datasheet_020_Industrial_Relay_Datasheet_EN.png,true
08_technical/02_datasheet/datasheet_021_工业酒精安全数据表,08_technical,02_datasheet,08_technical/02_datasheet/datasheet_021_工业酒精安全数据表.json,08_technical/02_datasheet/datasheet_021_工业酒精安全数据表.html,08_technical/02_datasheet/datasheet_021_工业酒精安全数据表.png,08_technical/02_datasheet/datasheet_021_工业酒精安全数据表.png,08_technical/02_datasheet/datasheet_021_工业酒精安全数据表__real_phone_flat_normal_top.png,phone_flat_indoor_normal_top,手机拍纸质文档,平整,室内正常光,俯拍,08_technical/02_datasheet/datasheet_021_工业酒精安全数据表.png,true
08_technical/02_datasheet/datasheet_022_Sulfuric_Acid_SDS,08_technical,02_datasheet,08_technical/02_datasheet/datasheet_022_Sulfuric_Acid_SDS.json,08_technical/02_datasheet/datasheet_022_Sulfuric_Acid_SDS.html,08_technical/02_datasheet/datasheet_022_Sulfuric_Acid_SDS.png,08_technical/02_datasheet/datasheet_022_Sulfuric_Acid_SDS.png,08_technical/02_datasheet/datasheet_022_Sulfuric_Acid_SDS__real_screen_na_screen_screen.jpg,screen_photography,拍屏,无(屏幕显示),屏幕背光+室内光,手机对屏幕,08_technical/02_datasheet/datasheet_022_Sulfuric_Acid_SDS.png,true
08_technical/02_datasheet/datasheet_023_锂电池安全数据表,08_technical,02_datasheet,08_technical/02_datasheet/datasheet_023_锂电池安全数据表.json,08_technical/02_datasheet/datasheet_023_锂电池安全数据表.html,08_technical/02_datasheet/datasheet_023_锂电池安全数据表.png,08_technical/02_datasheet/datasheet_023_锂电池安全数据表.png,08_technical/02_datasheet/datasheet_023_锂电池安全数据表__real_phone_flat_normal_top.png,phone_flat_indoor_normal_top,手机拍纸质文档,平整,室内正常光,俯拍,08_technical/02_datasheet/datasheet_023_锂电池安全数据表.png,true
08_technical/02_datasheet/datasheet_024_Cleaning_Product_SDS,08_technical,02_datasheet,08_technical/02_datasheet/datasheet_024_Cleaning_Product_SDS.json,08_technical/02_datasheet/datasheet_024_Cleaning_Product_SDS.html,08_technical/02_datasheet/datasheet_024_Cleaning_Product_SDS.png,08_technical/02_datasheet/datasheet_024_Cleaning_Product_SDS.png,08_technical/02_datasheet/datasheet_024_Cleaning_Product_SDS__real_screen_na_screen_screen.jpg,screen_photography,拍屏,无(屏幕显示),屏幕背光+室内光,手机对屏幕,08_technical/02_datasheet/datasheet_024_Cleaning_Product_SDS.png,true
08_technical/02_datasheet/datasheet_025_农药产品安全技术说明书,08_technical,02_datasheet,08_technical/02_datasheet/datasheet_025_农药产品安全技术说明书.json,08_technical/02_datasheet/datasheet_025_农药产品安全技术说明书.html,08_technical/02_datasheet/datasheet_025_农药产品安全技术说明书.png,08_technical/02_datasheet/datasheet_025_农药产品安全技术说明书.png,08_technical/02_datasheet/datasheet_025_农药产品安全技术说明书__real_phone_flat_normal_top.png,phone_flat_indoor_normal_top,手机拍纸质文档,平整,室内正常光,俯拍,08_technical/02_datasheet/datasheet_025_农药产品安全技术说明书.png,true
08_technical/02_datasheet/datasheet_026_氢气SDS,08_technical,02_datasheet,08_technical/02_datasheet/datasheet_026_氢气SDS.json,08_technical/02_datasheet/datasheet_026_氢气SDS.html,08_technical/02_datasheet/datasheet_026_氢气SDS.png,08_technical/02_datasheet/datasheet_026_氢气SDS.png,08_technical/02_datasheet/datasheet_026_氢气SDS__real_screen_na_screen_screen.png,screen_photography,拍屏,无(屏幕显示),屏幕背光+室内光,手机对屏幕,08_technical/02_datasheet/datasheet_026_氢气SDS.png,true
08_technical/02_datasheet/datasheet_027_Pesticide_SDS,08_technical,02_datasheet,08_technical/02_datasheet/datasheet_027_Pesticide_SDS.json,08_technical/02_datasheet/datasheet_027_Pesticide_SDS.html,08_technical/02_datasheet/datasheet_027_Pesticide_SDS.png,08_technical/02_datasheet/datasheet_027_Pesticide_SDS.png,08_technical/02_datasheet/datasheet_027_Pesticide_SDS__real_phone_flat_normal_top.png,phone_flat_indoor_normal_top,手机拍纸质文档,平整,室内正常光,俯拍,08_technical/02_datasheet/datasheet_027_Pesticide_SDS.png,true
08_technical/02_datasheet/datasheet_028_甲苯安全数据表,08_technical,02_datasheet,08_technical/02_datasheet/datasheet_028_甲苯安全数据表.json,08_technical/02_datasheet/datasheet_028_甲苯安全数据表.html,08_technical/02_datasheet/datasheet_028_甲苯安全数据表.png,08_technical/02_datasheet/datasheet_028_甲苯安全数据表.png,08_technical/02_datasheet/datasheet_028_甲苯安全数据表__real_screen_na_screen_screen.jpg,screen_photography,拍屏,无(屏幕显示),屏幕背光+室内光,手机对屏幕,08_technical/02_datasheet/datasheet_028_甲苯安全数据表.png,true
08_technical/02_datasheet/datasheet_029_放射性物质SDS_中英,08_technical,02_datasheet,08_technical/02_datasheet/datasheet_029_放射性物质SDS_中英.json,08_technical/02_datasheet/datasheet_029_放射性物质SDS_中英.html,08_technical/02_datasheet/datasheet_029_放射性物质SDS_中英.png,08_technical/02_datasheet/datasheet_029_放射性物质SDS_中英.png,08_technical/02_datasheet/datasheet_029_放射性物质SDS_中英__real_screenshot_na_na_na.png,screenshot_compressed,截图+转发压缩,无(纯数字),无,无,08_technical/02_datasheet/datasheet_029_放射性物质SDS_中英.png,true
08_technical/02_datasheet/datasheet_030_甲苯安全数据表_双语,08_technical,02_datasheet,08_technical/02_datasheet/datasheet_030_甲苯安全数据表_双语.json,08_technical/02_datasheet/datasheet_030_甲苯安全数据表_双语.html,08_technical/02_datasheet/datasheet_030_甲苯安全数据表_双语.png,08_technical/02_datasheet/datasheet_030_甲苯安全数据表_双语.png,08_technical/02_datasheet/datasheet_030_甲苯安全数据表_双语__real_screen_na_screen_screen.png,screen_photography,拍屏,无(屏幕显示),屏幕背光+室内光,手机对屏幕,08_technical/02_datasheet/datasheet_030_甲苯安全数据表_双语.png,true
08_technical/03_api_reference/api_doc_001_RESTful_API_Reference,08_technical,03_api_reference,08_technical/03_api_reference/api_doc_001_RESTful_API_Reference.json,08_technical/03_api_reference/api_doc_001_RESTful_API_Reference.html,08_technical/03_api_reference/api_doc_001_RESTful_API_Reference.png,08_technical/03_api_reference/api_doc_001_RESTful_API_Reference.png,08_technical/03_api_reference/api_doc_001_RESTful_API_Reference__real_screen_na_screen_screen.jpg,screen_photography,拍屏,无(屏幕显示),屏幕背光+室内光,手机对屏幕,08_technical/03_api_reference/api_doc_001_RESTful_API_Reference.png,true
08_technical/03_api_reference/api_doc_002_REST_API_Reference,08_technical,03_api_reference,08_technical/03_api_reference/api_doc_002_REST_API_Reference.json,08_technical/03_api_reference/api_doc_002_REST_API_Reference.html,08_technical/03_api_reference/api_doc_002_REST_API_Reference.png,08_technical/03_api_reference/api_doc_002_REST_API_Reference.png,08_technical/03_api_reference/api_doc_002_REST_API_Reference__real_screen_na_screen_screen.jpg,screen_photography,拍屏,无(屏幕显示),屏幕背光+室内光,手机对屏幕,08_technical/03_api_reference/api_doc_002_REST_API_Reference.png,true
08_technical/03_api_reference/api_doc_003_Python_SDK_Doc,08_technical,03_api_reference,08_technical/03_api_reference/api_doc_003_Python_SDK_Doc.json,08_technical/03_api_reference/api_doc_003_Python_SDK_Doc.html,08_technical/03_api_reference/api_doc_003_Python_SDK_Doc.png,08_technical/03_api_reference/api_doc_003_Python_SDK_Doc.png,08_technical/03_api_reference/api_doc_003_Python_SDK_Doc__real_screen_na_screen_screen.jpg,screen_photography,拍屏,无(屏幕显示),屏幕背光+室内光,手机对屏幕,08_technical/03_api_reference/api_doc_003_Python_SDK_Doc.png,true
08_technical/03_api_reference/api_doc_004_CLI_Help_Output,08_technical,03_api_reference,08_technical/03_api_reference/api_doc_004_CLI_Help_Output.json,08_technical/03_api_reference/api_doc_004_CLI_Help_Output.html,08_technical/03_api_reference/api_doc_004_CLI_Help_Output.png,08_technical/03_api_reference/api_doc_004_CLI_Help_Output.png,08_technical/03_api_reference/api_doc_004_CLI_Help_Output__real_screen_photography.png,screen_photography,拍屏,无(屏幕显示),屏幕背光+室内光,手机对屏幕,08_technical/03_api_reference/api_doc_004_CLI_Help_Output.png,true
08_technical/03_api_reference/api_doc_005_GraphQL_Schema_Doc,08_technical,03_api_reference,08_technical/03_api_reference/api_doc_005_GraphQL_Schema_Doc.json,08_technical/03_api_reference/api_doc_005_GraphQL_Schema_Doc.html,08_technical/03_api_reference/api_doc_005_GraphQL_Schema_Doc.png,08_technical/03_api_reference/api_doc_005_GraphQL_Schema_Doc.png,08_technical/03_api_reference/api_doc_005_GraphQL_Schema_Doc__real_screen_na_screen_screen.png,screen_photography,拍屏,无(屏幕显示),屏幕背光+室内光,手机对屏幕,08_technical/03_api_reference/api_doc_005_GraphQL_Schema_Doc.png,true
08_technical/03_api_reference/api_reference_006_Payment_API,08_technical,03_api_reference,08_technical/03_api_reference/api_reference_006_Payment_API.json,08_technical/03_api_reference/api_reference_006_Payment_API.html,08_technical/03_api_reference/api_reference_006_Payment_API.png,08_technical/03_api_reference/api_reference_006_Payment_API.png,08_technical/03_api_reference/api_reference_006_Payment_API__real_screen_na_screen_screen.jpg,screen_photography,拍屏,无(屏幕显示),屏幕背光+室内光,手机对屏幕,08_technical/03_api_reference/api_reference_006_Payment_API.png,true
08_technical/03_api_reference/api_reference_007_gRPC_Service,08_technical,03_api_reference,08_technical/03_api_reference/api_reference_007_gRPC_Service.json,08_technical/03_api_reference/api_reference_007_gRPC_Service.html,08_technical/03_api_reference/api_reference_007_gRPC_Service.png,08_technical/03_api_reference/api_reference_007_gRPC_Service.png,08_technical/03_api_reference/api_reference_007_gRPC_Service__real_screen_na_screen_screen.png,screen_photography,拍屏,无(屏幕显示),屏幕背光+室内光,手机对屏幕,08_technical/03_api_reference/api_reference_007_gRPC_Service.png,true
08_technical/03_api_reference/api_reference_008_微信小程序API,08_technical,03_api_reference,08_technical/03_api_reference/api_reference_008_微信小程序API.json,08_technical/03_api_reference/api_reference_008_微信小程序API.html,08_technical/03_api_reference/api_reference_008_微信小程序API.png,08_technical/03_api_reference/api_reference_008_微信小程序API.png,08_technical/03_api_reference/api_reference_008_微信小程序API__real_screen_na_screen_screen.png,screen_photography,拍屏,无(屏幕显示),屏幕背光+室内光,手机对屏幕,08_technical/03_api_reference/api_reference_008_微信小程序API.png,true
08_technical/03_api_reference/api_reference_009_OpenAPI_Swagger,08_technical,03_api_reference,08_technical/03_api_reference/api_reference_009_OpenAPI_Swagger.json,08_technical/03_api_reference/api_reference_009_OpenAPI_Swagger.html,08_technical/03_api_reference/api_reference_009_OpenAPI_Swagger.png,08_technical/03_api_reference/api_reference_009_OpenAPI_Swagger.png,08_technical/03_api_reference/api_reference_009_OpenAPI_Swagger__real_screen_na_screen_screen.jpg,screen_photography,拍屏,无(屏幕显示),屏幕背光+室内光,手机对屏幕,08_technical/03_api_reference/api_reference_009_OpenAPI_Swagger.png,true
08_technical/03_api_reference/api_reference_010_Database_API_EN,08_technical,03_api_reference,08_technical/03_api_reference/api_reference_010_Database_API_EN.json,08_technical/03_api_reference/api_reference_010_Database_API_EN.html,08_technical/03_api_reference/api_reference_010_Database_API_EN.png,08_technical/03_api_reference/api_reference_010_Database_API_EN.png,08_technical/03_api_reference/api_reference_010_Database_API_EN__real_screen_na_screen_screen.jpg,screen_photography,拍屏,无(屏幕显示),屏幕背光+室内光,手机对屏幕,08_technical/03_api_reference/api_reference_010_Database_API_EN.png,true
08_technical/03_api_reference/api_reference_011_WebSocket_API,08_technical,03_api_reference,08_technical/03_api_reference/api_reference_011_WebSocket_API.json,08_technical/03_api_reference/api_reference_011_WebSocket_API.html,08_technical/03_api_reference/api_reference_011_WebSocket_API.png,08_technical/03_api_reference/api_reference_011_WebSocket_API.png,08_technical/03_api_reference/api_reference_011_WebSocket_API__real_screen_na_screen_screen.png,screen_photography,拍屏,无(屏幕显示),屏幕背光+室内光,手机对屏幕,08_technical/03_api_reference/api_reference_011_WebSocket_API.png,true
08_technical/03_api_reference/api_reference_012_OAuth2_Flow,08_technical,03_api_reference,08_technical/03_api_reference/api_reference_012_OAuth2_Flow.json,08_technical/03_api_reference/api_reference_012_OAuth2_Flow.html,08_technical/03_api_reference/api_reference_012_OAuth2_Flow.png,08_technical/03_api_reference/api_reference_012_OAuth2_Flow.png,08_technical/03_api_reference/api_reference_012_OAuth2_Flow__real_screen_na_screen_screen.jpg,screen_photography,拍屏,无(屏幕显示),屏幕背光+室内光,手机对屏幕,08_technical/03_api_reference/api_reference_012_OAuth2_Flow.png,true
08_technical/03_api_reference/api_reference_013_地图定位API,08_technical,03_api_reference,08_technical/03_api_reference/api_reference_013_地图定位API.json,08_technical/03_api_reference/api_reference_013_地图定位API.html,08_technical/03_api_reference/api_reference_013_地图定位API.png,08_technical/03_api_reference/api_reference_013_地图定位API.png,08_technical/03_api_reference/api_reference_013_地图定位API__real_screen_na_screen_screen.png,screen_photography,拍屏,无(屏幕显示),屏幕背光+室内光,手机对屏幕,08_technical/03_api_reference/api_reference_013_地图定位API.png,true
08_technical/03_api_reference/api_reference_014_Kubernetes_API,08_technical,03_api_reference,08_technical/03_api_reference/api_reference_014_Kubernetes_API.json,08_technical/03_api_reference/api_reference_014_Kubernetes_API.html,08_technical/03_api_reference/api_reference_014_Kubernetes_API.png,08_technical/03_api_reference/api_reference_014_Kubernetes_API.png,08_technical/03_api_reference/api_reference_014_Kubernetes_API__real_screen_photography.png,screen_photography,拍屏,无(屏幕显示),屏幕背光+室内光,手机对屏幕,08_technical/03_api_reference/api_reference_014_Kubernetes_API.png,true
08_technical/03_api_reference/api_reference_015_ML_Inference_API,08_technical,03_api_reference,08_technical/03_api_reference/api_reference_015_ML_Inference_API.json,08_technical/03_api_reference/api_reference_015_ML_Inference_API.html,08_technical/03_api_reference/api_reference_015_ML_Inference_API.png,08_technical/03_api_reference/api_reference_015_ML_Inference_API.png,08_technical/03_api_reference/api_reference_015_ML_Inference_API__real_screen_na_screen_screen.png,screen_photography,拍屏,无(屏幕显示),屏幕背光+室内光,手机对屏幕,08_technical/03_api_reference/api_reference_015_ML_Inference_API.png,true
08_technical/03_api_reference/api_reference_016_AWS_S3_API,08_technical,03_api_reference,08_technical/03_api_reference/api_reference_016_AWS_S3_API.json,08_technical/03_api_reference/api_reference_016_AWS_S3_API.html,08_technical/03_api_reference/api_reference_016_AWS_S3_API.png,08_technical/03_api_reference/api_reference_016_AWS_S3_API.png,08_technical/03_api_reference/api_reference_016_AWS_S3_API__real_screen_na_screen_screen.png,screen_photography,拍屏,无(屏幕显示),屏幕背光+室内光,手机对屏幕,08_technical/03_api_reference/api_reference_016_AWS_S3_API.png,true
08_technical/03_api_reference/api_reference_017_Smart_Contract_ABI,08_technical,03_api_reference,08_technical/03_api_reference/api_reference_017_Smart_Contract_ABI.json,08_technical/03_api_reference/api_reference_017_Smart_Contract_ABI.html,08_technical/03_api_reference/api_reference_017_Smart_Contract_ABI.png,08_technical/03_api_reference/api_reference_017_Smart_Contract_ABI.png,08_technical/03_api_reference/api_reference_017_Smart_Contract_ABI__real_screen_photography.png,screen_photography,拍屏,无(屏幕显示),屏幕背光+室内光,手机对屏幕,08_technical/03_api_reference/api_reference_017_Smart_Contract_ABI.png,true
08_technical/03_api_reference/api_reference_018_iOS_UIKit_API,08_technical,03_api_reference,08_technical/03_api_reference/api_reference_018_iOS_UIKit_API.json,08_technical/03_api_reference/api_reference_018_iOS_UIKit_API.html,08_technical/03_api_reference/api_reference_018_iOS_UIKit_API.png,08_technical/03_api_reference/api_reference_018_iOS_UIKit_API.png,08_technical/03_api_reference/api_reference_018_iOS_UIKit_API__real_screen_na_screen_screen.png,screen_photography,拍屏,无(屏幕显示),屏幕背光+室内光,手机对屏幕,08_technical/03_api_reference/api_reference_018_iOS_UIKit_API.png,true
08_technical/03_api_reference/api_reference_019_Webhook_Events_EN,08_technical,03_api_reference,08_technical/03_api_reference/api_reference_019_Webhook_Events_EN.json,08_technical/03_api_reference/api_reference_019_Webhook_Events_EN.html,08_technical/03_api_reference/api_reference_019_Webhook_Events_EN.png,08_technical/03_api_reference/api_reference_019_Webhook_Events_EN.png,08_technical/03_api_reference/api_reference_019_Webhook_Events_EN__real_screen_na_screen_screen.jpg,screen_photography,拍屏,无(屏幕显示),屏幕背光+室内光,手机对屏幕,08_technical/03_api_reference/api_reference_019_Webhook_Events_EN.png,true
08_technical/03_api_reference/api_reference_020_MQTT_IoT_Protocol,08_technical,03_api_reference,08_technical/03_api_reference/api_reference_020_MQTT_IoT_Protocol.json,08_technical/03_api_reference/api_reference_020_MQTT_IoT_Protocol.html,08_technical/03_api_reference/api_reference_020_MQTT_IoT_Protocol.png,08_technical/03_api_reference/api_reference_020_MQTT_IoT_Protocol.png,08_technical/03_api_reference/api_reference_020_MQTT_IoT_Protocol__real_screen_na_screen_screen.jpg,screen_photography,拍屏,无(屏幕显示),屏幕背光+室内光,手机对屏幕,08_technical/03_api_reference/api_reference_020_MQTT_IoT_Protocol.png,true
08_technical/04_architecture_diagram/architecture_diagram_001_微服务架构设计文档,08_technical,04_architecture_diagram,08_technical/04_architecture_diagram/architecture_diagram_001_微服务架构设计文档.json,08_technical/04_architecture_diagram/architecture_diagram_001_微服务架构设计文档.html,08_technical/04_architecture_diagram/architecture_diagram_001_微服务架构设计文档.png,08_technical/04_architecture_diagram/architecture_diagram_001_微服务架构设计文档.png,08_technical/04_architecture_diagram/architecture_diagram_001_微服务架构设计文档__real_screen_na_screen_screen.jpg,screen_photography,拍屏,无(屏幕显示),屏幕背光+室内光,手机对屏幕,08_technical/04_architecture_diagram/architecture_diagram_001_微服务架构设计文档.png,true
08_technical/04_architecture_diagram/architecture_diagram_002_Cloud_Infrastructure_Design,08_technical,04_architecture_diagram,08_technical/04_architecture_diagram/architecture_diagram_002_Cloud_Infrastructure_Design.json,08_technical/04_architecture_diagram/architecture_diagram_002_Cloud_Infrastructure_Design.html,08_technical/04_architecture_diagram/architecture_diagram_002_Cloud_Infrastructure_Design.png,08_technical/04_architecture_diagram/architecture_diagram_002_Cloud_Infrastructure_Design.png,08_technical/04_architecture_diagram/architecture_diagram_002_Cloud_Infrastructure_Design__real_phone_flat_flash_top.png,phone_flat_flash_top,手机拍纸质文档,平整,闪光灯,俯拍,08_technical/04_architecture_diagram/architecture_diagram_002_Cloud_Infrastructure_Design.png,true
08_technical/04_architecture_diagram/architecture_diagram_003_数据处理流水线架构,08_technical,04_architecture_diagram,08_technical/04_architecture_diagram/architecture_diagram_003_数据处理流水线架构.json,08_technical/04_architecture_diagram/architecture_diagram_003_数据处理流水线架构.html,08_technical/04_architecture_diagram/architecture_diagram_003_数据处理流水线架构.png,08_technical/04_architecture_diagram/architecture_diagram_003_数据处理流水线架构.png,08_technical/04_architecture_diagram/architecture_diagram_003_数据处理流水线架构__real_screen_na_screen_screen.png,screen_photography,拍屏,无(屏幕显示),屏幕背光+室内光,手机对屏幕,08_technical/04_architecture_diagram/architecture_diagram_003_数据处理流水线架构.png,true
08_technical/04_architecture_diagram/architecture_diagram_004_Mobile_App_Architecture,08_technical,04_architecture_diagram,08_technical/04_architecture_diagram/architecture_diagram_004_Mobile_App_Architecture.json,08_technical/04_architecture_diagram/architecture_diagram_004_Mobile_App_Architecture.html,08_technical/04_architecture_diagram/architecture_diagram_004_Mobile_App_Architecture.png,08_technical/04_architecture_diagram/architecture_diagram_004_Mobile_App_Architecture.png,08_technical/04_architecture_diagram/architecture_diagram_004_Mobile_App_Architecture__real_screen_photography.png,screen_photography,拍屏,无(屏幕显示),屏幕背光+室内光,手机对屏幕,08_technical/04_architecture_diagram/architecture_diagram_004_Mobile_App_Architecture.png,true
08_technical/04_architecture_diagram/architecture_diagram_005_工业控制系统网络拓扑,08_technical,04_architecture_diagram,08_technical/04_architecture_diagram/architecture_diagram_005_工业控制系统网络拓扑.json,08_technical/04_architecture_diagram/architecture_diagram_005_工业控制系统网络拓扑.html,08_technical/04_architecture_diagram/architecture_diagram_005_工业控制系统网络拓扑.png,08_technical/04_architecture_diagram/architecture_diagram_005_工业控制系统网络拓扑.png,08_technical/04_architecture_diagram/architecture_diagram_005_工业控制系统网络拓扑__real_screen_na_screen_screen.png,screen_photography,拍屏,无(屏幕显示),屏幕背光+室内光,手机对屏幕,08_technical/04_architecture_diagram/architecture_diagram_005_工业控制系统网络拓扑.png,true
08_technical/04_architecture_diagram/architecture_diagram_006_K8s集群架构,08_technical,04_architecture_diagram,08_technical/04_architecture_diagram/architecture_diagram_006_K8s集群架构.json,08_technical/04_architecture_diagram/architecture_diagram_006_K8s集群架构.html,08_technical/04_architecture_diagram/architecture_diagram_006_K8s集群架构.png,08_technical/04_architecture_diagram/architecture_diagram_006_K8s集群架构.png,08_technical/04_architecture_diagram/architecture_diagram_006_K8s集群架构__real_phone_flat_normal_top.jpg,phone_flat_indoor_normal_top,手机拍纸质文档,平整,室内正常光,俯拍,08_technical/04_architecture_diagram/architecture_diagram_006_K8s集群架构.png,true
08_technical/04_architecture_diagram/architecture_diagram_007_IoT_Platform,08_technical,04_architecture_diagram,08_technical/04_architecture_diagram/architecture_diagram_007_IoT_Platform.json,08_technical/04_architecture_diagram/architecture_diagram_007_IoT_Platform.html,08_technical/04_architecture_diagram/architecture_diagram_007_IoT_Platform.png,08_technical/04_architecture_diagram/architecture_diagram_007_IoT_Platform.png,08_technical/04_architecture_diagram/architecture_diagram_007_IoT_Platform__real_screen_na_screen_screen.png,screen_photography,拍屏,无(屏幕显示),屏幕背光+室内光,手机对屏幕,08_technical/04_architecture_diagram/architecture_diagram_007_IoT_Platform.png,true
08_technical/04_architecture_diagram/architecture_diagram_008_数据仓库架构,08_technical,04_architecture_diagram,08_technical/04_architecture_diagram/architecture_diagram_008_数据仓库架构.json,08_technical/04_architecture_diagram/architecture_diagram_008_数据仓库架构.html,08_technical/04_architecture_diagram/architecture_diagram_008_数据仓库架构.png,08_technical/04_architecture_diagram/architecture_diagram_008_数据仓库架构.png,08_technical/04_architecture_diagram/architecture_diagram_008_数据仓库架构__real_phone_flat_normal_top.png,phone_flat_indoor_normal_top,手机拍纸质文档,平整,室内正常光,俯拍,08_technical/04_architecture_diagram/architecture_diagram_008_数据仓库架构.png,true
08_technical/04_architecture_diagram/architecture_diagram_009_System_Architecture_EN,08_technical,04_architecture_diagram,08_technical/04_architecture_diagram/architecture_diagram_009_System_Architecture_EN.json,08_technical/04_architecture_diagram/architecture_diagram_009_System_Architecture_EN.html,08_technical/04_architecture_diagram/architecture_diagram_009_System_Architecture_EN.png,08_technical/04_architecture_diagram/architecture_diagram_009_System_Architecture_EN.png,08_technical/04_architecture_diagram/architecture_diagram_009_System_Architecture_EN__real_screen_na_screen_screen.jpg,screen_photography,拍屏,无(屏幕显示),屏幕背光+室内光,手机对屏幕,08_technical/04_architecture_diagram/architecture_diagram_009_System_Architecture_EN.png,true
08_technical/04_architecture_diagram/architecture_diagram_010_网络拓扑架构图,08_technical,04_architecture_diagram,08_technical/04_architecture_diagram/architecture_diagram_010_网络拓扑架构图.json,08_technical/04_architecture_diagram/architecture_diagram_010_网络拓扑架构图.html,08_technical/04_architecture_diagram/architecture_diagram_010_网络拓扑架构图.png,08_technical/04_architecture_diagram/architecture_diagram_010_网络拓扑架构图.png,08_technical/04_architecture_diagram/architecture_diagram_010_网络拓扑架构图__real_phone_flat_normal_top.png,phone_flat_indoor_normal_top,手机拍纸质文档,平整,室内正常光,俯拍,08_technical/04_architecture_diagram/architecture_diagram_010_网络拓扑架构图.png,true
08_technical/04_architecture_diagram/architecture_diagram_011_CICD_Pipeline,08_technical,04_architecture_diagram,08_technical/04_architecture_diagram/architecture_diagram_011_CICD_Pipeline.json,08_technical/04_architecture_diagram/architecture_diagram_011_CICD_Pipeline.html,08_technical/04_architecture_diagram/architecture_diagram_011_CICD_Pipeline.png,08_technical/04_architecture_diagram/architecture_diagram_011_CICD_Pipeline.png,08_technical/04_architecture_diagram/architecture_diagram_011_CICD_Pipeline__real_screen_na_screen_screen.jpg,screen_photography,拍屏,无(屏幕显示),屏幕背光+室内光,手机对屏幕,08_technical/04_architecture_diagram/architecture_diagram_011_CICD_Pipeline.png,true
08_technical/04_architecture_diagram/architecture_diagram_012_Neural_Network_Architecture,08_technical,04_architecture_diagram,08_technical/04_architecture_diagram/architecture_diagram_012_Neural_Network_Architecture.json,08_technical/04_architecture_diagram/architecture_diagram_012_Neural_Network_Architecture.html,08_technical/04_architecture_diagram/architecture_diagram_012_Neural_Network_Architecture.png,08_technical/04_architecture_diagram/architecture_diagram_012_Neural_Network_Architecture.png,08_technical/04_architecture_diagram/architecture_diagram_012_Neural_Network_Architecture__real_phone_flat_normal_top.png,phone_flat_indoor_normal_top,手机拍纸质文档,平整,室内正常光,俯拍,08_technical/04_architecture_diagram/architecture_diagram_012_Neural_Network_Architecture.png,true
08_technical/04_architecture_diagram/architecture_diagram_013_区块链节点架构,08_technical,04_architecture_diagram,08_technical/04_architecture_diagram/architecture_diagram_013_区块链节点架构.json,08_technical/04_architecture_diagram/architecture_diagram_013_区块链节点架构.html,08_technical/04_architecture_diagram/architecture_diagram_013_区块链节点架构.png,08_technical/04_architecture_diagram/architecture_diagram_013_区块链节点架构.png,08_technical/04_architecture_diagram/architecture_diagram_013_区块链节点架构__real_screen_na_screen_screen.jpg,screen_photography,拍屏,无(屏幕显示),屏幕背光+室内光,手机对屏幕,08_technical/04_architecture_diagram/architecture_diagram_013_区块链节点架构.png,true
08_technical/04_architecture_diagram/architecture_diagram_014_Event_Driven_Architecture,08_technical,04_architecture_diagram,08_technical/04_architecture_diagram/architecture_diagram_014_Event_Driven_Architecture.json,08_technical/04_architecture_diagram/architecture_diagram_014_Event_Driven_Architecture.html,08_technical/04_architecture_diagram/architecture_diagram_014_Event_Driven_Architecture.png,08_technical/04_architecture_diagram/architecture_diagram_014_Event_Driven_Architecture.png,08_technical/04_architecture_diagram/architecture_diagram_014_Event_Driven_Architecture__real_screen_na_screen_screen.png,screen_photography,拍屏,无(屏幕显示),屏幕背光+室内光,手机对屏幕,08_technical/04_architecture_diagram/architecture_diagram_014_Event_Driven_Architecture.png,true
08_technical/04_architecture_diagram/architecture_diagram_015_Serverless_Architecture,08_technical,04_architecture_diagram,08_technical/04_architecture_diagram/architecture_diagram_015_Serverless_Architecture.json,08_technical/04_architecture_diagram/architecture_diagram_015_Serverless_Architecture.html,08_technical/04_architecture_diagram/architecture_diagram_015_Serverless_Architecture.png,08_technical/04_architecture_diagram/architecture_diagram_015_Serverless_Architecture.png,08_technical/04_architecture_diagram/architecture_diagram_015_Serverless_Architecture__real_screen_na_screen_screen.jpg,screen_photography,拍屏,无(屏幕显示),屏幕背光+室内光,手机对屏幕,08_technical/04_architecture_diagram/architecture_diagram_015_Serverless_Architecture.png,true
08_technical/04_architecture_diagram/architecture_diagram_016_数据库主从复制拓扑,08_technical,04_architecture_diagram,08_technical/04_architecture_diagram/architecture_diagram_016_数据库主从复制拓扑.json,08_technical/04_architecture_diagram/architecture_diagram_016_数据库主从复制拓扑.html,08_technical/04_architecture_diagram/architecture_diagram_016_数据库主从复制拓扑.png,08_technical/04_architecture_diagram/architecture_diagram_016_数据库主从复制拓扑.png,08_technical/04_architecture_diagram/architecture_diagram_016_数据库主从复制拓扑__real_screenshot_na_na_na.png,screenshot_compressed,截图+转发压缩,无(纯数字),无,无,08_technical/04_architecture_diagram/architecture_diagram_016_数据库主从复制拓扑.png,true
08_technical/04_architecture_diagram/architecture_diagram_017_Zero_Trust_Network,08_technical,04_architecture_diagram,08_technical/04_architecture_diagram/architecture_diagram_017_Zero_Trust_Network.json,08_technical/04_architecture_diagram/architecture_diagram_017_Zero_Trust_Network.html,08_technical/04_architecture_diagram/architecture_diagram_017_Zero_Trust_Network.png,08_technical/04_architecture_diagram/architecture_diagram_017_Zero_Trust_Network.png,08_technical/04_architecture_diagram/architecture_diagram_017_Zero_Trust_Network__real_screen_na_screen_screen.png,screen_photography,拍屏,无(屏幕显示),屏幕背光+室内光,手机对屏幕,08_technical/04_architecture_diagram/architecture_diagram_017_Zero_Trust_Network.png,true
08_technical/04_architecture_diagram/architecture_diagram_018_游戏服务器架构,08_technical,04_architecture_diagram,08_technical/04_architecture_diagram/architecture_diagram_018_游戏服务器架构.json,08_technical/04_architecture_diagram/architecture_diagram_018_游戏服务器架构.html,08_technical/04_architecture_diagram/architecture_diagram_018_游戏服务器架构.png,08_technical/04_architecture_diagram/architecture_diagram_018_游戏服务器架构.png,08_technical/04_architecture_diagram/architecture_diagram_018_游戏服务器架构__real_phone_flat_normal_top.png,phone_flat_indoor_normal_top,手机拍纸质文档,平整,室内正常光,俯拍,08_technical/04_architecture_diagram/architecture_diagram_018_游戏服务器架构.png,true
08_technical/04_architecture_diagram/architecture_diagram_019_Healthcare_HL7_Integration,08_technical,04_architecture_diagram,08_technical/04_architecture_diagram/architecture_diagram_019_Healthcare_HL7_Integration.json,08_technical/04_architecture_diagram/architecture_diagram_019_Healthcare_HL7_Integration.html,08_technical/04_architecture_diagram/architecture_diagram_019_Healthcare_HL7_Integration.png,08_technical/04_architecture_diagram/architecture_diagram_019_Healthcare_HL7_Integration.png,08_technical/04_architecture_diagram/architecture_diagram_019_Healthcare_HL7_Integration__real_screen_photography.png,screen_photography,拍屏,无(屏幕显示),屏幕背光+室内光,手机对屏幕,08_technical/04_architecture_diagram/architecture_diagram_019_Healthcare_HL7_Integration.png,true
08_technical/04_architecture_diagram/architecture_diagram_020_Microservices_Architecture_EN,08_technical,04_architecture_diagram,08_technical/04_architecture_diagram/architecture_diagram_020_Microservices_Architecture_EN.json,08_technical/04_architecture_diagram/architecture_diagram_020_Microservices_Architecture_EN.html,08_technical/04_architecture_diagram/architecture_diagram_020_Microservices_Architecture_EN.png,08_technical/04_architecture_diagram/architecture_diagram_020_Microservices_Architecture_EN.png,08_technical/04_architecture_diagram/architecture_diagram_020_Microservices_Architecture_EN__real_phone_flat_normal_top.png,phone_flat_indoor_normal_top,手机拍纸质文档,平整,室内正常光,俯拍,08_technical/04_architecture_diagram/architecture_diagram_020_Microservices_Architecture_EN.png,true
08_technical/05_release_notes/release_notes_001_企业ERP系统v3.2更新说明,08_technical,05_release_notes,08_technical/05_release_notes/release_notes_001_企业ERP系统v3.2更新说明.json,08_technical/05_release_notes/release_notes_001_企业ERP系统v3.2更新说明.html,08_technical/05_release_notes/release_notes_001_企业ERP系统v3.2更新说明.png,08_technical/05_release_notes/release_notes_001_企业ERP系统v3.2更新说明.png,08_technical/05_release_notes/release_notes_001_企业ERP系统v3.2更新说明__real_screen_na_screen_screen.png,screen_photography,拍屏,无(屏幕显示),屏幕背光+室内光,手机对屏幕,08_technical/05_release_notes/release_notes_001_企业ERP系统v3.2更新说明.png,true
08_technical/05_release_notes/release_notes_002_Open_Source_Library_v2.0_Changelog,08_technical,05_release_notes,08_technical/05_release_notes/release_notes_002_Open_Source_Library_v2.0_Changelog.json,08_technical/05_release_notes/release_notes_002_Open_Source_Library_v2.0_Changelog.html,08_technical/05_release_notes/release_notes_002_Open_Source_Library_v2.0_Changelog.png,08_technical/05_release_notes/release_notes_002_Open_Source_Library_v2.0_Changelog.png,08_technical/05_release_notes/release_notes_002_Open_Source_Library_v2.0_Changelog__real_screenshot_na_na_na.png,screenshot_compressed,截图+转发压缩,无(纯数字),无,无,08_technical/05_release_notes/release_notes_002_Open_Source_Library_v2.0_Changelog.png,true
08_technical/05_release_notes/release_notes_003_移动APP_v5.8版本更新,08_technical,05_release_notes,08_technical/05_release_notes/release_notes_003_移动APP_v5.8版本更新.json,08_technical/05_release_notes/release_notes_003_移动APP_v5.8版本更新.html,08_technical/05_release_notes/release_notes_003_移动APP_v5.8版本更新.png,08_technical/05_release_notes/release_notes_003_移动APP_v5.8版本更新.png,08_technical/05_release_notes/release_notes_003_移动APP_v5.8版本更新__real_screen_na_screen_screen.png,screen_photography,拍屏,无(屏幕显示),屏幕背光+室内光,手机对屏幕,08_technical/05_release_notes/release_notes_003_移动APP_v5.8版本更新.png,true
08_technical/05_release_notes/release_notes_004_API_v3_Migration_Guide,08_technical,05_release_notes,08_technical/05_release_notes/release_notes_004_API_v3_Migration_Guide.json,08_technical/05_release_notes/release_notes_004_API_v3_Migration_Guide.html,08_technical/05_release_notes/release_notes_004_API_v3_Migration_Guide.png,08_technical/05_release_notes/release_notes_004_API_v3_Migration_Guide.png,08_technical/05_release_notes/release_notes_004_API_v3_Migration_Guide__real_screenshot_na_na_na.png,screenshot_compressed,截图+转发压缩,无(纯数字),无,无,08_technical/05_release_notes/release_notes_004_API_v3_Migration_Guide.png,true
08_technical/05_release_notes/release_notes_005_数据库v12.1补丁说明,08_technical,05_release_notes,08_technical/05_release_notes/release_notes_005_数据库v12.1补丁说明.json,08_technical/05_release_notes/release_notes_005_数据库v12.1补丁说明.html,08_technical/05_release_notes/release_notes_005_数据库v12.1补丁说明.png,08_technical/05_release_notes/release_notes_005_数据库v12.1补丁说明.png,08_technical/05_release_notes/release_notes_005_数据库v12.1补丁说明__real_screen_na_screen_screen.jpg,screen_photography,拍屏,无(屏幕显示),屏幕背光+室内光,手机对屏幕,08_technical/05_release_notes/release_notes_005_数据库v12.1补丁说明.png,true
08_technical/05_release_notes/release_notes_006_Android_Update,08_technical,05_release_notes,08_technical/05_release_notes/release_notes_006_Android_Update.json,08_technical/05_release_notes/release_notes_006_Android_Update.html,08_technical/05_release_notes/release_notes_006_Android_Update.png,08_technical/05_release_notes/release_notes_006_Android_Update.png,08_technical/05_release_notes/release_notes_006_Android_Update__real_screenshot_na_na_na.png,screenshot_compressed,截图+转发压缩,无(纯数字),无,无,08_technical/05_release_notes/release_notes_006_Android_Update.png,true
08_technical/05_release_notes/release_notes_007_SaaS_Changelog,08_technical,05_release_notes,08_technical/05_release_notes/release_notes_007_SaaS_Changelog.json,08_technical/05_release_notes/release_notes_007_SaaS_Changelog.html,08_technical/05_release_notes/release_notes_007_SaaS_Changelog.png,08_technical/05_release_notes/release_notes_007_SaaS_Changelog.png,08_technical/05_release_notes/release_notes_007_SaaS_Changelog__real_screen_na_screen_screen.jpg,screen_photography,拍屏,无(屏幕显示),屏幕背光+室内光,手机对屏幕,08_technical/05_release_notes/release_notes_007_SaaS_Changelog.png,true
08_technical/05_release_notes/release_notes_008_固件升级_中英,08_technical,05_release_notes,08_technical/05_release_notes/release_notes_008_固件升级_中英.json,08_technical/05_release_notes/release_notes_008_固件升级_中英.html,08_technical/05_release_notes/release_notes_008_固件升级_中英.png,08_technical/05_release_notes/release_notes_008_固件升级_中英.png,08_technical/05_release_notes/release_notes_008_固件升级_中英__real_screenshot_compressed.png,screenshot_compressed,截图+转发压缩,无(纯数字),无,无,08_technical/05_release_notes/release_notes_008_固件升级_中英.png,true
08_technical/05_release_notes/release_notes_009_Version_Update_Notes_EN,08_technical,05_release_notes,08_technical/05_release_notes/release_notes_009_Version_Update_Notes_EN.json,08_technical/05_release_notes/release_notes_009_Version_Update_Notes_EN.html,08_technical/05_release_notes/release_notes_009_Version_Update_Notes_EN.png,08_technical/05_release_notes/release_notes_009_Version_Update_Notes_EN.png,08_technical/05_release_notes/release_notes_009_Version_Update_Notes_EN__real_screen_na_screen_screen.png,screen_photography,拍屏,无(屏幕显示),屏幕背光+室内光,手机对屏幕,08_technical/05_release_notes/release_notes_009_Version_Update_Notes_EN.png,true
08_technical/05_release_notes/release_notes_010_版本更新说明,08_technical,05_release_notes,08_technical/05_release_notes/release_notes_010_版本更新说明.json,08_technical/05_release_notes/release_notes_010_版本更新说明.html,08_technical/05_release_notes/release_notes_010_版本更新说明.png,08_technical/05_release_notes/release_notes_010_版本更新说明.png,08_technical/05_release_notes/release_notes_010_版本更新说明__real_screenshot_na_na_na.png,screenshot_compressed,截图+转发压缩,无(纯数字),无,无,08_technical/05_release_notes/release_notes_010_版本更新说明.png,true
08_technical/05_release_notes/release_notes_011_VS_Code_Extension,08_technical,05_release_notes,08_technical/05_release_notes/release_notes_011_VS_Code_Extension.json,08_technical/05_release_notes/release_notes_011_VS_Code_Extension.html,08_technical/05_release_notes/release_notes_011_VS_Code_Extension.png,08_technical/05_release_notes/release_notes_011_VS_Code_Extension.png,08_technical/05_release_notes/release_notes_011_VS_Code_Extension__real_screen_na_screen_screen.png,screen_photography,拍屏,无(屏幕显示),屏幕背光+室内光,手机对屏幕,08_technical/05_release_notes/release_notes_011_VS_Code_Extension.png,true
08_technical/05_release_notes/release_notes_012_Tesla_OTA_Update,08_technical,05_release_notes,08_technical/05_release_notes/release_notes_012_Tesla_OTA_Update.json,08_technical/05_release_notes/release_notes_012_Tesla_OTA_Update.html,08_technical/05_release_notes/release_notes_012_Tesla_OTA_Update.png,08_technical/05_release_notes/release_notes_012_Tesla_OTA_Update.png,08_technical/05_release_notes/release_notes_012_Tesla_OTA_Update__real_screenshot_compressed.png,screenshot_compressed,截图+转发压缩,无(纯数字),无,无,08_technical/05_release_notes/release_notes_012_Tesla_OTA_Update.png,true
08_technical/05_release_notes/release_notes_013_云原生平台更新公告,08_technical,05_release_notes,08_technical/05_release_notes/release_notes_013_云原生平台更新公告.json,08_technical/05_release_notes/release_notes_013_云原生平台更新公告.html,08_technical/05_release_notes/release_notes_013_云原生平台更新公告.png,08_technical/05_release_notes/release_notes_013_云原生平台更新公告.png,08_technical/05_release_notes/release_notes_013_云原生平台更新公告__real_screen_na_screen_screen.jpg,screen_photography,拍屏,无(屏幕显示),屏幕背光+室内光,手机对屏幕,08_technical/05_release_notes/release_notes_013_云原生平台更新公告.png,true
08_technical/05_release_notes/release_notes_014_Windows_Update_KB,08_technical,05_release_notes,08_technical/05_release_notes/release_notes_014_Windows_Update_KB.json,08_technical/05_release_notes/release_notes_014_Windows_Update_KB.html,08_technical/05_release_notes/release_notes_014_Windows_Update_KB.png,08_technical/05_release_notes/release_notes_014_Windows_Update_KB.png,08_technical/05_release_notes/release_notes_014_Windows_Update_KB__real_screenshot_na_na_na.png,screenshot_compressed,截图+转发压缩,无(纯数字),无,无,08_technical/05_release_notes/release_notes_014_Windows_Update_KB.png,true
08_technical/05_release_notes/release_notes_015_Rust_Crate_Changelog,08_technical,05_release_notes,08_technical/05_release_notes/release_notes_015_Rust_Crate_Changelog.json,08_technical/05_release_notes/release_notes_015_Rust_Crate_Changelog.html,08_technical/05_release_notes/release_notes_015_Rust_Crate_Changelog.png,08_technical/05_release_notes/release_notes_015_Rust_Crate_Changelog.png,08_technical/05_release_notes/release_notes_015_Rust_Crate_Changelog__real_screen_photography.png,screen_photography,拍屏,无(屏幕显示),屏幕背光+室内光,手机对屏幕,08_technical/05_release_notes/release_notes_015_Rust_Crate_Changelog.png,true
08_technical/05_release_notes/release_notes_016_Figma_Plugin_Update,08_technical,05_release_notes,08_technical/05_release_notes/release_notes_016_Figma_Plugin_Update.json,08_technical/05_release_notes/release_notes_016_Figma_Plugin_Update.html,08_technical/05_release_notes/release_notes_016_Figma_Plugin_Update.png,08_technical/05_release_notes/release_notes_016_Figma_Plugin_Update.png,08_technical/05_release_notes/release_notes_016_Figma_Plugin_Update__real_screenshot_na_na_na.png,screenshot_compressed,截图+转发压缩,无(纯数字),无,无,08_technical/05_release_notes/release_notes_016_Figma_Plugin_Update.png,true
08_technical/05_release_notes/release_notes_017_Kubernetes_Release,08_technical,05_release_notes,08_technical/05_release_notes/release_notes_017_Kubernetes_Release.json,08_technical/05_release_notes/release_notes_017_Kubernetes_Release.html,08_technical/05_release_notes/release_notes_017_Kubernetes_Release.png,08_technical/05_release_notes/release_notes_017_Kubernetes_Release.png,08_technical/05_release_notes/release_notes_017_Kubernetes_Release__real_screen_na_screen_screen.png,screen_photography,拍屏,无(屏幕显示),屏幕背光+室内光,手机对屏幕,08_technical/05_release_notes/release_notes_017_Kubernetes_Release.png,true
08_technical/05_release_notes/release_notes_018_Notion式产品更新,08_technical,05_release_notes,08_technical/05_release_notes/release_notes_018_Notion式产品更新.json,08_technical/05_release_notes/release_notes_018_Notion式产品更新.html,08_technical/05_release_notes/release_notes_018_Notion式产品更新.png,08_technical/05_release_notes/release_notes_018_Notion式产品更新.png,08_technical/05_release_notes/release_notes_018_Notion式产品更新__real_screenshot_na_na_na.png,screenshot_compressed,截图+转发压缩,无(纯数字),无,无,08_technical/05_release_notes/release_notes_018_Notion式产品更新.png,true
08_technical/05_release_notes/release_notes_019_Cybersecurity_Bulletin,08_technical,05_release_notes,08_technical/05_release_notes/release_notes_019_Cybersecurity_Bulletin.json,08_technical/05_release_notes/release_notes_019_Cybersecurity_Bulletin.html,08_technical/05_release_notes/release_notes_019_Cybersecurity_Bulletin.png,08_technical/05_release_notes/release_notes_019_Cybersecurity_Bulletin.png,08_technical/05_release_notes/release_notes_019_Cybersecurity_Bulletin__real_screen_na_screen_screen.jpg,screen_photography,拍屏,无(屏幕显示),屏幕背光+室内光,手机对屏幕,08_technical/05_release_notes/release_notes_019_Cybersecurity_Bulletin.png,true
08_technical/05_release_notes/release_notes_020_Spotify_Feature_Launch,08_technical,05_release_notes,08_technical/05_release_notes/release_notes_020_Spotify_Feature_Launch.json,08_technical/05_release_notes/release_notes_020_Spotify_Feature_Launch.html,08_technical/05_release_notes/release_notes_020_Spotify_Feature_Launch.png,08_technical/05_release_notes/release_notes_020_Spotify_Feature_Launch.png,08_technical/05_release_notes/release_notes_020_Spotify_Feature_Launch__real_screenshot_na_na_na.png,screenshot_compressed,截图+转发压缩,无(纯数字),无,无,08_technical/05_release_notes/release_notes_020_Spotify_Feature_Launch.png,true
09_logistics/01_shipping_label/shipping_label_001_顺丰速运_SF_Express_-_Complex_Multi-Section_Label,09_logistics,01_shipping_label,09_logistics/01_shipping_label/shipping_label_001_顺丰速运_SF_Express_-_Complex_Multi-Section_Label.json,09_logistics/01_shipping_label/shipping_label_001_顺丰速运_SF_Express_-_Complex_Multi-Section_Label.html,09_logistics/01_shipping_label/shipping_label_001_顺丰速运_SF_Express_-_Complex_Multi-Section_Label.png,09_logistics/01_shipping_label/shipping_label_001_顺丰速运_SF_Express_-_Complex_Multi-Section_Label.png,09_logistics/01_shipping_label/shipping_label_001_顺丰速运_SF_Express_-_Complex_Multi-Section_Label__real_phone_creased_low_top.png,phone_creased_indoor_low_top,手机拍纸质文档,折痕/褶皱,室内暗光,俯拍,09_logistics/01_shipping_label/shipping_label_001_顺丰速运_SF_Express_-_Complex_Multi-Section_Label.png,true
09_logistics/01_shipping_label/shipping_label_002_中国邮政_国际挂号包裹面单_China_Post_International_Registered_Parcel,09_logistics,01_shipping_label,09_logistics/01_shipping_label/shipping_label_002_中国邮政_国际挂号包裹面单_China_Post_International_Registered_Parcel.json,09_logistics/01_shipping_label/shipping_label_002_中国邮政_国际挂号包裹面单_China_Post_International_Registered_Parcel.html,09_logistics/01_shipping_label/shipping_label_002_中国邮政_国际挂号包裹面单_China_Post_International_Registered_Parcel.png,09_logistics/01_shipping_label/shipping_label_002_中国邮政_国际挂号包裹面单_China_Post_International_Registered_Parcel.png,09_logistics/01_shipping_label/shipping_label_002_中国邮政_国际挂号包裹面单_China_Post_International_Registered_Parcel__real_phone_creased_normal_handheld.png,phone_creased_indoor_normal_handheld_top,手机拍纸质文档,折痕/褶皱,室内正常光,手持俯拍,09_logistics/01_shipping_label/shipping_label_002_中国邮政_国际挂号包裹面单_China_Post_International_Registered_Parcel.png,true
09_logistics/01_shipping_label/shipping_label_003_菜鸟驿站_Cainiao_Station_-_Complex_Multi-Package_Notification,09_logistics,01_shipping_label,09_logistics/01_shipping_label/shipping_label_003_菜鸟驿站_Cainiao_Station_-_Complex_Multi-Package_Notification.json,09_logistics/01_shipping_label/shipping_label_003_菜鸟驿站_Cainiao_Station_-_Complex_Multi-Package_Notification.html,09_logistics/01_shipping_label/shipping_label_003_菜鸟驿站_Cainiao_Station_-_Complex_Multi-Package_Notification.png,09_logistics/01_shipping_label/shipping_label_003_菜鸟驿站_Cainiao_Station_-_Complex_Multi-Package_Notification.png,09_logistics/01_shipping_label/shipping_label_003_菜鸟驿站_Cainiao_Station_-_Complex_Multi-Package_Notification__real_phone_creased_low_top.jpg,phone_creased_indoor_low_top,手机拍纸质文档,折痕/褶皱,室内暗光,俯拍,09_logistics/01_shipping_label/shipping_label_003_菜鸟驿站_Cainiao_Station_-_Complex_Multi-Package_Notification.png,true
09_logistics/01_shipping_label/shipping_label_004_手写包裹卡_Handwritten_Parcel_Card_-_Complex,09_logistics,01_shipping_label,09_logistics/01_shipping_label/shipping_label_004_手写包裹卡_Handwritten_Parcel_Card_-_Complex.json,09_logistics/01_shipping_label/shipping_label_004_手写包裹卡_Handwritten_Parcel_Card_-_Complex.html,09_logistics/01_shipping_label/shipping_label_004_手写包裹卡_Handwritten_Parcel_Card_-_Complex.png,09_logistics/01_shipping_label/shipping_label_004_手写包裹卡_Handwritten_Parcel_Card_-_Complex.png,09_logistics/01_shipping_label/shipping_label_004_手写包裹卡_Handwritten_Parcel_Card_-_Complex__real_phone_creased_normal_handheld_top.png,phone_creased_indoor_normal_handheld_top,手机拍纸质文档,折痕/褶皱,室内正常光,手持俯拍,09_logistics/01_shipping_label/shipping_label_004_手写包裹卡_Handwritten_Parcel_Card_-_Complex.png,true
09_logistics/01_shipping_label/shipping_label_005_COSCO_SHIPPING_-_Bill_of_Lading,09_logistics,01_shipping_label,09_logistics/01_shipping_label/shipping_label_005_COSCO_SHIPPING_-_Bill_of_Lading.json,09_logistics/01_shipping_label/shipping_label_005_COSCO_SHIPPING_-_Bill_of_Lading.html,09_logistics/01_shipping_label/shipping_label_005_COSCO_SHIPPING_-_Bill_of_Lading.png,09_logistics/01_shipping_label/shipping_label_005_COSCO_SHIPPING_-_Bill_of_Lading.png,09_logistics/01_shipping_label/shipping_label_005_COSCO_SHIPPING_-_Bill_of_Lading__real_phone_creased_low_top.png,phone_creased_indoor_low_top,手机拍纸质文档,折痕/褶皱,室内暗光,俯拍,09_logistics/01_shipping_label/shipping_label_005_COSCO_SHIPPING_-_Bill_of_Lading.png,true
09_logistics/01_shipping_label/shipping_label_006_圆通速递_合并发货清单,09_logistics,01_shipping_label,09_logistics/01_shipping_label/shipping_label_006_圆通速递_合并发货清单.json,09_logistics/01_shipping_label/shipping_label_006_圆通速递_合并发货清单.html,09_logistics/01_shipping_label/shipping_label_006_圆通速递_合并发货清单.png,09_logistics/01_shipping_label/shipping_label_006_圆通速递_合并发货清单.png,09_logistics/01_shipping_label/shipping_label_006_圆通速递_合并发货清单__real_phone_creased_normal_handheld.png,phone_creased_indoor_normal_handheld_top,手机拍纸质文档,折痕/褶皱,室内正常光,手持俯拍,09_logistics/01_shipping_label/shipping_label_006_圆通速递_合并发货清单.png,true
09_logistics/01_shipping_label/shipping_label_007_UPS_Worldwide_Express_Saver_-_Pharmaceutical_Cold_Chain_Waybill,09_logistics,01_shipping_label,09_logistics/01_shipping_label/shipping_label_007_UPS_Worldwide_Express_Saver_-_Pharmaceutical_Cold_Chain_Waybill.json,09_logistics/01_shipping_label/shipping_label_007_UPS_Worldwide_Express_Saver_-_Pharmaceutical_Cold_Chain_Waybill.html,09_logistics/01_shipping_label/shipping_label_007_UPS_Worldwide_Express_Saver_-_Pharmaceutical_Cold_Chain_Waybill.png,09_logistics/01_shipping_label/shipping_label_007_UPS_Worldwide_Express_Saver_-_Pharmaceutical_Cold_Chain_Waybill.png,09_logistics/01_shipping_label/shipping_label_007_UPS_Worldwide_Express_Saver_-_Pharmaceutical_Cold_Chain_Waybill__real_phone_creased_low_top.png,phone_creased_indoor_low_top,手机拍纸质文档,折痕/褶皱,室内暗光,俯拍,09_logistics/01_shipping_label/shipping_label_007_UPS_Worldwide_Express_Saver_-_Pharmaceutical_Cold_Chain_Waybill.png,true
09_logistics/01_shipping_label/shipping_label_008_Maersk_Line_-_Container_Shipping_Manifest_集装箱货运清单,09_logistics,01_shipping_label,09_logistics/01_shipping_label/shipping_label_008_Maersk_Line_-_Container_Shipping_Manifest_集装箱货运清单.json,09_logistics/01_shipping_label/shipping_label_008_Maersk_Line_-_Container_Shipping_Manifest_集装箱货运清单.html,09_logistics/01_shipping_label/shipping_label_008_Maersk_Line_-_Container_Shipping_Manifest_集装箱货运清单.png,09_logistics/01_shipping_label/shipping_label_008_Maersk_Line_-_Container_Shipping_Manifest_集装箱货运清单.png,09_logistics/01_shipping_label/shipping_label_008_Maersk_Line_-_Container_Shipping_Manifest_集装箱货运清单__real_phone_creased_normal_handheld.png,phone_creased_indoor_normal_handheld_top,手机拍纸质文档,折痕/褶皱,室内正常光,手持俯拍,09_logistics/01_shipping_label/shipping_label_008_Maersk_Line_-_Container_Shipping_Manifest_集装箱货运清单.png,true
09_logistics/01_shipping_label/shipping_label_009_菜鸟国际物流面单_-_CN2JP-SL009,09_logistics,01_shipping_label,09_logistics/01_shipping_label/shipping_label_009_菜鸟国际物流面单_-_CN2JP-SL009.json,09_logistics/01_shipping_label/shipping_label_009_菜鸟国际物流面单_-_CN2JP-SL009.html,09_logistics/01_shipping_label/shipping_label_009_菜鸟国际物流面单_-_CN2JP-SL009.png,09_logistics/01_shipping_label/shipping_label_009_菜鸟国际物流面单_-_CN2JP-SL009.png,09_logistics/01_shipping_label/shipping_label_009_菜鸟国际物流面单_-_CN2JP-SL009__real_phone_creased_low_top.png,phone_creased_indoor_low_top,手机拍纸质文档,折痕/褶皱,室内暗光,俯拍,09_logistics/01_shipping_label/shipping_label_009_菜鸟国际物流面单_-_CN2JP-SL009.png,true
09_logistics/01_shipping_label/shipping_label_010_CN_23_-_Customs_Declaration_Zollinhaltserklärung_Déclaration_en_douane,09_logistics,01_shipping_label,09_logistics/01_shipping_label/shipping_label_010_CN_23_-_Customs_Declaration_Zollinhaltserklärung_Déclaration_en_douane.json,09_logistics/01_shipping_label/shipping_label_010_CN_23_-_Customs_Declaration_Zollinhaltserklärung_Déclaration_en_douane.html,09_logistics/01_shipping_label/shipping_label_010_CN_23_-_Customs_Declaration_Zollinhaltserklärung_Déclaration_en_douane.png,09_logistics/01_shipping_label/shipping_label_010_CN_23_-_Customs_Declaration_Zollinhaltserklärung_Déclaration_en_douane.png,09_logistics/01_shipping_label/shipping_label_010_CN_23_-_Customs_Declaration_Zollinhaltserklärung_Déclaration_en_douane__real_phone_creased_normal_handheld.png,phone_creased_indoor_normal_handheld_top,手机拍纸质文档,折痕/褶皱,室内正常光,手持俯拍,09_logistics/01_shipping_label/shipping_label_010_CN_23_-_Customs_Declaration_Zollinhaltserklärung_Déclaration_en_douane.png,true
09_logistics/01_shipping_label/shipping_label_011_EMS_国际特快专递_-_Radial_Layout,09_logistics,01_shipping_label,09_logistics/01_shipping_label/shipping_label_011_EMS_国际特快专递_-_Radial_Layout.json,09_logistics/01_shipping_label/shipping_label_011_EMS_国际特快专递_-_Radial_Layout.html,09_logistics/01_shipping_label/shipping_label_011_EMS_国际特快专递_-_Radial_Layout.png,09_logistics/01_shipping_label/shipping_label_011_EMS_国际特快专递_-_Radial_Layout.png,09_logistics/01_shipping_label/shipping_label_011_EMS_国际特快专递_-_Radial_Layout__real_phone_creased_low_top.jpg,phone_creased_indoor_low_top,手机拍纸质文档,折痕/褶皱,室内暗光,俯拍,09_logistics/01_shipping_label/shipping_label_011_EMS_国际特快专递_-_Radial_Layout.png,true
09_logistics/01_shipping_label/shipping_label_012_Amazon_FBA_Warehouse_Blueprint_Label,09_logistics,01_shipping_label,09_logistics/01_shipping_label/shipping_label_012_Amazon_FBA_Warehouse_Blueprint_Label.json,09_logistics/01_shipping_label/shipping_label_012_Amazon_FBA_Warehouse_Blueprint_Label.html,09_logistics/01_shipping_label/shipping_label_012_Amazon_FBA_Warehouse_Blueprint_Label.png,09_logistics/01_shipping_label/shipping_label_012_Amazon_FBA_Warehouse_Blueprint_Label.png,09_logistics/01_shipping_label/shipping_label_012_Amazon_FBA_Warehouse_Blueprint_Label__real_phone_creased_normal_handheld.png,phone_creased_indoor_normal_handheld_top,手机拍纸质文档,折痕/褶皱,室内正常光,手持俯拍,09_logistics/01_shipping_label/shipping_label_012_Amazon_FBA_Warehouse_Blueprint_Label.png,true
09_logistics/01_shipping_label/shipping_label_013_Hazmat_Shipping_Label_-_Vertical_Bands,09_logistics,01_shipping_label,09_logistics/01_shipping_label/shipping_label_013_Hazmat_Shipping_Label_-_Vertical_Bands.json,09_logistics/01_shipping_label/shipping_label_013_Hazmat_Shipping_Label_-_Vertical_Bands.html,09_logistics/01_shipping_label/shipping_label_013_Hazmat_Shipping_Label_-_Vertical_Bands.png,09_logistics/01_shipping_label/shipping_label_013_Hazmat_Shipping_Label_-_Vertical_Bands.png,09_logistics/01_shipping_label/shipping_label_013_Hazmat_Shipping_Label_-_Vertical_Bands__real_phone_creased_low_top.png,phone_creased_indoor_low_top,手机拍纸质文档,折痕/褶皱,室内暗光,俯拍,09_logistics/01_shipping_label/shipping_label_013_Hazmat_Shipping_Label_-_Vertical_Bands.png,true
09_logistics/01_shipping_label/shipping_label_014_德邦快递_Carbon_Copy_Waybill,09_logistics,01_shipping_label,09_logistics/01_shipping_label/shipping_label_014_德邦快递_Carbon_Copy_Waybill.json,09_logistics/01_shipping_label/shipping_label_014_德邦快递_Carbon_Copy_Waybill.html,09_logistics/01_shipping_label/shipping_label_014_德邦快递_Carbon_Copy_Waybill.png,09_logistics/01_shipping_label/shipping_label_014_德邦快递_Carbon_Copy_Waybill.png,09_logistics/01_shipping_label/shipping_label_014_德邦快递_Carbon_Copy_Waybill__real_phone_creased_normal_handheld_top.png,phone_creased_indoor_normal_handheld_top,手机拍纸质文档,折痕/褶皱,室内正常光,手持俯拍,09_logistics/01_shipping_label/shipping_label_014_德邦快递_Carbon_Copy_Waybill.png,true
09_logistics/01_shipping_label/shipping_label_015_Nautical_Chart_Shipping_Label,09_logistics,01_shipping_label,09_logistics/01_shipping_label/shipping_label_015_Nautical_Chart_Shipping_Label.json,09_logistics/01_shipping_label/shipping_label_015_Nautical_Chart_Shipping_Label.html,09_logistics/01_shipping_label/shipping_label_015_Nautical_Chart_Shipping_Label.png,09_logistics/01_shipping_label/shipping_label_015_Nautical_Chart_Shipping_Label.png,09_logistics/01_shipping_label/shipping_label_015_Nautical_Chart_Shipping_Label__real_phone_creased_low_top.jpg,phone_creased_indoor_low_top,手机拍纸质文档,折痕/褶皱,室内暗光,俯拍,09_logistics/01_shipping_label/shipping_label_015_Nautical_Chart_Shipping_Label.png,true
09_logistics/01_shipping_label/shipping_label_016_Cold_Chain_Shipment_Record_冷链运输记录,09_logistics,01_shipping_label,09_logistics/01_shipping_label/shipping_label_016_Cold_Chain_Shipment_Record_冷链运输记录.json,09_logistics/01_shipping_label/shipping_label_016_Cold_Chain_Shipment_Record_冷链运输记录.html,09_logistics/01_shipping_label/shipping_label_016_Cold_Chain_Shipment_Record_冷链运输记录.png,09_logistics/01_shipping_label/shipping_label_016_Cold_Chain_Shipment_Record_冷链运输记录.png,09_logistics/01_shipping_label/shipping_label_016_Cold_Chain_Shipment_Record_冷链运输记录__real_phone_creased_normal_handheld.png,phone_creased_indoor_normal_handheld_top,手机拍纸质文档,折痕/褶皱,室内正常光,手持俯拍,09_logistics/01_shipping_label/shipping_label_016_Cold_Chain_Shipment_Record_冷链运输记录.png,true
09_logistics/01_shipping_label/shipping_label_017_国际多式联运货物运单_International_Multimodal_Transport_Consignment_Note,09_logistics,01_shipping_label,09_logistics/01_shipping_label/shipping_label_017_国际多式联运货物运单_International_Multimodal_Transport_Consignment_Note.json,09_logistics/01_shipping_label/shipping_label_017_国际多式联运货物运单_International_Multimodal_Transport_Consignment_Note.html,09_logistics/01_shipping_label/shipping_label_017_国际多式联运货物运单_International_Multimodal_Transport_Consignment_Note.png,09_logistics/01_shipping_label/shipping_label_017_国际多式联运货物运单_International_Multimodal_Transport_Consignment_Note.png,09_logistics/01_shipping_label/shipping_label_017_国际多式联运货物运单_International_Multimodal_Transport_Consignment_Note__real_phone_creased_low_top.jpg,phone_creased_indoor_low_top,手机拍纸质文档,折痕/褶皱,室内暗光,俯拍,09_logistics/01_shipping_label/shipping_label_017_国际多式联运货物运单_International_Multimodal_Transport_Consignment_Note.png,true
09_logistics/01_shipping_label/shipping_label_018_跨境电商集运总表_Cross-Border_Consolidation_Master_Sheet,09_logistics,01_shipping_label,09_logistics/01_shipping_label/shipping_label_018_跨境电商集运总表_Cross-Border_Consolidation_Master_Sheet.json,09_logistics/01_shipping_label/shipping_label_018_跨境电商集运总表_Cross-Border_Consolidation_Master_Sheet.html,09_logistics/01_shipping_label/shipping_label_018_跨境电商集运总表_Cross-Border_Consolidation_Master_Sheet.png,09_logistics/01_shipping_label/shipping_label_018_跨境电商集运总表_Cross-Border_Consolidation_Master_Sheet.png,09_logistics/01_shipping_label/shipping_label_018_跨境电商集运总表_Cross-Border_Consolidation_Master_Sheet__real_screenshot_na_na_na.png,phone_creased_indoor_normal_handheld_top,手机拍纸质文档,折痕/褶皱,室内正常光,手持俯拍,09_logistics/01_shipping_label/shipping_label_018_跨境电商集运总表_Cross-Border_Consolidation_Master_Sheet.png,true
09_logistics/01_shipping_label/shipping_label_019_LOGISTICS_TODAY_物流纵横_Exhibition_Materials_Shipping_Plan,09_logistics,01_shipping_label,09_logistics/01_shipping_label/shipping_label_019_LOGISTICS_TODAY_物流纵横_Exhibition_Materials_Shipping_Plan.json,09_logistics/01_shipping_label/shipping_label_019_LOGISTICS_TODAY_物流纵横_Exhibition_Materials_Shipping_Plan.html,09_logistics/01_shipping_label/shipping_label_019_LOGISTICS_TODAY_物流纵横_Exhibition_Materials_Shipping_Plan.png,09_logistics/01_shipping_label/shipping_label_019_LOGISTICS_TODAY_物流纵横_Exhibition_Materials_Shipping_Plan.png,09_logistics/01_shipping_label/shipping_label_019_LOGISTICS_TODAY_物流纵横_Exhibition_Materials_Shipping_Plan__real_phone_creased_low_top.png,phone_creased_indoor_low_top,手机拍纸质文档,折痕/褶皱,室内暗光,俯拍,09_logistics/01_shipping_label/shipping_label_019_LOGISTICS_TODAY_物流纵横_Exhibition_Materials_Shipping_Plan.png,true
09_logistics/01_shipping_label/shipping_label_020_综合物流调度面单_中式竖横混排,09_logistics,01_shipping_label,09_logistics/01_shipping_label/shipping_label_020_综合物流调度面单_中式竖横混排.json,09_logistics/01_shipping_label/shipping_label_020_综合物流调度面单_中式竖横混排.html,09_logistics/01_shipping_label/shipping_label_020_综合物流调度面单_中式竖横混排.png,09_logistics/01_shipping_label/shipping_label_020_综合物流调度面单_中式竖横混排.png,09_logistics/01_shipping_label/shipping_label_020_综合物流调度面单_中式竖横混排__real_phone_creased_normal_handheld.png,phone_creased_indoor_normal_handheld_top,手机拍纸质文档,折痕/褶皱,室内正常光,手持俯拍,09_logistics/01_shipping_label/shipping_label_020_综合物流调度面单_中式竖横混排.png,true
09_logistics/02_customs_packing/customs_packing_001_Packing_List_-_HM-PL-2026-03842,09_logistics,02_customs_packing,09_logistics/02_customs_packing/customs_packing_001_Packing_List_-_HM-PL-2026-03842.json,09_logistics/02_customs_packing/customs_packing_001_Packing_List_-_HM-PL-2026-03842.html,09_logistics/02_customs_packing/customs_packing_001_Packing_List_-_HM-PL-2026-03842.png,09_logistics/02_customs_packing/customs_packing_001_Packing_List_-_HM-PL-2026-03842.png,09_logistics/02_customs_packing/customs_packing_001_Packing_List_-_HM-PL-2026-03842__real_phone_creased_normal_top.jpg,phone_creased_indoor_normal_top,手机拍纸质文档,折痕/褶皱,室内正常光,俯拍,09_logistics/02_customs_packing/customs_packing_001_Packing_List_-_HM-PL-2026-03842.png,true
09_logistics/02_customs_packing/customs_packing_002_Customs_Declaration_-_EXP-2026-SZ-DE-08841,09_logistics,02_customs_packing,09_logistics/02_customs_packing/customs_packing_002_Customs_Declaration_-_EXP-2026-SZ-DE-08841.json,09_logistics/02_customs_packing/customs_packing_002_Customs_Declaration_-_EXP-2026-SZ-DE-08841.html,09_logistics/02_customs_packing/customs_packing_002_Customs_Declaration_-_EXP-2026-SZ-DE-08841.png,09_logistics/02_customs_packing/customs_packing_002_Customs_Declaration_-_EXP-2026-SZ-DE-08841.png,09_logistics/02_customs_packing/customs_packing_002_Customs_Declaration_-_EXP-2026-SZ-DE-08841__real_phone_flat_low_oblique.png,phone_flat_indoor_low_oblique,手机拍纸质文档,平整,室内暗光,斜拍(30-45度),09_logistics/02_customs_packing/customs_packing_002_Customs_Declaration_-_EXP-2026-SZ-DE-08841.png,true
09_logistics/02_customs_packing/customs_packing_003_Customs_Declaration_for_Incoming_Passengers,09_logistics,02_customs_packing,09_logistics/02_customs_packing/customs_packing_003_Customs_Declaration_for_Incoming_Passengers.json,09_logistics/02_customs_packing/customs_packing_003_Customs_Declaration_for_Incoming_Passengers.html,09_logistics/02_customs_packing/customs_packing_003_Customs_Declaration_for_Incoming_Passengers.png,09_logistics/02_customs_packing/customs_packing_003_Customs_Declaration_for_Incoming_Passengers.png,09_logistics/02_customs_packing/customs_packing_003_Customs_Declaration_for_Incoming_Passengers__real_phone_creased_normal_top.jpg,phone_creased_indoor_normal_top,手机拍纸质文档,折痕/褶皱,室内正常光,俯拍,09_logistics/02_customs_packing/customs_packing_003_Customs_Declaration_for_Incoming_Passengers.png,true
09_logistics/02_customs_packing/customs_packing_004_Commercial_Invoice_-_EP-INV-2026-0384,09_logistics,02_customs_packing,09_logistics/02_customs_packing/customs_packing_004_Commercial_Invoice_-_EP-INV-2026-0384.json,09_logistics/02_customs_packing/customs_packing_004_Commercial_Invoice_-_EP-INV-2026-0384.html,09_logistics/02_customs_packing/customs_packing_004_Commercial_Invoice_-_EP-INV-2026-0384.png,09_logistics/02_customs_packing/customs_packing_004_Commercial_Invoice_-_EP-INV-2026-0384.png,09_logistics/02_customs_packing/customs_packing_004_Commercial_Invoice_-_EP-INV-2026-0384__real_phone_flat_low_oblique.png,phone_flat_indoor_low_oblique,手机拍纸质文档,平整,室内暗光,斜拍(30-45度),09_logistics/02_customs_packing/customs_packing_004_Commercial_Invoice_-_EP-INV-2026-0384.png,true
09_logistics/02_customs_packing/customs_packing_005_保税区货物转关运输审批表,09_logistics,02_customs_packing,09_logistics/02_customs_packing/customs_packing_005_保税区货物转关运输审批表.json,09_logistics/02_customs_packing/customs_packing_005_保税区货物转关运输审批表.html,09_logistics/02_customs_packing/customs_packing_005_保税区货物转关运输审批表.png,09_logistics/02_customs_packing/customs_packing_005_保税区货物转关运输审批表.png,09_logistics/02_customs_packing/customs_packing_005_保税区货物转关运输审批表__real_phone_creased_normal_top.png,phone_creased_indoor_normal_top,手机拍纸质文档,折痕/褶皱,室内正常光,俯拍,09_logistics/02_customs_packing/customs_packing_005_保税区货物转关运输审批表.png,true
09_logistics/02_customs_packing/customs_packing_006_Cold_Chain_Logistics_Temperature_Compliance_and_Packing_Report,09_logistics,02_customs_packing,09_logistics/02_customs_packing/customs_packing_006_Cold_Chain_Logistics_Temperature_Compliance_and_Packing_Report.json,09_logistics/02_customs_packing/customs_packing_006_Cold_Chain_Logistics_Temperature_Compliance_and_Packing_Report.html,09_logistics/02_customs_packing/customs_packing_006_Cold_Chain_Logistics_Temperature_Compliance_and_Packing_Report.png,09_logistics/02_customs_packing/customs_packing_006_Cold_Chain_Logistics_Temperature_Compliance_and_Packing_Report.png,09_logistics/02_customs_packing/customs_packing_006_Cold_Chain_Logistics_Temperature_Compliance_and_Packing_Report__real_phone_flat_low_oblique.png,phone_flat_indoor_low_oblique,手机拍纸质文档,平整,室内暗光,斜拍(30-45度),09_logistics/02_customs_packing/customs_packing_006_Cold_Chain_Logistics_Temperature_Compliance_and_Packing_Report.png,true
09_logistics/02_customs_packing/customs_packing_007_跨境电商综合税则税率对照手册,09_logistics,02_customs_packing,09_logistics/02_customs_packing/customs_packing_007_跨境电商综合税则税率对照手册.json,09_logistics/02_customs_packing/customs_packing_007_跨境电商综合税则税率对照手册.html,09_logistics/02_customs_packing/customs_packing_007_跨境电商综合税则税率对照手册.png,09_logistics/02_customs_packing/customs_packing_007_跨境电商综合税则税率对照手册.png,09_logistics/02_customs_packing/customs_packing_007_跨境电商综合税则税率对照手册__real_phone_creased_normal_top.png,phone_creased_indoor_normal_top,手机拍纸质文档,折痕/褶皱,室内正常光,俯拍,09_logistics/02_customs_packing/customs_packing_007_跨境电商综合税则税率对照手册.png,true
09_logistics/02_customs_packing/customs_packing_008_Container_Stowage_and_Cargo_Securing_Plan,09_logistics,02_customs_packing,09_logistics/02_customs_packing/customs_packing_008_Container_Stowage_and_Cargo_Securing_Plan.json,09_logistics/02_customs_packing/customs_packing_008_Container_Stowage_and_Cargo_Securing_Plan.html,09_logistics/02_customs_packing/customs_packing_008_Container_Stowage_and_Cargo_Securing_Plan.png,09_logistics/02_customs_packing/customs_packing_008_Container_Stowage_and_Cargo_Securing_Plan.png,09_logistics/02_customs_packing/customs_packing_008_Container_Stowage_and_Cargo_Securing_Plan__real_phone_flat_low_oblique.png,phone_flat_indoor_low_oblique,手机拍纸质文档,平整,室内暗光,斜拍(30-45度),09_logistics/02_customs_packing/customs_packing_008_Container_Stowage_and_Cargo_Securing_Plan.png,true
09_logistics/02_customs_packing/customs_packing_009_出口退税会计处理实务指引,09_logistics,02_customs_packing,09_logistics/02_customs_packing/customs_packing_009_出口退税会计处理实务指引.json,09_logistics/02_customs_packing/customs_packing_009_出口退税会计处理实务指引.html,09_logistics/02_customs_packing/customs_packing_009_出口退税会计处理实务指引.png,09_logistics/02_customs_packing/customs_packing_009_出口退税会计处理实务指引.png,09_logistics/02_customs_packing/customs_packing_009_出口退税会计处理实务指引__real_phone_creased_normal_top.png,phone_creased_indoor_normal_top,手机拍纸质文档,折痕/褶皱,室内正常光,俯拍,09_logistics/02_customs_packing/customs_packing_009_出口退税会计处理实务指引.png,true
09_logistics/02_customs_packing/customs_packing_010_国际多式联运提单_Multimodal_Transport_Bill_of_Lading,09_logistics,02_customs_packing,09_logistics/02_customs_packing/customs_packing_010_国际多式联运提单_Multimodal_Transport_Bill_of_Lading.json,09_logistics/02_customs_packing/customs_packing_010_国际多式联运提单_Multimodal_Transport_Bill_of_Lading.html,09_logistics/02_customs_packing/customs_packing_010_国际多式联运提单_Multimodal_Transport_Bill_of_Lading.png,09_logistics/02_customs_packing/customs_packing_010_国际多式联运提单_Multimodal_Transport_Bill_of_Lading.png,09_logistics/02_customs_packing/customs_packing_010_国际多式联运提单_Multimodal_Transport_Bill_of_Lading__real_phone_flat_low_oblique.png,phone_flat_indoor_low_oblique,手机拍纸质文档,平整,室内暗光,斜拍(30-45度),09_logistics/02_customs_packing/customs_packing_010_国际多式联运提单_Multimodal_Transport_Bill_of_Lading.png,true
09_logistics/02_customs_packing/customs_packing_011_ATA_Carnet_暂准进口单证册_Carbon_Copy,09_logistics,02_customs_packing,09_logistics/02_customs_packing/customs_packing_011_ATA_Carnet_暂准进口单证册_Carbon_Copy.json,09_logistics/02_customs_packing/customs_packing_011_ATA_Carnet_暂准进口单证册_Carbon_Copy.html,09_logistics/02_customs_packing/customs_packing_011_ATA_Carnet_暂准进口单证册_Carbon_Copy.png,09_logistics/02_customs_packing/customs_packing_011_ATA_Carnet_暂准进口单证册_Carbon_Copy.png,09_logistics/02_customs_packing/customs_packing_011_ATA_Carnet_暂准进口单证册_Carbon_Copy__real_phone_creased_normal_top.png,phone_creased_indoor_normal_top,手机拍纸质文档,折痕/褶皱,室内正常光,俯拍,09_logistics/02_customs_packing/customs_packing_011_ATA_Carnet_暂准进口单证册_Carbon_Copy.png,true
09_logistics/02_customs_packing/customs_packing_012_保税仓库入仓单_Bonded_Warehouse_Entry_Certificate,09_logistics,02_customs_packing,09_logistics/02_customs_packing/customs_packing_012_保税仓库入仓单_Bonded_Warehouse_Entry_Certificate.json,09_logistics/02_customs_packing/customs_packing_012_保税仓库入仓单_Bonded_Warehouse_Entry_Certificate.html,09_logistics/02_customs_packing/customs_packing_012_保税仓库入仓单_Bonded_Warehouse_Entry_Certificate.png,09_logistics/02_customs_packing/customs_packing_012_保税仓库入仓单_Bonded_Warehouse_Entry_Certificate.png,09_logistics/02_customs_packing/customs_packing_012_保税仓库入仓单_Bonded_Warehouse_Entry_Certificate__real_phone_flat_low_oblique.png,phone_flat_indoor_low_oblique,手机拍纸质文档,平整,室内暗光,斜拍(30-45度),09_logistics/02_customs_packing/customs_packing_012_保税仓库入仓单_Bonded_Warehouse_Entry_Certificate.png,true
09_logistics/02_customs_packing/customs_packing_013_加工贸易手册_Processing_Trade_Manual,09_logistics,02_customs_packing,09_logistics/02_customs_packing/customs_packing_013_加工贸易手册_Processing_Trade_Manual.json,09_logistics/02_customs_packing/customs_packing_013_加工贸易手册_Processing_Trade_Manual.html,09_logistics/02_customs_packing/customs_packing_013_加工贸易手册_Processing_Trade_Manual.png,09_logistics/02_customs_packing/customs_packing_013_加工贸易手册_Processing_Trade_Manual.png,09_logistics/02_customs_packing/customs_packing_013_加工贸易手册_Processing_Trade_Manual__real_phone_creased_normal_top.png,phone_creased_indoor_normal_top,手机拍纸质文档,折痕/褶皱,室内正常光,俯拍,09_logistics/02_customs_packing/customs_packing_013_加工贸易手册_Processing_Trade_Manual.png,true
09_logistics/02_customs_packing/customs_packing_014_集装箱装箱检验报告_Container_Loading_Inspection_Report,09_logistics,02_customs_packing,09_logistics/02_customs_packing/customs_packing_014_集装箱装箱检验报告_Container_Loading_Inspection_Report.json,09_logistics/02_customs_packing/customs_packing_014_集装箱装箱检验报告_Container_Loading_Inspection_Report.html,09_logistics/02_customs_packing/customs_packing_014_集装箱装箱检验报告_Container_Loading_Inspection_Report.png,09_logistics/02_customs_packing/customs_packing_014_集装箱装箱检验报告_Container_Loading_Inspection_Report.png,09_logistics/02_customs_packing/customs_packing_014_集装箱装箱检验报告_Container_Loading_Inspection_Report__real_phone_flat_low_oblique.png,phone_flat_indoor_low_oblique,手机拍纸质文档,平整,室内暗光,斜拍(30-45度),09_logistics/02_customs_packing/customs_packing_014_集装箱装箱检验报告_Container_Loading_Inspection_Report.png,true
09_logistics/02_customs_packing/customs_packing_015_海关估价单_Customs_Valuation_Document,09_logistics,02_customs_packing,09_logistics/02_customs_packing/customs_packing_015_海关估价单_Customs_Valuation_Document.json,09_logistics/02_customs_packing/customs_packing_015_海关估价单_Customs_Valuation_Document.html,09_logistics/02_customs_packing/customs_packing_015_海关估价单_Customs_Valuation_Document.png,09_logistics/02_customs_packing/customs_packing_015_海关估价单_Customs_Valuation_Document.png,09_logistics/02_customs_packing/customs_packing_015_海关估价单_Customs_Valuation_Document__real_phone_creased_normal_top.png,phone_creased_indoor_normal_top,手机拍纸质文档,折痕/褶皱,室内正常光,俯拍,09_logistics/02_customs_packing/customs_packing_015_海关估价单_Customs_Valuation_Document.png,true
09_logistics/02_customs_packing/customs_packing_016_跨境电商进口清关单_Cross-Border_Import_Clearance,09_logistics,02_customs_packing,09_logistics/02_customs_packing/customs_packing_016_跨境电商进口清关单_Cross-Border_Import_Clearance.json,09_logistics/02_customs_packing/customs_packing_016_跨境电商进口清关单_Cross-Border_Import_Clearance.html,09_logistics/02_customs_packing/customs_packing_016_跨境电商进口清关单_Cross-Border_Import_Clearance.png,09_logistics/02_customs_packing/customs_packing_016_跨境电商进口清关单_Cross-Border_Import_Clearance.png,09_logistics/02_customs_packing/customs_packing_016_跨境电商进口清关单_Cross-Border_Import_Clearance__real_phone_flat_low_oblique.png,phone_flat_indoor_low_oblique,手机拍纸质文档,平整,室内暗光,斜拍(30-45度),09_logistics/02_customs_packing/customs_packing_016_跨境电商进口清关单_Cross-Border_Import_Clearance.png,true
09_logistics/02_customs_packing/customs_packing_017_综合进口报关套件_Comprehensive_Import_Declaration_Package,09_logistics,02_customs_packing,09_logistics/02_customs_packing/customs_packing_017_综合进口报关套件_Comprehensive_Import_Declaration_Package.json,09_logistics/02_customs_packing/customs_packing_017_综合进口报关套件_Comprehensive_Import_Declaration_Package.html,09_logistics/02_customs_packing/customs_packing_017_综合进口报关套件_Comprehensive_Import_Declaration_Package.png,09_logistics/02_customs_packing/customs_packing_017_综合进口报关套件_Comprehensive_Import_Declaration_Package.png,09_logistics/02_customs_packing/customs_packing_017_综合进口报关套件_Comprehensive_Import_Declaration_Package__real_phone_creased_normal_top.png,phone_creased_indoor_normal_top,手机拍纸质文档,折痕/褶皱,室内正常光,俯拍,09_logistics/02_customs_packing/customs_packing_017_综合进口报关套件_Comprehensive_Import_Declaration_Package.png,true
09_logistics/02_customs_packing/customs_packing_018_大宗散货装箱检验总表_Bulk_Cargo_Packing_Inspection_Master_Report,09_logistics,02_customs_packing,09_logistics/02_customs_packing/customs_packing_018_大宗散货装箱检验总表_Bulk_Cargo_Packing_Inspection_Master_Report.json,09_logistics/02_customs_packing/customs_packing_018_大宗散货装箱检验总表_Bulk_Cargo_Packing_Inspection_Master_Report.html,09_logistics/02_customs_packing/customs_packing_018_大宗散货装箱检验总表_Bulk_Cargo_Packing_Inspection_Master_Report.png,09_logistics/02_customs_packing/customs_packing_018_大宗散货装箱检验总表_Bulk_Cargo_Packing_Inspection_Master_Report.png,09_logistics/02_customs_packing/customs_packing_018_大宗散货装箱检验总表_Bulk_Cargo_Packing_Inspection_Master_Report__real_phone_flat_low_oblique.png,phone_flat_indoor_low_oblique,手机拍纸质文档,平整,室内暗光,斜拍(30-45度),09_logistics/02_customs_packing/customs_packing_018_大宗散货装箱检验总表_Bulk_Cargo_Packing_Inspection_Master_Report.png,true
09_logistics/02_customs_packing/customs_packing_019_多国转口贸易清关文件_Multi-Country_Re-Export_Trade_Customs_Documentation,09_logistics,02_customs_packing,09_logistics/02_customs_packing/customs_packing_019_多国转口贸易清关文件_Multi-Country_Re-Export_Trade_Customs_Documentation.json,09_logistics/02_customs_packing/customs_packing_019_多国转口贸易清关文件_Multi-Country_Re-Export_Trade_Customs_Documentation.html,09_logistics/02_customs_packing/customs_packing_019_多国转口贸易清关文件_Multi-Country_Re-Export_Trade_Customs_Documentation.png,09_logistics/02_customs_packing/customs_packing_019_多国转口贸易清关文件_Multi-Country_Re-Export_Trade_Customs_Documentation.png,09_logistics/02_customs_packing/customs_packing_019_多国转口贸易清关文件_Multi-Country_Re-Export_Trade_Customs_Documentation__real_phone_creased_normal_top.png,phone_creased_indoor_normal_top,手机拍纸质文档,折痕/褶皱,室内正常光,俯拍,09_logistics/02_customs_packing/customs_packing_019_多国转口贸易清关文件_Multi-Country_Re-Export_Trade_Customs_Documentation.png,true
09_logistics/02_customs_packing/customs_packing_020_综合保税区进出区清单,09_logistics,02_customs_packing,09_logistics/02_customs_packing/customs_packing_020_综合保税区进出区清单.json,09_logistics/02_customs_packing/customs_packing_020_综合保税区进出区清单.html,09_logistics/02_customs_packing/customs_packing_020_综合保税区进出区清单.png,09_logistics/02_customs_packing/customs_packing_020_综合保税区进出区清单.png,09_logistics/02_customs_packing/customs_packing_020_综合保税区进出区清单__real_screenshot_na_na_na.png,phone_flat_indoor_low_oblique,手机拍纸质文档,平整,室内暗光,斜拍(30-45度),09_logistics/02_customs_packing/customs_packing_020_综合保税区进出区清单.png,true
09_logistics/03_ticket/ticket_001_电影票,09_logistics,03_ticket,09_logistics/03_ticket/ticket_001_电影票.json,09_logistics/03_ticket/ticket_001_电影票.html,09_logistics/03_ticket/ticket_001_电影票.png,09_logistics/03_ticket/ticket_001_电影票.png,09_logistics/03_ticket/ticket_001_电影票__real_phone_creased_low_top.png,phone_creased_indoor_low_top,手机拍纸质文档,折痕/褶皱,室内暗光,俯拍,09_logistics/03_ticket/ticket_001_电影票.png,true
09_logistics/03_ticket/ticket_002_停车小票,09_logistics,03_ticket,09_logistics/03_ticket/ticket_002_停车小票.json,09_logistics/03_ticket/ticket_002_停车小票.html,09_logistics/03_ticket/ticket_002_停车小票.png,09_logistics/03_ticket/ticket_002_停车小票.png,09_logistics/03_ticket/ticket_002_停车小票__real_phone_creased_outdoor_handheld.jpg,phone_creased_outdoor_handheld_top,手机拍纸质文档,折痕/褶皱,室外自然光,手持俯拍,09_logistics/03_ticket/ticket_002_停车小票.png,true
09_logistics/03_ticket/ticket_003_博物馆门票,09_logistics,03_ticket,09_logistics/03_ticket/ticket_003_博物馆门票.json,09_logistics/03_ticket/ticket_003_博物馆门票.html,09_logistics/03_ticket/ticket_003_博物馆门票.png,09_logistics/03_ticket/ticket_003_博物馆门票.png,09_logistics/03_ticket/ticket_003_博物馆门票__real_phone_creased_low_top.png,phone_creased_indoor_low_top,手机拍纸质文档,折痕/褶皱,室内暗光,俯拍,09_logistics/03_ticket/ticket_003_博物馆门票.png,true
09_logistics/03_ticket/ticket_004_地铁单程票,09_logistics,03_ticket,09_logistics/03_ticket/ticket_004_地铁单程票.json,09_logistics/03_ticket/ticket_004_地铁单程票.html,09_logistics/03_ticket/ticket_004_地铁单程票.png,09_logistics/03_ticket/ticket_004_地铁单程票.png,09_logistics/03_ticket/ticket_004_地铁单程票__real_phone_creased_outdoor_handheld.png,phone_creased_outdoor_handheld_top,手机拍纸质文档,折痕/褶皱,室外自然光,手持俯拍,09_logistics/03_ticket/ticket_004_地铁单程票.png,true
09_logistics/03_ticket/ticket_005_中国高铁电子票据_-_G1234,09_logistics,03_ticket,09_logistics/03_ticket/ticket_005_中国高铁电子票据_-_G1234.json,09_logistics/03_ticket/ticket_005_中国高铁电子票据_-_G1234.html,09_logistics/03_ticket/ticket_005_中国高铁电子票据_-_G1234.png,09_logistics/03_ticket/ticket_005_中国高铁电子票据_-_G1234.png,09_logistics/03_ticket/ticket_005_中国高铁电子票据_-_G1234__real_phone_creased_low_top.png,phone_creased_indoor_low_top,手机拍纸质文档,折痕/褶皱,室内暗光,俯拍,09_logistics/03_ticket/ticket_005_中国高铁电子票据_-_G1234.png,true
09_logistics/03_ticket/ticket_006_Singapore_Airlines_Boarding_Intelligence_Pass,09_logistics,03_ticket,09_logistics/03_ticket/ticket_006_Singapore_Airlines_Boarding_Intelligence_Pass.json,09_logistics/03_ticket/ticket_006_Singapore_Airlines_Boarding_Intelligence_Pass.html,09_logistics/03_ticket/ticket_006_Singapore_Airlines_Boarding_Intelligence_Pass.png,09_logistics/03_ticket/ticket_006_Singapore_Airlines_Boarding_Intelligence_Pass.png,09_logistics/03_ticket/ticket_006_Singapore_Airlines_Boarding_Intelligence_Pass__real_phone_creased_outdoor_handheld.png,phone_creased_outdoor_handheld_top,手机拍纸质文档,折痕/褶皱,室外自然光,手持俯拍,09_logistics/03_ticket/ticket_006_Singapore_Airlines_Boarding_Intelligence_Pass.png,true
09_logistics/03_ticket/ticket_007_周杰伦演唱会_VIP_电子票,09_logistics,03_ticket,09_logistics/03_ticket/ticket_007_周杰伦演唱会_VIP_电子票.json,09_logistics/03_ticket/ticket_007_周杰伦演唱会_VIP_电子票.html,09_logistics/03_ticket/ticket_007_周杰伦演唱会_VIP_电子票.png,09_logistics/03_ticket/ticket_007_周杰伦演唱会_VIP_电子票.png,09_logistics/03_ticket/ticket_007_周杰伦演唱会_VIP_电子票__real_phone_creased_low_top.jpg,phone_creased_indoor_low_top,手机拍纸质文档,折痕/褶皱,室内暗光,俯拍,09_logistics/03_ticket/ticket_007_周杰伦演唱会_VIP_电子票.png,true
09_logistics/03_ticket/ticket_008_DB_Doppelpassagier_Fahrkarte,09_logistics,03_ticket,09_logistics/03_ticket/ticket_008_DB_Doppelpassagier_Fahrkarte.json,09_logistics/03_ticket/ticket_008_DB_Doppelpassagier_Fahrkarte.html,09_logistics/03_ticket/ticket_008_DB_Doppelpassagier_Fahrkarte.png,09_logistics/03_ticket/ticket_008_DB_Doppelpassagier_Fahrkarte.png,09_logistics/03_ticket/ticket_008_DB_Doppelpassagier_Fahrkarte__real_phone_creased_outdoor_handheld.png,phone_creased_outdoor_handheld_top,手机拍纸质文档,折痕/褶皱,室外自然光,手持俯拍,09_logistics/03_ticket/ticket_008_DB_Doppelpassagier_Fahrkarte.png,true
09_logistics/03_ticket/ticket_009_黄山文化地理叙事门票系统,09_logistics,03_ticket,09_logistics/03_ticket/ticket_009_黄山文化地理叙事门票系统.json,09_logistics/03_ticket/ticket_009_黄山文化地理叙事门票系统.html,09_logistics/03_ticket/ticket_009_黄山文化地理叙事门票系统.png,09_logistics/03_ticket/ticket_009_黄山文化地理叙事门票系统.png,09_logistics/03_ticket/ticket_009_黄山文化地理叙事门票系统__real_phone_creased_low_top.png,phone_creased_indoor_low_top,手机拍纸质文档,折痕/褶皱,室内暗光,俯拍,09_logistics/03_ticket/ticket_009_黄山文化地理叙事门票系统.png,true
09_logistics/03_ticket/ticket_010_客运终端系统输出凭证,09_logistics,03_ticket,09_logistics/03_ticket/ticket_010_客运终端系统输出凭证.json,09_logistics/03_ticket/ticket_010_客运终端系统输出凭证.html,09_logistics/03_ticket/ticket_010_客运终端系统输出凭证.png,09_logistics/03_ticket/ticket_010_客运终端系统输出凭证.png,09_logistics/03_ticket/ticket_010_客运终端系统输出凭证__real_phone_creased_out_handheld_top.png,phone_creased_outdoor_handheld_top,手机拍纸质文档,折痕/褶皱,室外自然光,手持俯拍,09_logistics/03_ticket/ticket_010_客运终端系统输出凭证.png,true
09_logistics/03_ticket/ticket_011_Cruise_Boarding_Pass_-_Symphony_of_the_Seas,09_logistics,03_ticket,09_logistics/03_ticket/ticket_011_Cruise_Boarding_Pass_-_Symphony_of_the_Seas.json,09_logistics/03_ticket/ticket_011_Cruise_Boarding_Pass_-_Symphony_of_the_Seas.html,09_logistics/03_ticket/ticket_011_Cruise_Boarding_Pass_-_Symphony_of_the_Seas.png,09_logistics/03_ticket/ticket_011_Cruise_Boarding_Pass_-_Symphony_of_the_Seas.png,09_logistics/03_ticket/ticket_011_Cruise_Boarding_Pass_-_Symphony_of_the_Seas__real_phone_creased_low_top.png,phone_creased_indoor_low_top,手机拍纸质文档,折痕/褶皱,室内暗光,俯拍,09_logistics/03_ticket/ticket_011_Cruise_Boarding_Pass_-_Symphony_of_the_Seas.png,true
09_logistics/03_ticket/ticket_012_CBA篮球赛门票,09_logistics,03_ticket,09_logistics/03_ticket/ticket_012_CBA篮球赛门票.json,09_logistics/03_ticket/ticket_012_CBA篮球赛门票.html,09_logistics/03_ticket/ticket_012_CBA篮球赛门票.png,09_logistics/03_ticket/ticket_012_CBA篮球赛门票.png,09_logistics/03_ticket/ticket_012_CBA篮球赛门票__real_phone_creased_out_handheld_top.png,phone_creased_outdoor_handheld_top,手机拍纸质文档,折痕/褶皱,室外自然光,手持俯拍,09_logistics/03_ticket/ticket_012_CBA篮球赛门票.png,true
09_logistics/03_ticket/ticket_013_国家大剧院《茶馆》戏剧票据系统,09_logistics,03_ticket,09_logistics/03_ticket/ticket_013_国家大剧院《茶馆》戏剧票据系统.json,09_logistics/03_ticket/ticket_013_国家大剧院《茶馆》戏剧票据系统.html,09_logistics/03_ticket/ticket_013_国家大剧院《茶馆》戏剧票据系统.png,09_logistics/03_ticket/ticket_013_国家大剧院《茶馆》戏剧票据系统.png,09_logistics/03_ticket/ticket_013_国家大剧院《茶馆》戏剧票据系统__real_phone_creased_low_top.png,phone_creased_indoor_low_top,手机拍纸质文档,折痕/褶皱,室内暗光,俯拍,09_logistics/03_ticket/ticket_013_国家大剧院《茶馆》戏剧票据系统.png,true
09_logistics/03_ticket/ticket_014_JR_Green_Car_Ticket_System,09_logistics,03_ticket,09_logistics/03_ticket/ticket_014_JR_Green_Car_Ticket_System.json,09_logistics/03_ticket/ticket_014_JR_Green_Car_Ticket_System.html,09_logistics/03_ticket/ticket_014_JR_Green_Car_Ticket_System.png,09_logistics/03_ticket/ticket_014_JR_Green_Car_Ticket_System.png,09_logistics/03_ticket/ticket_014_JR_Green_Car_Ticket_System__real_phone_creased_outdoor_handheld.png,phone_creased_outdoor_handheld_top,手机拍纸质文档,折痕/褶皱,室外自然光,手持俯拍,09_logistics/03_ticket/ticket_014_JR_Green_Car_Ticket_System.png,true
09_logistics/03_ticket/ticket_015_上海迪士尼度假区_-_Future_Ticket_System,09_logistics,03_ticket,09_logistics/03_ticket/ticket_015_上海迪士尼度假区_-_Future_Ticket_System.json,09_logistics/03_ticket/ticket_015_上海迪士尼度假区_-_Future_Ticket_System.html,09_logistics/03_ticket/ticket_015_上海迪士尼度假区_-_Future_Ticket_System.png,09_logistics/03_ticket/ticket_015_上海迪士尼度假区_-_Future_Ticket_System.png,09_logistics/03_ticket/ticket_015_上海迪士尼度假区_-_Future_Ticket_System__real_phone_creased_low_top.png,phone_creased_indoor_low_top,手机拍纸质文档,折痕/褶皱,室内暗光,俯拍,09_logistics/03_ticket/ticket_015_上海迪士尼度假区_-_Future_Ticket_System.png,true
09_logistics/03_ticket/ticket_016_舟山群岛客运航程记录系统,09_logistics,03_ticket,09_logistics/03_ticket/ticket_016_舟山群岛客运航程记录系统.json,09_logistics/03_ticket/ticket_016_舟山群岛客运航程记录系统.html,09_logistics/03_ticket/ticket_016_舟山群岛客运航程记录系统.png,09_logistics/03_ticket/ticket_016_舟山群岛客运航程记录系统.png,09_logistics/03_ticket/ticket_016_舟山群岛客运航程记录系统__real_phone_creased_outdoor_handheld.png,phone_creased_outdoor_handheld_top,手机拍纸质文档,折痕/褶皱,室外自然光,手持俯拍,09_logistics/03_ticket/ticket_016_舟山群岛客运航程记录系统.png,true
09_logistics/03_ticket/ticket_017_国际联程机票行程单_Multi-Segment_International_Flight_Itinerary,09_logistics,03_ticket,09_logistics/03_ticket/ticket_017_国际联程机票行程单_Multi-Segment_International_Flight_Itinerary.json,09_logistics/03_ticket/ticket_017_国际联程机票行程单_Multi-Segment_International_Flight_Itinerary.html,09_logistics/03_ticket/ticket_017_国际联程机票行程单_Multi-Segment_International_Flight_Itinerary.png,09_logistics/03_ticket/ticket_017_国际联程机票行程单_Multi-Segment_International_Flight_Itinerary.png,09_logistics/03_ticket/ticket_017_国际联程机票行程单_Multi-Segment_International_Flight_Itinerary__real_phone_creased_low_top.png,phone_creased_indoor_low_top,手机拍纸质文档,折痕/褶皱,室内暗光,俯拍,09_logistics/03_ticket/ticket_017_国际联程机票行程单_Multi-Segment_International_Flight_Itinerary.png,true
09_logistics/03_ticket/ticket_018_Eurail_Global_Pass_欧洲铁路通票,09_logistics,03_ticket,09_logistics/03_ticket/ticket_018_Eurail_Global_Pass_欧洲铁路通票.json,09_logistics/03_ticket/ticket_018_Eurail_Global_Pass_欧洲铁路通票.html,09_logistics/03_ticket/ticket_018_Eurail_Global_Pass_欧洲铁路通票.png,09_logistics/03_ticket/ticket_018_Eurail_Global_Pass_欧洲铁路通票.png,09_logistics/03_ticket/ticket_018_Eurail_Global_Pass_欧洲铁路通票__real_phone_creased_outdoor_handheld.png,phone_creased_outdoor_handheld_top,手机拍纸质文档,折痕/褶皱,室外自然光,手持俯拍,09_logistics/03_ticket/ticket_018_Eurail_Global_Pass_欧洲铁路通票.png,true
09_logistics/03_ticket/ticket_019_草莓音乐节3日通票_Strawberry_Music_Festival_3-Day_Pass,09_logistics,03_ticket,09_logistics/03_ticket/ticket_019_草莓音乐节3日通票_Strawberry_Music_Festival_3-Day_Pass.json,09_logistics/03_ticket/ticket_019_草莓音乐节3日通票_Strawberry_Music_Festival_3-Day_Pass.html,09_logistics/03_ticket/ticket_019_草莓音乐节3日通票_Strawberry_Music_Festival_3-Day_Pass.png,09_logistics/03_ticket/ticket_019_草莓音乐节3日通票_Strawberry_Music_Festival_3-Day_Pass.png,09_logistics/03_ticket/ticket_019_草莓音乐节3日通票_Strawberry_Music_Festival_3-Day_Pass__real_phone_creased_low_top.jpg,phone_creased_indoor_low_top,手机拍纸质文档,折痕/褶皱,室内暗光,俯拍,09_logistics/03_ticket/ticket_019_草莓音乐节3日通票_Strawberry_Music_Festival_3-Day_Pass.png,true
09_logistics/03_ticket/ticket_020_长三角综合交通联票_Yangtze_Delta_Integrated_Transport_Combo_Ticket,09_logistics,03_ticket,09_logistics/03_ticket/ticket_020_长三角综合交通联票_Yangtze_Delta_Integrated_Transport_Combo_Ticket.json,09_logistics/03_ticket/ticket_020_长三角综合交通联票_Yangtze_Delta_Integrated_Transport_Combo_Ticket.html,09_logistics/03_ticket/ticket_020_长三角综合交通联票_Yangtze_Delta_Integrated_Transport_Combo_Ticket.png,09_logistics/03_ticket/ticket_020_长三角综合交通联票_Yangtze_Delta_Integrated_Transport_Combo_Ticket.png,09_logistics/03_ticket/ticket_020_长三角综合交通联票_Yangtze_Delta_Integrated_Transport_Combo_Ticket__real_phone_creased_outdoor_handheld.jpg,phone_creased_outdoor_handheld_top,手机拍纸质文档,折痕/褶皱,室外自然光,手持俯拍,09_logistics/03_ticket/ticket_020_长三角综合交通联票_Yangtze_Delta_Integrated_Transport_Combo_Ticket.png,true
09_logistics/04_itinerary/itinerary_001_商务出差行程确认函_Business_Trip_Itinerary_Confirmation,09_logistics,04_itinerary,09_logistics/04_itinerary/itinerary_001_商务出差行程确认函_Business_Trip_Itinerary_Confirmation.json,09_logistics/04_itinerary/itinerary_001_商务出差行程确认函_Business_Trip_Itinerary_Confirmation.html,09_logistics/04_itinerary/itinerary_001_商务出差行程确认函_Business_Trip_Itinerary_Confirmation.png,09_logistics/04_itinerary/itinerary_001_商务出差行程确认函_Business_Trip_Itinerary_Confirmation.png,09_logistics/04_itinerary/itinerary_001_商务出差行程确认函_Business_Trip_Itinerary_Confirmation__real_screenshot_na_na_na.png,screenshot_compressed,截图+转发压缩,无(纯数字),无,无,09_logistics/04_itinerary/itinerary_001_商务出差行程确认函_Business_Trip_Itinerary_Confirmation.png,true
09_logistics/04_itinerary/itinerary_002_周末短途游行程_Weekend_Getaway_Itinerary,09_logistics,04_itinerary,09_logistics/04_itinerary/itinerary_002_周末短途游行程_Weekend_Getaway_Itinerary.json,09_logistics/04_itinerary/itinerary_002_周末短途游行程_Weekend_Getaway_Itinerary.html,09_logistics/04_itinerary/itinerary_002_周末短途游行程_Weekend_Getaway_Itinerary.png,09_logistics/04_itinerary/itinerary_002_周末短途游行程_Weekend_Getaway_Itinerary.png,09_logistics/04_itinerary/itinerary_002_周末短途游行程_Weekend_Getaway_Itinerary__real_screenshot_na_na_na.png,screenshot_compressed,截图+转发压缩,无(纯数字),无,无,09_logistics/04_itinerary/itinerary_002_周末短途游行程_Weekend_Getaway_Itinerary.png,true
09_logistics/04_itinerary/itinerary_003_电子行程单_Electronic_Itinerary_Receipt,09_logistics,04_itinerary,09_logistics/04_itinerary/itinerary_003_电子行程单_Electronic_Itinerary_Receipt.json,09_logistics/04_itinerary/itinerary_003_电子行程单_Electronic_Itinerary_Receipt.html,09_logistics/04_itinerary/itinerary_003_电子行程单_Electronic_Itinerary_Receipt.png,09_logistics/04_itinerary/itinerary_003_电子行程单_Electronic_Itinerary_Receipt.png,09_logistics/04_itinerary/itinerary_003_电子行程单_Electronic_Itinerary_Receipt__real_screenshot_na_na_na.png,screenshot_compressed,截图+转发压缩,无(纯数字),无,无,09_logistics/04_itinerary/itinerary_003_电子行程单_Electronic_Itinerary_Receipt.png,true
09_logistics/04_itinerary/itinerary_004_家庭自驾路书_Family_Road_Trip_Guide,09_logistics,04_itinerary,09_logistics/04_itinerary/itinerary_004_家庭自驾路书_Family_Road_Trip_Guide.json,09_logistics/04_itinerary/itinerary_004_家庭自驾路书_Family_Road_Trip_Guide.html,09_logistics/04_itinerary/itinerary_004_家庭自驾路书_Family_Road_Trip_Guide.png,09_logistics/04_itinerary/itinerary_004_家庭自驾路书_Family_Road_Trip_Guide.png,09_logistics/04_itinerary/itinerary_004_家庭自驾路书_Family_Road_Trip_Guide__real_screenshot_compressed.png,screenshot_compressed,截图+转发压缩,无(纯数字),无,无,09_logistics/04_itinerary/itinerary_004_家庭自驾路书_Family_Road_Trip_Guide.png,true
09_logistics/04_itinerary/itinerary_005_Corporate_Travel_Authorization_Ledger,09_logistics,04_itinerary,09_logistics/04_itinerary/itinerary_005_Corporate_Travel_Authorization_Ledger.json,09_logistics/04_itinerary/itinerary_005_Corporate_Travel_Authorization_Ledger.html,09_logistics/04_itinerary/itinerary_005_Corporate_Travel_Authorization_Ledger.png,09_logistics/04_itinerary/itinerary_005_Corporate_Travel_Authorization_Ledger.png,09_logistics/04_itinerary/itinerary_005_Corporate_Travel_Authorization_Ledger__real_phone_flat_normal_top.png,phone_flat_indoor_normal_top,手机拍纸质文档,平整,室内正常光,俯拍,09_logistics/04_itinerary/itinerary_005_Corporate_Travel_Authorization_Ledger.png,true
09_logistics/04_itinerary/itinerary_006_欧洲多国深度游_European_Multi-Country_Tour,09_logistics,04_itinerary,09_logistics/04_itinerary/itinerary_006_欧洲多国深度游_European_Multi-Country_Tour.json,09_logistics/04_itinerary/itinerary_006_欧洲多国深度游_European_Multi-Country_Tour.html,09_logistics/04_itinerary/itinerary_006_欧洲多国深度游_European_Multi-Country_Tour.png,09_logistics/04_itinerary/itinerary_006_欧洲多国深度游_European_Multi-Country_Tour.png,09_logistics/04_itinerary/itinerary_006_欧洲多国深度游_European_Multi-Country_Tour__real_screenshot_na_na_na.jpg,screenshot_compressed,截图+转发压缩,无(纯数字),无,无,09_logistics/04_itinerary/itinerary_006_欧洲多国深度游_European_Multi-Country_Tour.png,true
09_logistics/04_itinerary/itinerary_007_Cruise_Itinerary_Modular_System,09_logistics,04_itinerary,09_logistics/04_itinerary/itinerary_007_Cruise_Itinerary_Modular_System.json,09_logistics/04_itinerary/itinerary_007_Cruise_Itinerary_Modular_System.html,09_logistics/04_itinerary/itinerary_007_Cruise_Itinerary_Modular_System.png,09_logistics/04_itinerary/itinerary_007_Cruise_Itinerary_Modular_System.png,09_logistics/04_itinerary/itinerary_007_Cruise_Itinerary_Modular_System__real_phone_flat_normal_top.png,phone_flat_indoor_normal_top,手机拍纸质文档,平整,室内正常光,俯拍,09_logistics/04_itinerary/itinerary_007_Cruise_Itinerary_Modular_System.png,true
09_logistics/04_itinerary/itinerary_008_锐进科技集团2026年度大会,09_logistics,04_itinerary,09_logistics/04_itinerary/itinerary_008_锐进科技集团2026年度大会.json,09_logistics/04_itinerary/itinerary_008_锐进科技集团2026年度大会.html,09_logistics/04_itinerary/itinerary_008_锐进科技集团2026年度大会.png,09_logistics/04_itinerary/itinerary_008_锐进科技集团2026年度大会.png,09_logistics/04_itinerary/itinerary_008_锐进科技集团2026年度大会__real_screenshot_na_na_na.png,screenshot_compressed,截图+转发压缩,无(纯数字),无,无,09_logistics/04_itinerary/itinerary_008_锐进科技集团2026年度大会.png,true
09_logistics/04_itinerary/itinerary_009_Cultural_Hybrid_Itinerary,09_logistics,04_itinerary,09_logistics/04_itinerary/itinerary_009_Cultural_Hybrid_Itinerary.json,09_logistics/04_itinerary/itinerary_009_Cultural_Hybrid_Itinerary.html,09_logistics/04_itinerary/itinerary_009_Cultural_Hybrid_Itinerary.png,09_logistics/04_itinerary/itinerary_009_Cultural_Hybrid_Itinerary.png,09_logistics/04_itinerary/itinerary_009_Cultural_Hybrid_Itinerary__real_screenshot_na_na_na.png,screenshot_compressed,截图+转发压缩,无(纯数字),无,无,09_logistics/04_itinerary/itinerary_009_Cultural_Hybrid_Itinerary.png,true
09_logistics/04_itinerary/itinerary_010_医疗旅游行程计划_Medical_Tourism_Itinerary_Plan,09_logistics,04_itinerary,09_logistics/04_itinerary/itinerary_010_医疗旅游行程计划_Medical_Tourism_Itinerary_Plan.json,09_logistics/04_itinerary/itinerary_010_医疗旅游行程计划_Medical_Tourism_Itinerary_Plan.html,09_logistics/04_itinerary/itinerary_010_医疗旅游行程计划_Medical_Tourism_Itinerary_Plan.png,09_logistics/04_itinerary/itinerary_010_医疗旅游行程计划_Medical_Tourism_Itinerary_Plan.png,09_logistics/04_itinerary/itinerary_010_医疗旅游行程计划_Medical_Tourism_Itinerary_Plan__real_screenshot_na_na_na.jpg,screenshot_compressed,截图+转发压缩,无(纯数字),无,无,09_logistics/04_itinerary/itinerary_010_医疗旅游行程计划_Medical_Tourism_Itinerary_Plan.png,true
09_logistics/04_itinerary/itinerary_011_WILDERNESS_LENS_荒野镜头_Issue_48,09_logistics,04_itinerary,09_logistics/04_itinerary/itinerary_011_WILDERNESS_LENS_荒野镜头_Issue_48.json,09_logistics/04_itinerary/itinerary_011_WILDERNESS_LENS_荒野镜头_Issue_48.html,09_logistics/04_itinerary/itinerary_011_WILDERNESS_LENS_荒野镜头_Issue_48.png,09_logistics/04_itinerary/itinerary_011_WILDERNESS_LENS_荒野镜头_Issue_48.png,09_logistics/04_itinerary/itinerary_011_WILDERNESS_LENS_荒野镜头_Issue_48__real_screenshot_na_na_na.png,screenshot_compressed,截图+转发压缩,无(纯数字),无,无,09_logistics/04_itinerary/itinerary_011_WILDERNESS_LENS_荒野镜头_Issue_48.png,true
09_logistics/04_itinerary/itinerary_012_Trans-China_Rail_Topology_Interface,09_logistics,04_itinerary,09_logistics/04_itinerary/itinerary_012_Trans-China_Rail_Topology_Interface.json,09_logistics/04_itinerary/itinerary_012_Trans-China_Rail_Topology_Interface.html,09_logistics/04_itinerary/itinerary_012_Trans-China_Rail_Topology_Interface.png,09_logistics/04_itinerary/itinerary_012_Trans-China_Rail_Topology_Interface.png,09_logistics/04_itinerary/itinerary_012_Trans-China_Rail_Topology_Interface__real_screenshot_na_na_na.jpg,screenshot_compressed,截图+转发压缩,无(纯数字),无,无,09_logistics/04_itinerary/itinerary_012_Trans-China_Rail_Topology_Interface.png,true
09_logistics/04_itinerary/itinerary_013_工业展会参观行程信息网络图,09_logistics,04_itinerary,09_logistics/04_itinerary/itinerary_013_工业展会参观行程信息网络图.json,09_logistics/04_itinerary/itinerary_013_工业展会参观行程信息网络图.html,09_logistics/04_itinerary/itinerary_013_工业展会参观行程信息网络图.png,09_logistics/04_itinerary/itinerary_013_工业展会参观行程信息网络图.png,09_logistics/04_itinerary/itinerary_013_工业展会参观行程信息网络图__real_phone_flat_normal_top.png,phone_flat_indoor_normal_top,手机拍纸质文档,平整,室内正常光,俯拍,09_logistics/04_itinerary/itinerary_013_工业展会参观行程信息网络图.png,true
09_logistics/04_itinerary/itinerary_014_贵宾接待行程安排_VIP_Reception_Itinerary_and_Protocol,09_logistics,04_itinerary,09_logistics/04_itinerary/itinerary_014_贵宾接待行程安排_VIP_Reception_Itinerary_and_Protocol.json,09_logistics/04_itinerary/itinerary_014_贵宾接待行程安排_VIP_Reception_Itinerary_and_Protocol.html,09_logistics/04_itinerary/itinerary_014_贵宾接待行程安排_VIP_Reception_Itinerary_and_Protocol.png,09_logistics/04_itinerary/itinerary_014_贵宾接待行程安排_VIP_Reception_Itinerary_and_Protocol.png,09_logistics/04_itinerary/itinerary_014_贵宾接待行程安排_VIP_Reception_Itinerary_and_Protocol__real_screenshot_na_na_na.png,screenshot_compressed,截图+转发压缩,无(纯数字),无,无,09_logistics/04_itinerary/itinerary_014_贵宾接待行程安排_VIP_Reception_Itinerary_and_Protocol.png,true
09_logistics/04_itinerary/itinerary_015_珠峰北坡攀登行程_Mt._Everest_North_Face_Expedition,09_logistics,04_itinerary,09_logistics/04_itinerary/itinerary_015_珠峰北坡攀登行程_Mt._Everest_North_Face_Expedition.json,09_logistics/04_itinerary/itinerary_015_珠峰北坡攀登行程_Mt._Everest_North_Face_Expedition.html,09_logistics/04_itinerary/itinerary_015_珠峰北坡攀登行程_Mt._Everest_North_Face_Expedition.png,09_logistics/04_itinerary/itinerary_015_珠峰北坡攀登行程_Mt._Everest_North_Face_Expedition.png,09_logistics/04_itinerary/itinerary_015_珠峰北坡攀登行程_Mt._Everest_North_Face_Expedition__real_screenshot_na_na_na.png,screenshot_compressed,截图+转发压缩,无(纯数字),无,无,09_logistics/04_itinerary/itinerary_015_珠峰北坡攀登行程_Mt._Everest_North_Face_Expedition.png,true
09_logistics/04_itinerary/itinerary_016_行程确认函_Itinerary_Confirmation_for_Visa_Application,09_logistics,04_itinerary,09_logistics/04_itinerary/itinerary_016_行程确认函_Itinerary_Confirmation_for_Visa_Application.json,09_logistics/04_itinerary/itinerary_016_行程确认函_Itinerary_Confirmation_for_Visa_Application.html,09_logistics/04_itinerary/itinerary_016_行程确认函_Itinerary_Confirmation_for_Visa_Application.png,09_logistics/04_itinerary/itinerary_016_行程确认函_Itinerary_Confirmation_for_Visa_Application.png,09_logistics/04_itinerary/itinerary_016_行程确认函_Itinerary_Confirmation_for_Visa_Application__real_screenshot_na_na_na.png,screenshot_compressed,截图+转发压缩,无(纯数字),无,无,09_logistics/04_itinerary/itinerary_016_行程确认函_Itinerary_Confirmation_for_Visa_Application.png,true
09_logistics/04_itinerary/itinerary_017_三十天环球商务行程总览_30-Day_Global_Business_Itinerary,09_logistics,04_itinerary,09_logistics/04_itinerary/itinerary_017_三十天环球商务行程总览_30-Day_Global_Business_Itinerary.json,09_logistics/04_itinerary/itinerary_017_三十天环球商务行程总览_30-Day_Global_Business_Itinerary.html,09_logistics/04_itinerary/itinerary_017_三十天环球商务行程总览_30-Day_Global_Business_Itinerary.png,09_logistics/04_itinerary/itinerary_017_三十天环球商务行程总览_30-Day_Global_Business_Itinerary.png,09_logistics/04_itinerary/itinerary_017_三十天环球商务行程总览_30-Day_Global_Business_Itinerary__real_phone_flat_flash_top.png,phone_flat_flash_top,手机拍纸质文档,平整,闪光灯,俯拍,09_logistics/04_itinerary/itinerary_017_三十天环球商务行程总览_30-Day_Global_Business_Itinerary.png,true
09_logistics/04_itinerary/itinerary_018_2026国际人工智能峰会接待总表,09_logistics,04_itinerary,09_logistics/04_itinerary/itinerary_018_2026国际人工智能峰会接待总表.json,09_logistics/04_itinerary/itinerary_018_2026国际人工智能峰会接待总表.html,09_logistics/04_itinerary/itinerary_018_2026国际人工智能峰会接待总表.png,09_logistics/04_itinerary/itinerary_018_2026国际人工智能峰会接待总表.png,09_logistics/04_itinerary/itinerary_018_2026国际人工智能峰会接待总表__real_screenshot_na_na_na.jpg,screenshot_compressed,截图+转发压缩,无(纯数字),无,无,09_logistics/04_itinerary/itinerary_018_2026国际人工智能峰会接待总表.png,true
09_logistics/04_itinerary/itinerary_019_联合军事演习部署行程_Joint_Military_Exercise_Deployment_Itinerary,09_logistics,04_itinerary,09_logistics/04_itinerary/itinerary_019_联合军事演习部署行程_Joint_Military_Exercise_Deployment_Itinerary.json,09_logistics/04_itinerary/itinerary_019_联合军事演习部署行程_Joint_Military_Exercise_Deployment_Itinerary.html,09_logistics/04_itinerary/itinerary_019_联合军事演习部署行程_Joint_Military_Exercise_Deployment_Itinerary.png,09_logistics/04_itinerary/itinerary_019_联合军事演习部署行程_Joint_Military_Exercise_Deployment_Itinerary.png,09_logistics/04_itinerary/itinerary_019_联合军事演习部署行程_Joint_Military_Exercise_Deployment_Itinerary__real_phone_flat_normal_top.png,phone_flat_indoor_normal_top,手机拍纸质文档,平整,室内正常光,俯拍,09_logistics/04_itinerary/itinerary_019_联合军事演习部署行程_Joint_Military_Exercise_Deployment_Itinerary.png,true
09_logistics/04_itinerary/itinerary_020_国际峰会日程总览_International_Summit_Schedule_Overview,09_logistics,04_itinerary,09_logistics/04_itinerary/itinerary_020_国际峰会日程总览_International_Summit_Schedule_Overview.json,09_logistics/04_itinerary/itinerary_020_国际峰会日程总览_International_Summit_Schedule_Overview.html,09_logistics/04_itinerary/itinerary_020_国际峰会日程总览_International_Summit_Schedule_Overview.png,09_logistics/04_itinerary/itinerary_020_国际峰会日程总览_International_Summit_Schedule_Overview.png,09_logistics/04_itinerary/itinerary_020_国际峰会日程总览_International_Summit_Schedule_Overview__real_screenshot_na_na_na.png,screenshot_compressed,截图+转发压缩,无(纯数字),无,无,09_logistics/04_itinerary/itinerary_020_国际峰会日程总览_International_Summit_Schedule_Overview.png,true
09_logistics/05_hotel_booking/hotel_booking_001_酒店热敏小票,09_logistics,05_hotel_booking,09_logistics/05_hotel_booking/hotel_booking_001_酒店热敏小票.json,09_logistics/05_hotel_booking/hotel_booking_001_酒店热敏小票.html,09_logistics/05_hotel_booking/hotel_booking_001_酒店热敏小票.png,09_logistics/05_hotel_booking/hotel_booking_001_酒店热敏小票.png,09_logistics/05_hotel_booking/hotel_booking_001_酒店热敏小票__real_screenshot_na_na_na.png,screenshot_compressed,截图+转发压缩,无(纯数字),无,无,09_logistics/05_hotel_booking/hotel_booking_001_酒店热敏小票.png,true
09_logistics/05_hotel_booking/hotel_booking_002_Sticky_Note_Hotel_Booking,09_logistics,05_hotel_booking,09_logistics/05_hotel_booking/hotel_booking_002_Sticky_Note_Hotel_Booking.json,09_logistics/05_hotel_booking/hotel_booking_002_Sticky_Note_Hotel_Booking.html,09_logistics/05_hotel_booking/hotel_booking_002_Sticky_Note_Hotel_Booking.png,09_logistics/05_hotel_booking/hotel_booking_002_Sticky_Note_Hotel_Booking.png,09_logistics/05_hotel_booking/hotel_booking_002_Sticky_Note_Hotel_Booking__real_screen_na_screen_screen.png,screen_photography,拍屏,无(屏幕显示),屏幕背光+室内光,手机对屏幕,09_logistics/05_hotel_booking/hotel_booking_002_Sticky_Note_Hotel_Booking.png,true
09_logistics/05_hotel_booking/hotel_booking_003_短信确认截图,09_logistics,05_hotel_booking,09_logistics/05_hotel_booking/hotel_booking_003_短信确认截图.json,09_logistics/05_hotel_booking/hotel_booking_003_短信确认截图.html,09_logistics/05_hotel_booking/hotel_booking_003_短信确认截图.png,09_logistics/05_hotel_booking/hotel_booking_003_短信确认截图.png,09_logistics/05_hotel_booking/hotel_booking_003_短信确认截图__real_screenshot_na_na_na.png,screenshot_compressed,截图+转发压缩,无(纯数字),无,无,09_logistics/05_hotel_booking/hotel_booking_003_短信确认截图.png,true
09_logistics/05_hotel_booking/hotel_booking_004_Hotel_Registration_Card,09_logistics,05_hotel_booking,09_logistics/05_hotel_booking/hotel_booking_004_Hotel_Registration_Card.json,09_logistics/05_hotel_booking/hotel_booking_004_Hotel_Registration_Card.html,09_logistics/05_hotel_booking/hotel_booking_004_Hotel_Registration_Card.png,09_logistics/05_hotel_booking/hotel_booking_004_Hotel_Registration_Card.png,09_logistics/05_hotel_booking/hotel_booking_004_Hotel_Registration_Card__real_screenshot_compressed.png,screenshot_compressed,截图+转发压缩,无(纯数字),无,无,09_logistics/05_hotel_booking/hotel_booking_004_Hotel_Registration_Card.png,true
09_logistics/05_hotel_booking/hotel_booking_005_Hotel_Confirmation_Portfolio,09_logistics,05_hotel_booking,09_logistics/05_hotel_booking/hotel_booking_005_Hotel_Confirmation_Portfolio.json,09_logistics/05_hotel_booking/hotel_booking_005_Hotel_Confirmation_Portfolio.html,09_logistics/05_hotel_booking/hotel_booking_005_Hotel_Confirmation_Portfolio.png,09_logistics/05_hotel_booking/hotel_booking_005_Hotel_Confirmation_Portfolio.png,09_logistics/05_hotel_booking/hotel_booking_005_Hotel_Confirmation_Portfolio__real_screenshot_na_na_na.png,screenshot_compressed,截图+转发压缩,无(纯数字),无,无,09_logistics/05_hotel_booking/hotel_booking_005_Hotel_Confirmation_Portfolio.png,true
09_logistics/05_hotel_booking/hotel_booking_006_Booking.com_Page,09_logistics,05_hotel_booking,09_logistics/05_hotel_booking/hotel_booking_006_Booking.com_Page.json,09_logistics/05_hotel_booking/hotel_booking_006_Booking.com_Page.html,09_logistics/05_hotel_booking/hotel_booking_006_Booking.com_Page.png,09_logistics/05_hotel_booking/hotel_booking_006_Booking.com_Page.png,09_logistics/05_hotel_booking/hotel_booking_006_Booking.com_Page__real_phone_flat_normal_top.jpg,phone_flat_indoor_normal_top,手机拍纸质文档,平整,室内正常光,俯拍,09_logistics/05_hotel_booking/hotel_booking_006_Booking.com_Page.png,true
09_logistics/05_hotel_booking/hotel_booking_007_Hotel_Confirmation_Hybrid_Dashboard,09_logistics,05_hotel_booking,09_logistics/05_hotel_booking/hotel_booking_007_Hotel_Confirmation_Hybrid_Dashboard.json,09_logistics/05_hotel_booking/hotel_booking_007_Hotel_Confirmation_Hybrid_Dashboard.html,09_logistics/05_hotel_booking/hotel_booking_007_Hotel_Confirmation_Hybrid_Dashboard.png,09_logistics/05_hotel_booking/hotel_booking_007_Hotel_Confirmation_Hybrid_Dashboard.png,09_logistics/05_hotel_booking/hotel_booking_007_Hotel_Confirmation_Hybrid_Dashboard__real_screenshot_na_na_na.png,screenshot_compressed,截图+转发压缩,无(纯数字),无,无,09_logistics/05_hotel_booking/hotel_booking_007_Hotel_Confirmation_Hybrid_Dashboard.png,true
09_logistics/05_hotel_booking/hotel_booking_008_携程APP订单页,09_logistics,05_hotel_booking,09_logistics/05_hotel_booking/hotel_booking_008_携程APP订单页.json,09_logistics/05_hotel_booking/hotel_booking_008_携程APP订单页.html,09_logistics/05_hotel_booking/hotel_booking_008_携程APP订单页.png,09_logistics/05_hotel_booking/hotel_booking_008_携程APP订单页.png,09_logistics/05_hotel_booking/hotel_booking_008_携程APP订单页__real_screenshot_compressed.png,screenshot_compressed,截图+转发压缩,无(纯数字),无,无,09_logistics/05_hotel_booking/hotel_booking_008_携程APP订单页.png,true
09_logistics/05_hotel_booking/hotel_booking_009_Complex_Fax_Style_Booking_Document,09_logistics,05_hotel_booking,09_logistics/05_hotel_booking/hotel_booking_009_Complex_Fax_Style_Booking_Document.json,09_logistics/05_hotel_booking/hotel_booking_009_Complex_Fax_Style_Booking_Document.html,09_logistics/05_hotel_booking/hotel_booking_009_Complex_Fax_Style_Booking_Document.png,09_logistics/05_hotel_booking/hotel_booking_009_Complex_Fax_Style_Booking_Document.png,09_logistics/05_hotel_booking/hotel_booking_009_Complex_Fax_Style_Booking_Document__real_screenshot_na_na_na.png,screenshot_compressed,截图+转发压缩,无(纯数字),无,无,09_logistics/05_hotel_booking/hotel_booking_009_Complex_Fax_Style_Booking_Document.png,true
09_logistics/05_hotel_booking/hotel_booking_010_Government_Travel_Approval,09_logistics,05_hotel_booking,09_logistics/05_hotel_booking/hotel_booking_010_Government_Travel_Approval.json,09_logistics/05_hotel_booking/hotel_booking_010_Government_Travel_Approval.html,09_logistics/05_hotel_booking/hotel_booking_010_Government_Travel_Approval.png,09_logistics/05_hotel_booking/hotel_booking_010_Government_Travel_Approval.png,09_logistics/05_hotel_booking/hotel_booking_010_Government_Travel_Approval__real_phone_flat_normal_top.png,phone_flat_indoor_normal_top,手机拍纸质文档,平整,室内正常光,俯拍,09_logistics/05_hotel_booking/hotel_booking_010_Government_Travel_Approval.png,true
09_logistics/05_hotel_booking/hotel_booking_011_Legal_Contract_Page,09_logistics,05_hotel_booking,09_logistics/05_hotel_booking/hotel_booking_011_Legal_Contract_Page.json,09_logistics/05_hotel_booking/hotel_booking_011_Legal_Contract_Page.html,09_logistics/05_hotel_booking/hotel_booking_011_Legal_Contract_Page.png,09_logistics/05_hotel_booking/hotel_booking_011_Legal_Contract_Page.png,09_logistics/05_hotel_booking/hotel_booking_011_Legal_Contract_Page__real_screenshot_na_na_na.png,screenshot_compressed,截图+转发压缩,无(纯数字),无,无,09_logistics/05_hotel_booking/hotel_booking_011_Legal_Contract_Page.png,true
09_logistics/05_hotel_booking/hotel_booking_012_Enterprise_Mail_Thread,09_logistics,05_hotel_booking,09_logistics/05_hotel_booking/hotel_booking_012_Enterprise_Mail_Thread.json,09_logistics/05_hotel_booking/hotel_booking_012_Enterprise_Mail_Thread.html,09_logistics/05_hotel_booking/hotel_booking_012_Enterprise_Mail_Thread.png,09_logistics/05_hotel_booking/hotel_booking_012_Enterprise_Mail_Thread.png,09_logistics/05_hotel_booking/hotel_booking_012_Enterprise_Mail_Thread__real_screenshot_na_na_na.png,phone_flat_indoor_normal_top,手机拍纸质文档,平整,室内正常光,俯拍,09_logistics/05_hotel_booking/hotel_booking_012_Enterprise_Mail_Thread.png,true
09_logistics/05_hotel_booking/hotel_booking_013_Dense_Invoice_Dashboard,09_logistics,05_hotel_booking,09_logistics/05_hotel_booking/hotel_booking_013_Dense_Invoice_Dashboard.json,09_logistics/05_hotel_booking/hotel_booking_013_Dense_Invoice_Dashboard.html,09_logistics/05_hotel_booking/hotel_booking_013_Dense_Invoice_Dashboard.png,09_logistics/05_hotel_booking/hotel_booking_013_Dense_Invoice_Dashboard.png,09_logistics/05_hotel_booking/hotel_booking_013_Dense_Invoice_Dashboard__real_screenshot_na_na_na.jpg,screenshot_compressed,截图+转发压缩,无(纯数字),无,无,09_logistics/05_hotel_booking/hotel_booking_013_Dense_Invoice_Dashboard.png,true
09_logistics/05_hotel_booking/hotel_booking_014_Travel_Journal_Infographic,09_logistics,05_hotel_booking,09_logistics/05_hotel_booking/hotel_booking_014_Travel_Journal_Infographic.json,09_logistics/05_hotel_booking/hotel_booking_014_Travel_Journal_Infographic.html,09_logistics/05_hotel_booking/hotel_booking_014_Travel_Journal_Infographic.png,09_logistics/05_hotel_booking/hotel_booking_014_Travel_Journal_Infographic.png,09_logistics/05_hotel_booking/hotel_booking_014_Travel_Journal_Infographic__real_phone_flat_normal_top.png,phone_flat_indoor_normal_top,手机拍纸质文档,平整,室内正常光,俯拍,09_logistics/05_hotel_booking/hotel_booking_014_Travel_Journal_Infographic.png,true
09_logistics/05_hotel_booking/hotel_booking_015_大众点评酒店页面,09_logistics,05_hotel_booking,09_logistics/05_hotel_booking/hotel_booking_015_大众点评酒店页面.json,09_logistics/05_hotel_booking/hotel_booking_015_大众点评酒店页面.html,09_logistics/05_hotel_booking/hotel_booking_015_大众点评酒店页面.png,09_logistics/05_hotel_booking/hotel_booking_015_大众点评酒店页面.png,09_logistics/05_hotel_booking/hotel_booking_015_大众点评酒店页面__real_screenshot_na_na_na.png,screenshot_compressed,截图+转发压缩,无(纯数字),无,无,09_logistics/05_hotel_booking/hotel_booking_015_大众点评酒店页面.png,true
09_logistics/05_hotel_booking/hotel_booking_016_旅游新闻App,09_logistics,05_hotel_booking,09_logistics/05_hotel_booking/hotel_booking_016_旅游新闻App.json,09_logistics/05_hotel_booking/hotel_booking_016_旅游新闻App.html,09_logistics/05_hotel_booking/hotel_booking_016_旅游新闻App.png,09_logistics/05_hotel_booking/hotel_booking_016_旅游新闻App.png,09_logistics/05_hotel_booking/hotel_booking_016_旅游新闻App__real_screenshot_na_na_na.png,screenshot_compressed,截图+转发压缩,无(纯数字),无,无,09_logistics/05_hotel_booking/hotel_booking_016_旅游新闻App.png,true
09_logistics/05_hotel_booking/hotel_booking_017_差旅管理看板,09_logistics,05_hotel_booking,09_logistics/05_hotel_booking/hotel_booking_017_差旅管理看板.json,09_logistics/05_hotel_booking/hotel_booking_017_差旅管理看板.html,09_logistics/05_hotel_booking/hotel_booking_017_差旅管理看板.png,09_logistics/05_hotel_booking/hotel_booking_017_差旅管理看板.png,09_logistics/05_hotel_booking/hotel_booking_017_差旅管理看板__real_screenshot_na_na_na.png,screenshot_compressed,截图+转发压缩,无(纯数字),无,无,09_logistics/05_hotel_booking/hotel_booking_017_差旅管理看板.png,true
09_logistics/05_hotel_booking/hotel_booking_018_Azure_Lagoon_Resort_-_Maldives_Booking,09_logistics,05_hotel_booking,09_logistics/05_hotel_booking/hotel_booking_018_Azure_Lagoon_Resort_-_Maldives_Booking.json,09_logistics/05_hotel_booking/hotel_booking_018_Azure_Lagoon_Resort_-_Maldives_Booking.html,09_logistics/05_hotel_booking/hotel_booking_018_Azure_Lagoon_Resort_-_Maldives_Booking.png,09_logistics/05_hotel_booking/hotel_booking_018_Azure_Lagoon_Resort_-_Maldives_Booking.png,09_logistics/05_hotel_booking/hotel_booking_018_Azure_Lagoon_Resort_-_Maldives_Booking__real_phone_flat_normal_top.png,phone_flat_indoor_normal_top,手机拍纸质文档,平整,室内正常光,俯拍,09_logistics/05_hotel_booking/hotel_booking_018_Azure_Lagoon_Resort_-_Maldives_Booking.png,true
09_logistics/05_hotel_booking/hotel_booking_019_跨城商旅总订单,09_logistics,05_hotel_booking,09_logistics/05_hotel_booking/hotel_booking_019_跨城商旅总订单.json,09_logistics/05_hotel_booking/hotel_booking_019_跨城商旅总订单.html,09_logistics/05_hotel_booking/hotel_booking_019_跨城商旅总订单.png,09_logistics/05_hotel_booking/hotel_booking_019_跨城商旅总订单.png,09_logistics/05_hotel_booking/hotel_booking_019_跨城商旅总订单__real_screenshot_na_na_na.png,screenshot_compressed,截图+转发压缩,无(纯数字),无,无,09_logistics/05_hotel_booking/hotel_booking_019_跨城商旅总订单.png,true
09_logistics/05_hotel_booking/hotel_booking_020_婚礼宾客住宿统筹方案,09_logistics,05_hotel_booking,09_logistics/05_hotel_booking/hotel_booking_020_婚礼宾客住宿统筹方案.json,09_logistics/05_hotel_booking/hotel_booking_020_婚礼宾客住宿统筹方案.html,09_logistics/05_hotel_booking/hotel_booking_020_婚礼宾客住宿统筹方案.png,09_logistics/05_hotel_booking/hotel_booking_020_婚礼宾客住宿统筹方案.png,09_logistics/05_hotel_booking/hotel_booking_020_婚礼宾客住宿统筹方案__real_screenshot_na_na_na.png,screenshot_compressed,截图+转发压缩,无(纯数字),无,无,09_logistics/05_hotel_booking/hotel_booking_020_婚礼宾客住宿统筹方案.png,true
09_logistics/06_bill_of_lading/bill_of_lading_001_Bill_of_Lading_-_Letter_Format_提单_-_商业信函格式,09_logistics,06_bill_of_lading,09_logistics/06_bill_of_lading/bill_of_lading_001_Bill_of_Lading_-_Letter_Format_提单_-_商业信函格式.json,09_logistics/06_bill_of_lading/bill_of_lading_001_Bill_of_Lading_-_Letter_Format_提单_-_商业信函格式.html,09_logistics/06_bill_of_lading/bill_of_lading_001_Bill_of_Lading_-_Letter_Format_提单_-_商业信函格式.png,09_logistics/06_bill_of_lading/bill_of_lading_001_Bill_of_Lading_-_Letter_Format_提单_-_商业信函格式.png,09_logistics/06_bill_of_lading/bill_of_lading_001_Bill_of_Lading_-_Letter_Format_提单_-_商业信函格式__real_phone_creased_normal_top.png,phone_creased_indoor_normal_top,手机拍纸质文档,折痕/褶皱,室内正常光,俯拍,09_logistics/06_bill_of_lading/bill_of_lading_001_Bill_of_Lading_-_Letter_Format_提单_-_商业信函格式.png,true
09_logistics/06_bill_of_lading/bill_of_lading_002_内河运输货票_Inland_Waterway_Transport_Bill,09_logistics,06_bill_of_lading,09_logistics/06_bill_of_lading/bill_of_lading_002_内河运输货票_Inland_Waterway_Transport_Bill.json,09_logistics/06_bill_of_lading/bill_of_lading_002_内河运输货票_Inland_Waterway_Transport_Bill.html,09_logistics/06_bill_of_lading/bill_of_lading_002_内河运输货票_Inland_Waterway_Transport_Bill.png,09_logistics/06_bill_of_lading/bill_of_lading_002_内河运输货票_Inland_Waterway_Transport_Bill.png,09_logistics/06_bill_of_lading/bill_of_lading_002_内河运输货票_Inland_Waterway_Transport_Bill__real_phone_flat_normal_top.png,phone_flat_indoor_normal_top,手机拍纸质文档,平整,室内正常光,俯拍,09_logistics/06_bill_of_lading/bill_of_lading_002_内河运输货票_Inland_Waterway_Transport_Bill.png,true
09_logistics/06_bill_of_lading/bill_of_lading_003_直达提单_Straight_Bill_of_Lading_-_Ticket_Style,09_logistics,06_bill_of_lading,09_logistics/06_bill_of_lading/bill_of_lading_003_直达提单_Straight_Bill_of_Lading_-_Ticket_Style.json,09_logistics/06_bill_of_lading/bill_of_lading_003_直达提单_Straight_Bill_of_Lading_-_Ticket_Style.html,09_logistics/06_bill_of_lading/bill_of_lading_003_直达提单_Straight_Bill_of_Lading_-_Ticket_Style.png,09_logistics/06_bill_of_lading/bill_of_lading_003_直达提单_Straight_Bill_of_Lading_-_Ticket_Style.png,09_logistics/06_bill_of_lading/bill_of_lading_003_直达提单_Straight_Bill_of_Lading_-_Ticket_Style__real_phone_creased_normal_top.png,phone_creased_indoor_normal_top,手机拍纸质文档,折痕/褶皱,室内正常光,俯拍,09_logistics/06_bill_of_lading/bill_of_lading_003_直达提单_Straight_Bill_of_Lading_-_Ticket_Style.png,true
09_logistics/06_bill_of_lading/bill_of_lading_004_航空运单_Air_Waybill_-_Card_Style,09_logistics,06_bill_of_lading,09_logistics/06_bill_of_lading/bill_of_lading_004_航空运单_Air_Waybill_-_Card_Style.json,09_logistics/06_bill_of_lading/bill_of_lading_004_航空运单_Air_Waybill_-_Card_Style.html,09_logistics/06_bill_of_lading/bill_of_lading_004_航空运单_Air_Waybill_-_Card_Style.png,09_logistics/06_bill_of_lading/bill_of_lading_004_航空运单_Air_Waybill_-_Card_Style.png,09_logistics/06_bill_of_lading/bill_of_lading_004_航空运单_Air_Waybill_-_Card_Style__real_screenshot_na_na_na.png,screenshot_compressed,截图+转发压缩,无(纯数字),无,无,09_logistics/06_bill_of_lading/bill_of_lading_004_航空运单_Air_Waybill_-_Card_Style.png,true
09_logistics/06_bill_of_lading/bill_of_lading_005_Cold_Chain_Pharmaceutical_Transport_Dashboard,09_logistics,06_bill_of_lading,09_logistics/06_bill_of_lading/bill_of_lading_005_Cold_Chain_Pharmaceutical_Transport_Dashboard.json,09_logistics/06_bill_of_lading/bill_of_lading_005_Cold_Chain_Pharmaceutical_Transport_Dashboard.html,09_logistics/06_bill_of_lading/bill_of_lading_005_Cold_Chain_Pharmaceutical_Transport_Dashboard.png,09_logistics/06_bill_of_lading/bill_of_lading_005_Cold_Chain_Pharmaceutical_Transport_Dashboard.png,09_logistics/06_bill_of_lading/bill_of_lading_005_Cold_Chain_Pharmaceutical_Transport_Dashboard__real_phone_creased_flash_top.png,phone_creased_flash_top,手机拍纸质文档,折痕/褶皱,闪光灯,俯拍,09_logistics/06_bill_of_lading/bill_of_lading_005_Cold_Chain_Pharmaceutical_Transport_Dashboard.png,true
09_logistics/06_bill_of_lading/bill_of_lading_006_FIATA多式联运提单_FIATA_FBL_Multimodal_Transport_Bill_of_Lading,09_logistics,06_bill_of_lading,09_logistics/06_bill_of_lading/bill_of_lading_006_FIATA多式联运提单_FIATA_FBL_Multimodal_Transport_Bill_of_Lading.json,09_logistics/06_bill_of_lading/bill_of_lading_006_FIATA多式联运提单_FIATA_FBL_Multimodal_Transport_Bill_of_Lading.html,09_logistics/06_bill_of_lading/bill_of_lading_006_FIATA多式联运提单_FIATA_FBL_Multimodal_Transport_Bill_of_Lading.png,09_logistics/06_bill_of_lading/bill_of_lading_006_FIATA多式联运提单_FIATA_FBL_Multimodal_Transport_Bill_of_Lading.png,09_logistics/06_bill_of_lading/bill_of_lading_006_FIATA多式联运提单_FIATA_FBL_Multimodal_Transport_Bill_of_Lading__real_phone_flat_normal_top.png,phone_flat_indoor_normal_top,手机拍纸质文档,平整,室内正常光,俯拍,09_logistics/06_bill_of_lading/bill_of_lading_006_FIATA多式联运提单_FIATA_FBL_Multimodal_Transport_Bill_of_Lading.png,true
09_logistics/06_bill_of_lading/bill_of_lading_007_Maritime_Analysis_Editorial_Infographic,09_logistics,06_bill_of_lading,09_logistics/06_bill_of_lading/bill_of_lading_007_Maritime_Analysis_Editorial_Infographic.json,09_logistics/06_bill_of_lading/bill_of_lading_007_Maritime_Analysis_Editorial_Infographic.html,09_logistics/06_bill_of_lading/bill_of_lading_007_Maritime_Analysis_Editorial_Infographic.png,09_logistics/06_bill_of_lading/bill_of_lading_007_Maritime_Analysis_Editorial_Infographic.png,09_logistics/06_bill_of_lading/bill_of_lading_007_Maritime_Analysis_Editorial_Infographic__real_phone_creased_normal_top.jpg,phone_creased_indoor_normal_top,手机拍纸质文档,折痕/褶皱,室内正常光,俯拍,09_logistics/06_bill_of_lading/bill_of_lading_007_Maritime_Analysis_Editorial_Infographic.png,true
09_logistics/06_bill_of_lading/bill_of_lading_008_China-Europe_Railway_Subway_Map_Infographic,09_logistics,06_bill_of_lading,09_logistics/06_bill_of_lading/bill_of_lading_008_China-Europe_Railway_Subway_Map_Infographic.json,09_logistics/06_bill_of_lading/bill_of_lading_008_China-Europe_Railway_Subway_Map_Infographic.html,09_logistics/06_bill_of_lading/bill_of_lading_008_China-Europe_Railway_Subway_Map_Infographic.png,09_logistics/06_bill_of_lading/bill_of_lading_008_China-Europe_Railway_Subway_Map_Infographic.png,09_logistics/06_bill_of_lading/bill_of_lading_008_China-Europe_Railway_Subway_Map_Infographic__real_phone_flat_normal_top.jpg,phone_flat_indoor_normal_top,手机拍纸质文档,平整,室内正常光,俯拍,09_logistics/06_bill_of_lading/bill_of_lading_008_China-Europe_Railway_Subway_Map_Infographic.png,true
09_logistics/06_bill_of_lading/bill_of_lading_009_散货海运提单_Bulk_Cargo_Ocean_Bill_of_Lading,09_logistics,06_bill_of_lading,09_logistics/06_bill_of_lading/bill_of_lading_009_散货海运提单_Bulk_Cargo_Ocean_Bill_of_Lading.json,09_logistics/06_bill_of_lading/bill_of_lading_009_散货海运提单_Bulk_Cargo_Ocean_Bill_of_Lading.html,09_logistics/06_bill_of_lading/bill_of_lading_009_散货海运提单_Bulk_Cargo_Ocean_Bill_of_Lading.png,09_logistics/06_bill_of_lading/bill_of_lading_009_散货海运提单_Bulk_Cargo_Ocean_Bill_of_Lading.png,09_logistics/06_bill_of_lading/bill_of_lading_009_散货海运提单_Bulk_Cargo_Ocean_Bill_of_Lading__real_phone_creased_normal_top.png,phone_creased_indoor_normal_top,手机拍纸质文档,折痕/褶皱,室内正常光,俯拍,09_logistics/06_bill_of_lading/bill_of_lading_009_散货海运提单_Bulk_Cargo_Ocean_Bill_of_Lading.png,true
09_logistics/06_bill_of_lading/bill_of_lading_010_冷链药品运输提单_Cold_Chain_Pharmaceutical_Transport_Bill,09_logistics,06_bill_of_lading,09_logistics/06_bill_of_lading/bill_of_lading_010_冷链药品运输提单_Cold_Chain_Pharmaceutical_Transport_Bill.json,09_logistics/06_bill_of_lading/bill_of_lading_010_冷链药品运输提单_Cold_Chain_Pharmaceutical_Transport_Bill.html,09_logistics/06_bill_of_lading/bill_of_lading_010_冷链药品运输提单_Cold_Chain_Pharmaceutical_Transport_Bill.png,09_logistics/06_bill_of_lading/bill_of_lading_010_冷链药品运输提单_Cold_Chain_Pharmaceutical_Transport_Bill.png,09_logistics/06_bill_of_lading/bill_of_lading_010_冷链药品运输提单_Cold_Chain_Pharmaceutical_Transport_Bill__real_phone_flat_normal_top.jpg,phone_flat_indoor_normal_top,手机拍纸质文档,平整,室内正常光,俯拍,09_logistics/06_bill_of_lading/bill_of_lading_010_冷链药品运输提单_Cold_Chain_Pharmaceutical_Transport_Bill.png,true
09_logistics/06_bill_of_lading/bill_of_lading_011_Transshipment_Bill_of_Lading_Dossier,09_logistics,06_bill_of_lading,09_logistics/06_bill_of_lading/bill_of_lading_011_Transshipment_Bill_of_Lading_Dossier.json,09_logistics/06_bill_of_lading/bill_of_lading_011_Transshipment_Bill_of_Lading_Dossier.html,09_logistics/06_bill_of_lading/bill_of_lading_011_Transshipment_Bill_of_Lading_Dossier.png,09_logistics/06_bill_of_lading/bill_of_lading_011_Transshipment_Bill_of_Lading_Dossier.png,09_logistics/06_bill_of_lading/bill_of_lading_011_Transshipment_Bill_of_Lading_Dossier__real_phone_creased_normal_top.png,phone_creased_indoor_normal_top,手机拍纸质文档,折痕/褶皱,室内正常光,俯拍,09_logistics/06_bill_of_lading/bill_of_lading_011_Transshipment_Bill_of_Lading_Dossier.png,true
09_logistics/06_bill_of_lading/bill_of_lading_012_国际铁路联运单_International_Rail_Consignment_Note,09_logistics,06_bill_of_lading,09_logistics/06_bill_of_lading/bill_of_lading_012_国际铁路联运单_International_Rail_Consignment_Note.json,09_logistics/06_bill_of_lading/bill_of_lading_012_国际铁路联运单_International_Rail_Consignment_Note.html,09_logistics/06_bill_of_lading/bill_of_lading_012_国际铁路联运单_International_Rail_Consignment_Note.png,09_logistics/06_bill_of_lading/bill_of_lading_012_国际铁路联运单_International_Rail_Consignment_Note.png,09_logistics/06_bill_of_lading/bill_of_lading_012_国际铁路联运单_International_Rail_Consignment_Note__real_phone_flat_flash_top.png,phone_flat_flash_top,手机拍纸质文档,平整,闪光灯,俯拍,09_logistics/06_bill_of_lading/bill_of_lading_012_国际铁路联运单_International_Rail_Consignment_Note.png,true
09_logistics/06_bill_of_lading/bill_of_lading_013_Re-Export_Bill_of_Lading_-_Certificate_Style,09_logistics,06_bill_of_lading,09_logistics/06_bill_of_lading/bill_of_lading_013_Re-Export_Bill_of_Lading_-_Certificate_Style.json,09_logistics/06_bill_of_lading/bill_of_lading_013_Re-Export_Bill_of_Lading_-_Certificate_Style.html,09_logistics/06_bill_of_lading/bill_of_lading_013_Re-Export_Bill_of_Lading_-_Certificate_Style.png,09_logistics/06_bill_of_lading/bill_of_lading_013_Re-Export_Bill_of_Lading_-_Certificate_Style.png,09_logistics/06_bill_of_lading/bill_of_lading_013_Re-Export_Bill_of_Lading_-_Certificate_Style__real_phone_creased_normal_top.png,phone_creased_indoor_normal_top,手机拍纸质文档,折痕/褶皱,室内正常光,俯拍,09_logistics/06_bill_of_lading/bill_of_lading_013_Re-Export_Bill_of_Lading_-_Certificate_Style.png,true
09_logistics/06_bill_of_lading/bill_of_lading_014_巴西出口海运提单_Brazil_Export_Ocean_Bill_of_Lading,09_logistics,06_bill_of_lading,09_logistics/06_bill_of_lading/bill_of_lading_014_巴西出口海运提单_Brazil_Export_Ocean_Bill_of_Lading.json,09_logistics/06_bill_of_lading/bill_of_lading_014_巴西出口海运提单_Brazil_Export_Ocean_Bill_of_Lading.html,09_logistics/06_bill_of_lading/bill_of_lading_014_巴西出口海运提单_Brazil_Export_Ocean_Bill_of_Lading.png,09_logistics/06_bill_of_lading/bill_of_lading_014_巴西出口海运提单_Brazil_Export_Ocean_Bill_of_Lading.png,09_logistics/06_bill_of_lading/bill_of_lading_014_巴西出口海运提单_Brazil_Export_Ocean_Bill_of_Lading__real_phone_flat_normal_top.png,phone_flat_indoor_normal_top,手机拍纸质文档,平整,室内正常光,俯拍,09_logistics/06_bill_of_lading/bill_of_lading_014_巴西出口海运提单_Brazil_Export_Ocean_Bill_of_Lading.png,true
09_logistics/06_bill_of_lading/bill_of_lading_015_LNG液化天然气船运提单_LNG_Tanker_Bill_of_Lading,09_logistics,06_bill_of_lading,09_logistics/06_bill_of_lading/bill_of_lading_015_LNG液化天然气船运提单_LNG_Tanker_Bill_of_Lading.json,09_logistics/06_bill_of_lading/bill_of_lading_015_LNG液化天然气船运提单_LNG_Tanker_Bill_of_Lading.html,09_logistics/06_bill_of_lading/bill_of_lading_015_LNG液化天然气船运提单_LNG_Tanker_Bill_of_Lading.png,09_logistics/06_bill_of_lading/bill_of_lading_015_LNG液化天然气船运提单_LNG_Tanker_Bill_of_Lading.png,09_logistics/06_bill_of_lading/bill_of_lading_015_LNG液化天然气船运提单_LNG_Tanker_Bill_of_Lading__real_phone_creased_normal_top.png,phone_creased_indoor_normal_top,手机拍纸质文档,折痕/褶皱,室内正常光,俯拍,09_logistics/06_bill_of_lading/bill_of_lading_015_LNG液化天然气船运提单_LNG_Tanker_Bill_of_Lading.png,true
09_logistics/06_bill_of_lading/bill_of_lading_016_Ocean_Freight_Mosaic_Dashboard,09_logistics,06_bill_of_lading,09_logistics/06_bill_of_lading/bill_of_lading_016_Ocean_Freight_Mosaic_Dashboard.json,09_logistics/06_bill_of_lading/bill_of_lading_016_Ocean_Freight_Mosaic_Dashboard.html,09_logistics/06_bill_of_lading/bill_of_lading_016_Ocean_Freight_Mosaic_Dashboard.png,09_logistics/06_bill_of_lading/bill_of_lading_016_Ocean_Freight_Mosaic_Dashboard.png,09_logistics/06_bill_of_lading/bill_of_lading_016_Ocean_Freight_Mosaic_Dashboard__real_phone_flat_normal_top.png,phone_flat_indoor_normal_top,手机拍纸质文档,平整,室内正常光,俯拍,09_logistics/06_bill_of_lading/bill_of_lading_016_Ocean_Freight_Mosaic_Dashboard.png,true
09_logistics/06_bill_of_lading/bill_of_lading_017_联合运输提单_Combined_Transport_Bill_of_Lading_AGTC-PA-2026-SH-00847,09_logistics,06_bill_of_lading,09_logistics/06_bill_of_lading/bill_of_lading_017_联合运输提单_Combined_Transport_Bill_of_Lading_AGTC-PA-2026-SH-00847.json,09_logistics/06_bill_of_lading/bill_of_lading_017_联合运输提单_Combined_Transport_Bill_of_Lading_AGTC-PA-2026-SH-00847.html,09_logistics/06_bill_of_lading/bill_of_lading_017_联合运输提单_Combined_Transport_Bill_of_Lading_AGTC-PA-2026-SH-00847.png,09_logistics/06_bill_of_lading/bill_of_lading_017_联合运输提单_Combined_Transport_Bill_of_Lading_AGTC-PA-2026-SH-00847.png,09_logistics/06_bill_of_lading/bill_of_lading_017_联合运输提单_Combined_Transport_Bill_of_Lading_AGTC-PA-2026-SH-00847__real_screenshot_na_na_na.png,phone_creased_indoor_normal_top,手机拍纸质文档,折痕/褶皱,室内正常光,俯拍,09_logistics/06_bill_of_lading/bill_of_lading_017_联合运输提单_Combined_Transport_Bill_of_Lading_AGTC-PA-2026-SH-00847.png,true
09_logistics/06_bill_of_lading/bill_of_lading_018_危险品海运提单_Dangerous_Goods_Ocean_Bill_of_Lading,09_logistics,06_bill_of_lading,09_logistics/06_bill_of_lading/bill_of_lading_018_危险品海运提单_Dangerous_Goods_Ocean_Bill_of_Lading.json,09_logistics/06_bill_of_lading/bill_of_lading_018_危险品海运提单_Dangerous_Goods_Ocean_Bill_of_Lading.html,09_logistics/06_bill_of_lading/bill_of_lading_018_危险品海运提单_Dangerous_Goods_Ocean_Bill_of_Lading.png,09_logistics/06_bill_of_lading/bill_of_lading_018_危险品海运提单_Dangerous_Goods_Ocean_Bill_of_Lading.png,09_logistics/06_bill_of_lading/bill_of_lading_018_危险品海运提单_Dangerous_Goods_Ocean_Bill_of_Lading__real_screenshot_na_na_na.png,phone_flat_indoor_normal_top,手机拍纸质文档,平整,室内正常光,俯拍,09_logistics/06_bill_of_lading/bill_of_lading_018_危险品海运提单_Dangerous_Goods_Ocean_Bill_of_Lading.png,true
09_logistics/06_bill_of_lading/bill_of_lading_019_超大件项目物流提单_Project_Cargo_Heavy_Lift_Bill_of_Lading,09_logistics,06_bill_of_lading,09_logistics/06_bill_of_lading/bill_of_lading_019_超大件项目物流提单_Project_Cargo_Heavy_Lift_Bill_of_Lading.json,09_logistics/06_bill_of_lading/bill_of_lading_019_超大件项目物流提单_Project_Cargo_Heavy_Lift_Bill_of_Lading.html,09_logistics/06_bill_of_lading/bill_of_lading_019_超大件项目物流提单_Project_Cargo_Heavy_Lift_Bill_of_Lading.png,09_logistics/06_bill_of_lading/bill_of_lading_019_超大件项目物流提单_Project_Cargo_Heavy_Lift_Bill_of_Lading.png,09_logistics/06_bill_of_lading/bill_of_lading_019_超大件项目物流提单_Project_Cargo_Heavy_Lift_Bill_of_Lading__real_phone_creased_normal_top.png,phone_creased_indoor_normal_top,手机拍纸质文档,折痕/褶皱,室内正常光,俯拍,09_logistics/06_bill_of_lading/bill_of_lading_019_超大件项目物流提单_Project_Cargo_Heavy_Lift_Bill_of_Lading.png,true
09_logistics/06_bill_of_lading/bill_of_lading_020_综合物流主提单_Master_Bill_of_Lading_-_UILG-MBL-2026-SH-00392,09_logistics,06_bill_of_lading,09_logistics/06_bill_of_lading/bill_of_lading_020_综合物流主提单_Master_Bill_of_Lading_-_UILG-MBL-2026-SH-00392.json,09_logistics/06_bill_of_lading/bill_of_lading_020_综合物流主提单_Master_Bill_of_Lading_-_UILG-MBL-2026-SH-00392.html,09_logistics/06_bill_of_lading/bill_of_lading_020_综合物流主提单_Master_Bill_of_Lading_-_UILG-MBL-2026-SH-00392.png,09_logistics/06_bill_of_lading/bill_of_lading_020_综合物流主提单_Master_Bill_of_Lading_-_UILG-MBL-2026-SH-00392.png,09_logistics/06_bill_of_lading/bill_of_lading_020_综合物流主提单_Master_Bill_of_Lading_-_UILG-MBL-2026-SH-00392__real_phone_flat_normal_top.jpg,phone_flat_indoor_normal_top,手机拍纸质文档,平整,室内正常光,俯拍,09_logistics/06_bill_of_lading/bill_of_lading_020_综合物流主提单_Master_Bill_of_Lading_-_UILG-MBL-2026-SH-00392.png,true
10_certificate/01_diploma_transcript/diploma_transcript_001_南京大学理学学士学位证书,10_certificate,01_diploma_transcript,10_certificate/01_diploma_transcript/diploma_transcript_001_南京大学理学学士学位证书.json,10_certificate/01_diploma_transcript/diploma_transcript_001_南京大学理学学士学位证书.html,10_certificate/01_diploma_transcript/diploma_transcript_001_南京大学理学学士学位证书.png,10_certificate/01_diploma_transcript/diploma_transcript_001_南京大学理学学士学位证书.png,10_certificate/01_diploma_transcript/diploma_transcript_001_南京大学理学学士学位证书__real_phone_cover_normal_top.png,phone_through_cover_indoor_normal_top,手机拍纸质文档,隔塑料套/玻璃,室内正常光,俯拍,10_certificate/01_diploma_transcript/diploma_transcript_001_南京大学理学学士学位证书.png,true
10_certificate/01_diploma_transcript/diploma_transcript_002_Yale_University_Bachelor_of_Arts,10_certificate,01_diploma_transcript,10_certificate/01_diploma_transcript/diploma_transcript_002_Yale_University_Bachelor_of_Arts.json,10_certificate/01_diploma_transcript/diploma_transcript_002_Yale_University_Bachelor_of_Arts.html,10_certificate/01_diploma_transcript/diploma_transcript_002_Yale_University_Bachelor_of_Arts.png,10_certificate/01_diploma_transcript/diploma_transcript_002_Yale_University_Bachelor_of_Arts.png,10_certificate/01_diploma_transcript/diploma_transcript_002_Yale_University_Bachelor_of_Arts__real_phone_cover_shadow_oblique.jpg,phone_through_cover_shadow_oblique,手机拍纸质文档,隔塑料套/玻璃,阴影/逆光,斜拍(30-45度),10_certificate/01_diploma_transcript/diploma_transcript_002_Yale_University_Bachelor_of_Arts.png,true
10_certificate/01_diploma_transcript/diploma_transcript_003_中国科学院计算技术研究所_结业证书,10_certificate,01_diploma_transcript,10_certificate/01_diploma_transcript/diploma_transcript_003_中国科学院计算技术研究所_结业证书.json,10_certificate/01_diploma_transcript/diploma_transcript_003_中国科学院计算技术研究所_结业证书.html,10_certificate/01_diploma_transcript/diploma_transcript_003_中国科学院计算技术研究所_结业证书.png,10_certificate/01_diploma_transcript/diploma_transcript_003_中国科学院计算技术研究所_结业证书.png,10_certificate/01_diploma_transcript/diploma_transcript_003_中国科学院计算技术研究所_结业证书__real_phone_cover_normal_top.png,phone_through_cover_indoor_normal_top,手机拍纸质文档,隔塑料套/玻璃,室内正常光,俯拍,10_certificate/01_diploma_transcript/diploma_transcript_003_中国科学院计算技术研究所_结业证书.png,true
10_certificate/01_diploma_transcript/diploma_transcript_004_University_of_Oxford_-_Honorary_Degree,10_certificate,01_diploma_transcript,10_certificate/01_diploma_transcript/diploma_transcript_004_University_of_Oxford_-_Honorary_Degree.json,10_certificate/01_diploma_transcript/diploma_transcript_004_University_of_Oxford_-_Honorary_Degree.html,10_certificate/01_diploma_transcript/diploma_transcript_004_University_of_Oxford_-_Honorary_Degree.png,10_certificate/01_diploma_transcript/diploma_transcript_004_University_of_Oxford_-_Honorary_Degree.png,10_certificate/01_diploma_transcript/diploma_transcript_004_University_of_Oxford_-_Honorary_Degree__real_phone_cover_shadow_oblique.png,phone_through_cover_shadow_oblique,手机拍纸质文档,隔塑料套/玻璃,阴影/逆光,斜拍(30-45度),10_certificate/01_diploma_transcript/diploma_transcript_004_University_of_Oxford_-_Honorary_Degree.png,true
10_certificate/01_diploma_transcript/diploma_transcript_005_北京市第四中学_普通高中毕业证书及学业档案,10_certificate,01_diploma_transcript,10_certificate/01_diploma_transcript/diploma_transcript_005_北京市第四中学_普通高中毕业证书及学业档案.json,10_certificate/01_diploma_transcript/diploma_transcript_005_北京市第四中学_普通高中毕业证书及学业档案.html,10_certificate/01_diploma_transcript/diploma_transcript_005_北京市第四中学_普通高中毕业证书及学业档案.png,10_certificate/01_diploma_transcript/diploma_transcript_005_北京市第四中学_普通高中毕业证书及学业档案.png,10_certificate/01_diploma_transcript/diploma_transcript_005_北京市第四中学_普通高中毕业证书及学业档案__real_screenshot_na_na_na.png,phone_through_cover_indoor_normal_top,手机拍纸质文档,隔塑料套/玻璃,室内正常光,俯拍,10_certificate/01_diploma_transcript/diploma_transcript_005_北京市第四中学_普通高中毕业证书及学业档案.png,true
10_certificate/01_diploma_transcript/diploma_transcript_006_MIT_Official_Academic_Transcript,10_certificate,01_diploma_transcript,10_certificate/01_diploma_transcript/diploma_transcript_006_MIT_Official_Academic_Transcript.json,10_certificate/01_diploma_transcript/diploma_transcript_006_MIT_Official_Academic_Transcript.html,10_certificate/01_diploma_transcript/diploma_transcript_006_MIT_Official_Academic_Transcript.png,10_certificate/01_diploma_transcript/diploma_transcript_006_MIT_Official_Academic_Transcript.png,10_certificate/01_diploma_transcript/diploma_transcript_006_MIT_Official_Academic_Transcript__real_phone_cover_shadow_oblique.png,phone_through_cover_shadow_oblique,手机拍纸质文档,隔塑料套/玻璃,阴影/逆光,斜拍(30-45度),10_certificate/01_diploma_transcript/diploma_transcript_006_MIT_Official_Academic_Transcript.png,true
10_certificate/01_diploma_transcript/diploma_transcript_007_深圳职业技术大学_专科毕业证书暨学业档案,10_certificate,01_diploma_transcript,10_certificate/01_diploma_transcript/diploma_transcript_007_深圳职业技术大学_专科毕业证书暨学业档案.json,10_certificate/01_diploma_transcript/diploma_transcript_007_深圳职业技术大学_专科毕业证书暨学业档案.html,10_certificate/01_diploma_transcript/diploma_transcript_007_深圳职业技术大学_专科毕业证书暨学业档案.png,10_certificate/01_diploma_transcript/diploma_transcript_007_深圳职业技术大学_专科毕业证书暨学业档案.png,10_certificate/01_diploma_transcript/diploma_transcript_007_深圳职业技术大学_专科毕业证书暨学业档案__real_phone_cover_normal_top.png,phone_through_cover_indoor_normal_top,手机拍纸质文档,隔塑料套/玻璃,室内正常光,俯拍,10_certificate/01_diploma_transcript/diploma_transcript_007_深圳职业技术大学_专科毕业证书暨学业档案.png,true
10_certificate/01_diploma_transcript/diploma_transcript_008_The_Wharton_School,10_certificate,01_diploma_transcript,10_certificate/01_diploma_transcript/diploma_transcript_008_The_Wharton_School.json,10_certificate/01_diploma_transcript/diploma_transcript_008_The_Wharton_School.html,10_certificate/01_diploma_transcript/diploma_transcript_008_The_Wharton_School.png,10_certificate/01_diploma_transcript/diploma_transcript_008_The_Wharton_School.png,10_certificate/01_diploma_transcript/diploma_transcript_008_The_Wharton_School__real_phone_cover_shadow_oblique.png,phone_through_cover_shadow_oblique,手机拍纸质文档,隔塑料套/玻璃,阴影/逆光,斜拍(30-45度),10_certificate/01_diploma_transcript/diploma_transcript_008_The_Wharton_School.png,true
10_certificate/01_diploma_transcript/diploma_transcript_009_高等教育自学考试,10_certificate,01_diploma_transcript,10_certificate/01_diploma_transcript/diploma_transcript_009_高等教育自学考试.json,10_certificate/01_diploma_transcript/diploma_transcript_009_高等教育自学考试.html,10_certificate/01_diploma_transcript/diploma_transcript_009_高等教育自学考试.png,10_certificate/01_diploma_transcript/diploma_transcript_009_高等教育自学考试.png,10_certificate/01_diploma_transcript/diploma_transcript_009_高等教育自学考试__real_phone_through_cover_normal_top.png,phone_through_cover_indoor_normal_top,手机拍纸质文档,隔塑料套/玻璃,室内正常光,俯拍,10_certificate/01_diploma_transcript/diploma_transcript_009_高等教育自学考试.png,true
10_certificate/01_diploma_transcript/diploma_transcript_010_PHILLIPS_ACADEMY,10_certificate,01_diploma_transcript,10_certificate/01_diploma_transcript/diploma_transcript_010_PHILLIPS_ACADEMY.json,10_certificate/01_diploma_transcript/diploma_transcript_010_PHILLIPS_ACADEMY.html,10_certificate/01_diploma_transcript/diploma_transcript_010_PHILLIPS_ACADEMY.png,10_certificate/01_diploma_transcript/diploma_transcript_010_PHILLIPS_ACADEMY.png,10_certificate/01_diploma_transcript/diploma_transcript_010_PHILLIPS_ACADEMY__real_phone_cover_shadow_oblique.png,phone_through_cover_shadow_oblique,手机拍纸质文档,隔塑料套/玻璃,阴影/逆光,斜拍(30-45度),10_certificate/01_diploma_transcript/diploma_transcript_010_PHILLIPS_ACADEMY.png,true
10_certificate/01_diploma_transcript/diploma_transcript_011_浙_江_大_学,10_certificate,01_diploma_transcript,10_certificate/01_diploma_transcript/diploma_transcript_011_浙_江_大_学.json,10_certificate/01_diploma_transcript/diploma_transcript_011_浙_江_大_学.html,10_certificate/01_diploma_transcript/diploma_transcript_011_浙_江_大_学.png,10_certificate/01_diploma_transcript/diploma_transcript_011_浙_江_大_学.png,10_certificate/01_diploma_transcript/diploma_transcript_011_浙_江_大_学__real_phone_cover_normal_top.png,phone_through_cover_indoor_normal_top,手机拍纸质文档,隔塑料套/玻璃,室内正常光,俯拍,10_certificate/01_diploma_transcript/diploma_transcript_011_浙_江_大_学.png,true
10_certificate/01_diploma_transcript/diploma_transcript_012_Doctor_of_Philosophy_Research_Panorama_Certificate,10_certificate,01_diploma_transcript,10_certificate/01_diploma_transcript/diploma_transcript_012_Doctor_of_Philosophy_Research_Panorama_Certificate.json,10_certificate/01_diploma_transcript/diploma_transcript_012_Doctor_of_Philosophy_Research_Panorama_Certificate.html,10_certificate/01_diploma_transcript/diploma_transcript_012_Doctor_of_Philosophy_Research_Panorama_Certificate.png,10_certificate/01_diploma_transcript/diploma_transcript_012_Doctor_of_Philosophy_Research_Panorama_Certificate.png,10_certificate/01_diploma_transcript/diploma_transcript_012_Doctor_of_Philosophy_Research_Panorama_Certificate__real_phone_cover_shadow_oblique.png,phone_through_cover_shadow_oblique,手机拍纸质文档,隔塑料套/玻璃,阴影/逆光,斜拍(30-45度),10_certificate/01_diploma_transcript/diploma_transcript_012_Doctor_of_Philosophy_Research_Panorama_Certificate.png,true
10_certificate/01_diploma_transcript/diploma_transcript_013_diploma_transcript_013_成人教育毕业证,10_certificate,01_diploma_transcript,10_certificate/01_diploma_transcript/diploma_transcript_013_diploma_transcript_013_成人教育毕业证.json,10_certificate/01_diploma_transcript/diploma_transcript_013_diploma_transcript_013_成人教育毕业证.html,10_certificate/01_diploma_transcript/diploma_transcript_013_diploma_transcript_013_成人教育毕业证.png,10_certificate/01_diploma_transcript/diploma_transcript_013_diploma_transcript_013_成人教育毕业证.png,10_certificate/01_diploma_transcript/diploma_transcript_013_diploma_transcript_013_成人教育毕业证__real_phone_cover_normal_top.png,phone_through_cover_indoor_normal_top,手机拍纸质文档,隔塑料套/玻璃,室内正常光,俯拍,10_certificate/01_diploma_transcript/diploma_transcript_013_diploma_transcript_013_成人教育毕业证.png,true
10_certificate/01_diploma_transcript/diploma_transcript_014_Santa_Monica_College,10_certificate,01_diploma_transcript,10_certificate/01_diploma_transcript/diploma_transcript_014_Santa_Monica_College.json,10_certificate/01_diploma_transcript/diploma_transcript_014_Santa_Monica_College.html,10_certificate/01_diploma_transcript/diploma_transcript_014_Santa_Monica_College.png,10_certificate/01_diploma_transcript/diploma_transcript_014_Santa_Monica_College.png,10_certificate/01_diploma_transcript/diploma_transcript_014_Santa_Monica_College__real_phone_cover_shadow_oblique.png,phone_through_cover_shadow_oblique,手机拍纸质文档,隔塑料套/玻璃,阴影/逆光,斜拍(30-45度),10_certificate/01_diploma_transcript/diploma_transcript_014_Santa_Monica_College.png,true
10_certificate/01_diploma_transcript/diploma_transcript_015_中国注册会计师协会,10_certificate,01_diploma_transcript,10_certificate/01_diploma_transcript/diploma_transcript_015_中国注册会计师协会.json,10_certificate/01_diploma_transcript/diploma_transcript_015_中国注册会计师协会.html,10_certificate/01_diploma_transcript/diploma_transcript_015_中国注册会计师协会.png,10_certificate/01_diploma_transcript/diploma_transcript_015_中国注册会计师协会.png,10_certificate/01_diploma_transcript/diploma_transcript_015_中国注册会计师协会__real_phone_through_cover_normal_top.png,phone_through_cover_indoor_normal_top,手机拍纸质文档,隔塑料套/玻璃,室内正常光,俯拍,10_certificate/01_diploma_transcript/diploma_transcript_015_中国注册会计师协会.png,true
10_certificate/01_diploma_transcript/diploma_transcript_016_diploma_transcript_016_Joint_Degree_Certificate,10_certificate,01_diploma_transcript,10_certificate/01_diploma_transcript/diploma_transcript_016_diploma_transcript_016_Joint_Degree_Certificate.json,10_certificate/01_diploma_transcript/diploma_transcript_016_diploma_transcript_016_Joint_Degree_Certificate.html,10_certificate/01_diploma_transcript/diploma_transcript_016_diploma_transcript_016_Joint_Degree_Certificate.png,10_certificate/01_diploma_transcript/diploma_transcript_016_diploma_transcript_016_Joint_Degree_Certificate.png,10_certificate/01_diploma_transcript/diploma_transcript_016_diploma_transcript_016_Joint_Degree_Certificate__real_phone_cover_shadow_oblique.jpg,phone_through_cover_shadow_oblique,手机拍纸质文档,隔塑料套/玻璃,阴影/逆光,斜拍(30-45度),10_certificate/01_diploma_transcript/diploma_transcript_016_diploma_transcript_016_Joint_Degree_Certificate.png,true
10_certificate/01_diploma_transcript/diploma_transcript_017_清_华_大_学,10_certificate,01_diploma_transcript,10_certificate/01_diploma_transcript/diploma_transcript_017_清_华_大_学.json,10_certificate/01_diploma_transcript/diploma_transcript_017_清_华_大_学.html,10_certificate/01_diploma_transcript/diploma_transcript_017_清_华_大_学.png,10_certificate/01_diploma_transcript/diploma_transcript_017_清_华_大_学.png,10_certificate/01_diploma_transcript/diploma_transcript_017_清_华_大_学__real_screenshot_na_na_na.png,phone_through_cover_indoor_normal_top,手机拍纸质文档,隔塑料套/玻璃,室内正常光,俯拍,10_certificate/01_diploma_transcript/diploma_transcript_017_清_华_大_学.png,true
10_certificate/01_diploma_transcript/diploma_transcript_018_diploma_transcript_018_Medical_School_Full_Transcript,10_certificate,01_diploma_transcript,10_certificate/01_diploma_transcript/diploma_transcript_018_diploma_transcript_018_Medical_School_Full_Transcript.json,10_certificate/01_diploma_transcript/diploma_transcript_018_diploma_transcript_018_Medical_School_Full_Transcript.html,10_certificate/01_diploma_transcript/diploma_transcript_018_diploma_transcript_018_Medical_School_Full_Transcript.png,10_certificate/01_diploma_transcript/diploma_transcript_018_diploma_transcript_018_Medical_School_Full_Transcript.png,10_certificate/01_diploma_transcript/diploma_transcript_018_diploma_transcript_018_Medical_School_Full_Transcript__real_screenshot_na_na_na.png,phone_through_cover_shadow_oblique,手机拍纸质文档,隔塑料套/玻璃,阴影/逆光,斜拍(30-45度),10_certificate/01_diploma_transcript/diploma_transcript_018_diploma_transcript_018_Medical_School_Full_Transcript.png,true
10_certificate/01_diploma_transcript/diploma_transcript_019_diploma_transcript_019_研究生完整成绩单_中英对照,10_certificate,01_diploma_transcript,10_certificate/01_diploma_transcript/diploma_transcript_019_diploma_transcript_019_研究生完整成绩单_中英对照.json,10_certificate/01_diploma_transcript/diploma_transcript_019_diploma_transcript_019_研究生完整成绩单_中英对照.html,10_certificate/01_diploma_transcript/diploma_transcript_019_diploma_transcript_019_研究生完整成绩单_中英对照.png,10_certificate/01_diploma_transcript/diploma_transcript_019_diploma_transcript_019_研究生完整成绩单_中英对照.png,10_certificate/01_diploma_transcript/diploma_transcript_019_diploma_transcript_019_研究生完整成绩单_中英对照__real_phone_cover_normal_top.png,phone_through_cover_indoor_normal_top,手机拍纸质文档,隔塑料套/玻璃,室内正常光,俯拍,10_certificate/01_diploma_transcript/diploma_transcript_019_diploma_transcript_019_研究生完整成绩单_中英对照.png,true
10_certificate/01_diploma_transcript/diploma_transcript_020_Official_Academic_Dossier,10_certificate,01_diploma_transcript,10_certificate/01_diploma_transcript/diploma_transcript_020_Official_Academic_Dossier.json,10_certificate/01_diploma_transcript/diploma_transcript_020_Official_Academic_Dossier.html,10_certificate/01_diploma_transcript/diploma_transcript_020_Official_Academic_Dossier.png,10_certificate/01_diploma_transcript/diploma_transcript_020_Official_Academic_Dossier.png,10_certificate/01_diploma_transcript/diploma_transcript_020_Official_Academic_Dossier__real_screenshot_na_na_na.png,phone_through_cover_shadow_oblique,手机拍纸质文档,隔塑料套/玻璃,阴影/逆光,斜拍(30-45度),10_certificate/01_diploma_transcript/diploma_transcript_020_Official_Academic_Dossier.png,true
10_certificate/01_diploma_transcript/diploma_transcript_021_Wharton_MBA_Business_Talent_Data_Atlas_v2,10_certificate,01_diploma_transcript,10_certificate/01_diploma_transcript/diploma_transcript_021_Wharton_MBA_Business_Talent_Data_Atlas_v2.json,10_certificate/01_diploma_transcript/diploma_transcript_021_Wharton_MBA_Business_Talent_Data_Atlas_v2.html,10_certificate/01_diploma_transcript/diploma_transcript_021_Wharton_MBA_Business_Talent_Data_Atlas_v2.png,10_certificate/01_diploma_transcript/diploma_transcript_021_Wharton_MBA_Business_Talent_Data_Atlas_v2.png,10_certificate/01_diploma_transcript/diploma_transcript_021_Wharton_MBA_Business_Talent_Data_Atlas_v2__real_phone_cover_flash_top.png,phone_through_cover_flash_top,手机拍纸质文档,隔塑料套/玻璃,闪光灯,俯拍,10_certificate/01_diploma_transcript/diploma_transcript_021_Wharton_MBA_Business_Talent_Data_Atlas_v2.png,true
10_certificate/02_professional_cert/professional_cert_001_普通话水平测试等级证书,10_certificate,02_professional_cert,10_certificate/02_professional_cert/professional_cert_001_普通话水平测试等级证书.json,10_certificate/02_professional_cert/professional_cert_001_普通话水平测试等级证书.html,10_certificate/02_professional_cert/professional_cert_001_普通话水平测试等级证书.png,10_certificate/02_professional_cert/professional_cert_001_普通话水平测试等级证书.png,10_certificate/02_professional_cert/professional_cert_001_普通话水平测试等级证书__real_phone_cover_normal_top.jpg,phone_through_cover_indoor_normal_top,手机拍纸质文档,隔塑料套/玻璃,室内正常光,俯拍,10_certificate/02_professional_cert/professional_cert_001_普通话水平测试等级证书.png,true
10_certificate/02_professional_cert/professional_cert_002_急救培训合格证,10_certificate,02_professional_cert,10_certificate/02_professional_cert/professional_cert_002_急救培训合格证.json,10_certificate/02_professional_cert/professional_cert_002_急救培训合格证.html,10_certificate/02_professional_cert/professional_cert_002_急救培训合格证.png,10_certificate/02_professional_cert/professional_cert_002_急救培训合格证.png,10_certificate/02_professional_cert/professional_cert_002_急救培训合格证__real_phone_cover_flash_oblique.jpg,phone_through_cover_flash_oblique,手机拍纸质文档,隔塑料套/玻璃,闪光灯,斜拍(30-45度),10_certificate/02_professional_cert/professional_cert_002_急救培训合格证.png,true
10_certificate/02_professional_cert/professional_cert_003_机动车驾驶证,10_certificate,02_professional_cert,10_certificate/02_professional_cert/professional_cert_003_机动车驾驶证.json,10_certificate/02_professional_cert/professional_cert_003_机动车驾驶证.html,10_certificate/02_professional_cert/professional_cert_003_机动车驾驶证.png,10_certificate/02_professional_cert/professional_cert_003_机动车驾驶证.png,10_certificate/02_professional_cert/professional_cert_003_机动车驾驶证__real_phone_cover_normal_top.jpg,phone_through_cover_indoor_normal_top,手机拍纸质文档,隔塑料套/玻璃,室内正常光,俯拍,10_certificate/02_professional_cert/professional_cert_003_机动车驾驶证.png,true
10_certificate/02_professional_cert/professional_cert_004_食品安全管理人员培训合格证明,10_certificate,02_professional_cert,10_certificate/02_professional_cert/professional_cert_004_食品安全管理人员培训合格证明.json,10_certificate/02_professional_cert/professional_cert_004_食品安全管理人员培训合格证明.html,10_certificate/02_professional_cert/professional_cert_004_食品安全管理人员培训合格证明.png,10_certificate/02_professional_cert/professional_cert_004_食品安全管理人员培训合格证明.png,10_certificate/02_professional_cert/professional_cert_004_食品安全管理人员培训合格证明__real_phone_cover_normal_oblique.jpg,phone_through_cover_indoor_normal_oblique,手机拍纸质文档,隔塑料套/玻璃,室内正常光,斜拍(30-45度),10_certificate/02_professional_cert/professional_cert_004_食品安全管理人员培训合格证明.png,true
10_certificate/02_professional_cert/professional_cert_005_注册会计师执业证书_-_Professional_Competency_Archive,10_certificate,02_professional_cert,10_certificate/02_professional_cert/professional_cert_005_注册会计师执业证书_-_Professional_Competency_Archive.json,10_certificate/02_professional_cert/professional_cert_005_注册会计师执业证书_-_Professional_Competency_Archive.html,10_certificate/02_professional_cert/professional_cert_005_注册会计师执业证书_-_Professional_Competency_Archive.png,10_certificate/02_professional_cert/professional_cert_005_注册会计师执业证书_-_Professional_Competency_Archive.png,10_certificate/02_professional_cert/professional_cert_005_注册会计师执业证书_-_Professional_Competency_Archive__real_phone_cover_flash_top.png,phone_through_cover_flash_top,手机拍纸质文档,隔塑料套/玻璃,闪光灯,俯拍,10_certificate/02_professional_cert/professional_cert_005_注册会计师执业证书_-_Professional_Competency_Archive.png,true
10_certificate/02_professional_cert/professional_cert_006_医师执业证书,10_certificate,02_professional_cert,10_certificate/02_professional_cert/professional_cert_006_医师执业证书.json,10_certificate/02_professional_cert/professional_cert_006_医师执业证书.html,10_certificate/02_professional_cert/professional_cert_006_医师执业证书.png,10_certificate/02_professional_cert/professional_cert_006_医师执业证书.png,10_certificate/02_professional_cert/professional_cert_006_医师执业证书__real_phone_cover_normal_oblique.png,phone_through_cover_indoor_normal_oblique,手机拍纸质文档,隔塑料套/玻璃,室内正常光,斜拍(30-45度),10_certificate/02_professional_cert/professional_cert_006_医师执业证书.png,true
10_certificate/02_professional_cert/professional_cert_007_一级建造师注册证书,10_certificate,02_professional_cert,10_certificate/02_professional_cert/professional_cert_007_一级建造师注册证书.json,10_certificate/02_professional_cert/professional_cert_007_一级建造师注册证书.html,10_certificate/02_professional_cert/professional_cert_007_一级建造师注册证书.png,10_certificate/02_professional_cert/professional_cert_007_一级建造师注册证书.png,10_certificate/02_professional_cert/professional_cert_007_一级建造师注册证书__real_phone_cover_normal_top.jpg,phone_through_cover_indoor_normal_top,手机拍纸质文档,隔塑料套/玻璃,室内正常光,俯拍,10_certificate/02_professional_cert/professional_cert_007_一级建造师注册证书.png,true
10_certificate/02_professional_cert/professional_cert_008_ISO审核员认证,10_certificate,02_professional_cert,10_certificate/02_professional_cert/professional_cert_008_ISO审核员认证.json,10_certificate/02_professional_cert/professional_cert_008_ISO审核员认证.html,10_certificate/02_professional_cert/professional_cert_008_ISO审核员认证.png,10_certificate/02_professional_cert/professional_cert_008_ISO审核员认证.png,10_certificate/02_professional_cert/professional_cert_008_ISO审核员认证__real_phone_cover_normal_oblique.jpg,phone_through_cover_indoor_normal_oblique,手机拍纸质文档,隔塑料套/玻璃,室内正常光,斜拍(30-45度),10_certificate/02_professional_cert/professional_cert_008_ISO审核员认证.png,true
10_certificate/02_professional_cert/professional_cert_009_教师资格证书_-_Teaching_Capability_Archive,10_certificate,02_professional_cert,10_certificate/02_professional_cert/professional_cert_009_教师资格证书_-_Teaching_Capability_Archive.json,10_certificate/02_professional_cert/professional_cert_009_教师资格证书_-_Teaching_Capability_Archive.html,10_certificate/02_professional_cert/professional_cert_009_教师资格证书_-_Teaching_Capability_Archive.png,10_certificate/02_professional_cert/professional_cert_009_教师资格证书_-_Teaching_Capability_Archive.png,10_certificate/02_professional_cert/professional_cert_009_教师资格证书_-_Teaching_Capability_Archive__real_phone_cover_normal_top.png,phone_through_cover_indoor_normal_top,手机拍纸质文档,隔塑料套/玻璃,室内正常光,俯拍,10_certificate/02_professional_cert/professional_cert_009_教师资格证书_-_Teaching_Capability_Archive.png,true
10_certificate/02_professional_cert/professional_cert_010_注册电气工程师执业资格证书,10_certificate,02_professional_cert,10_certificate/02_professional_cert/professional_cert_010_注册电气工程师执业资格证书.json,10_certificate/02_professional_cert/professional_cert_010_注册电气工程师执业资格证书.html,10_certificate/02_professional_cert/professional_cert_010_注册电气工程师执业资格证书.png,10_certificate/02_professional_cert/professional_cert_010_注册电气工程师执业资格证书.png,10_certificate/02_professional_cert/professional_cert_010_注册电气工程师执业资格证书__real_screenshot_na_na_na.png,phone_through_cover_indoor_normal_oblique,手机拍纸质文档,隔塑料套/玻璃,室内正常光,斜拍(30-45度),10_certificate/02_professional_cert/professional_cert_010_注册电气工程师执业资格证书.png,true
10_certificate/02_professional_cert/professional_cert_011_律师执业证_-_碳纸三联_Lawyer_Practice_License_-_Carbon_Copy,10_certificate,02_professional_cert,10_certificate/02_professional_cert/professional_cert_011_律师执业证_-_碳纸三联_Lawyer_Practice_License_-_Carbon_Copy.json,10_certificate/02_professional_cert/professional_cert_011_律师执业证_-_碳纸三联_Lawyer_Practice_License_-_Carbon_Copy.html,10_certificate/02_professional_cert/professional_cert_011_律师执业证_-_碳纸三联_Lawyer_Practice_License_-_Carbon_Copy.png,10_certificate/02_professional_cert/professional_cert_011_律师执业证_-_碳纸三联_Lawyer_Practice_License_-_Carbon_Copy.png,10_certificate/02_professional_cert/professional_cert_011_律师执业证_-_碳纸三联_Lawyer_Practice_License_-_Carbon_Copy__real_phone_cover_normal_top.jpg,phone_through_cover_indoor_normal_top,手机拍纸质文档,隔塑料套/玻璃,室内正常光,俯拍,10_certificate/02_professional_cert/professional_cert_011_律师执业证_-_碳纸三联_Lawyer_Practice_License_-_Carbon_Copy.png,true
10_certificate/02_professional_cert/professional_cert_012_船员适任证书_-_Maritime_Competency_System,10_certificate,02_professional_cert,10_certificate/02_professional_cert/professional_cert_012_船员适任证书_-_Maritime_Competency_System.json,10_certificate/02_professional_cert/professional_cert_012_船员适任证书_-_Maritime_Competency_System.html,10_certificate/02_professional_cert/professional_cert_012_船员适任证书_-_Maritime_Competency_System.png,10_certificate/02_professional_cert/professional_cert_012_船员适任证书_-_Maritime_Competency_System.png,10_certificate/02_professional_cert/professional_cert_012_船员适任证书_-_Maritime_Competency_System__real_phone_cover_normal_oblique.png,phone_through_cover_indoor_normal_oblique,手机拍纸质文档,隔塑料套/玻璃,室内正常光,斜拍(30-45度),10_certificate/02_professional_cert/professional_cert_012_船员适任证书_-_Maritime_Competency_System.png,true
10_certificate/02_professional_cert/professional_cert_013_AWS_Solutions_Architect_Professional_-_Tech_App_Style,10_certificate,02_professional_cert,10_certificate/02_professional_cert/professional_cert_013_AWS_Solutions_Architect_Professional_-_Tech_App_Style.json,10_certificate/02_professional_cert/professional_cert_013_AWS_Solutions_Architect_Professional_-_Tech_App_Style.html,10_certificate/02_professional_cert/professional_cert_013_AWS_Solutions_Architect_Professional_-_Tech_App_Style.png,10_certificate/02_professional_cert/professional_cert_013_AWS_Solutions_Architect_Professional_-_Tech_App_Style.png,10_certificate/02_professional_cert/professional_cert_013_AWS_Solutions_Architect_Professional_-_Tech_App_Style__real_phone_cover_normal_top.png,phone_through_cover_indoor_normal_top,手机拍纸质文档,隔塑料套/玻璃,室内正常光,俯拍,10_certificate/02_professional_cert/professional_cert_013_AWS_Solutions_Architect_Professional_-_Tech_App_Style.png,true
10_certificate/02_professional_cert/professional_cert_014_中医执业医师资格证书_-_水墨卷轴_TCM_Practitioner_Certificate,10_certificate,02_professional_cert,10_certificate/02_professional_cert/professional_cert_014_中医执业医师资格证书_-_水墨卷轴_TCM_Practitioner_Certificate.json,10_certificate/02_professional_cert/professional_cert_014_中医执业医师资格证书_-_水墨卷轴_TCM_Practitioner_Certificate.html,10_certificate/02_professional_cert/professional_cert_014_中医执业医师资格证书_-_水墨卷轴_TCM_Practitioner_Certificate.png,10_certificate/02_professional_cert/professional_cert_014_中医执业医师资格证书_-_水墨卷轴_TCM_Practitioner_Certificate.png,10_certificate/02_professional_cert/professional_cert_014_中医执业医师资格证书_-_水墨卷轴_TCM_Practitioner_Certificate__real_phone_cover_normal_oblique.png,phone_through_cover_indoor_normal_oblique,手机拍纸质文档,隔塑料套/玻璃,室内正常光,斜拍(30-45度),10_certificate/02_professional_cert/professional_cert_014_中医执业医师资格证书_-_水墨卷轴_TCM_Practitioner_Certificate.png,true
10_certificate/02_professional_cert/professional_cert_015_PMP_Certification_-_Magazine_Editorial_Style,10_certificate,02_professional_cert,10_certificate/02_professional_cert/professional_cert_015_PMP_Certification_-_Magazine_Editorial_Style.json,10_certificate/02_professional_cert/professional_cert_015_PMP_Certification_-_Magazine_Editorial_Style.html,10_certificate/02_professional_cert/professional_cert_015_PMP_Certification_-_Magazine_Editorial_Style.png,10_certificate/02_professional_cert/professional_cert_015_PMP_Certification_-_Magazine_Editorial_Style.png,10_certificate/02_professional_cert/professional_cert_015_PMP_Certification_-_Magazine_Editorial_Style__real_screenshot_na_na_na.png,phone_through_cover_flash_top,手机拍纸质文档,隔塑料套/玻璃,闪光灯,俯拍,10_certificate/02_professional_cert/professional_cert_015_PMP_Certification_-_Magazine_Editorial_Style.png,true
10_certificate/02_professional_cert/professional_cert_016_消防工程师资格证书_-_对角线分割_Fire_Protection_Engineer_Certificate,10_certificate,02_professional_cert,10_certificate/02_professional_cert/professional_cert_016_消防工程师资格证书_-_对角线分割_Fire_Protection_Engineer_Certificate.json,10_certificate/02_professional_cert/professional_cert_016_消防工程师资格证书_-_对角线分割_Fire_Protection_Engineer_Certificate.html,10_certificate/02_professional_cert/professional_cert_016_消防工程师资格证书_-_对角线分割_Fire_Protection_Engineer_Certificate.png,10_certificate/02_professional_cert/professional_cert_016_消防工程师资格证书_-_对角线分割_Fire_Protection_Engineer_Certificate.png,10_certificate/02_professional_cert/professional_cert_016_消防工程师资格证书_-_对角线分割_Fire_Protection_Engineer_Certificate__real_phone_cover_normal_oblique.jpg,phone_through_cover_indoor_normal_oblique,手机拍纸质文档,隔塑料套/玻璃,室内正常光,斜拍(30-45度),10_certificate/02_professional_cert/professional_cert_016_消防工程师资格证书_-_对角线分割_Fire_Protection_Engineer_Certificate.png,true
10_certificate/02_professional_cert/professional_cert_017_综合执业资格档案_-_卷轴+双侧批注_Comprehensive_Professional_Qualification_Portfolio,10_certificate,02_professional_cert,10_certificate/02_professional_cert/professional_cert_017_综合执业资格档案_-_卷轴+双侧批注_Comprehensive_Professional_Qualification_Portfolio.json,10_certificate/02_professional_cert/professional_cert_017_综合执业资格档案_-_卷轴+双侧批注_Comprehensive_Professional_Qualification_Portfolio.html,10_certificate/02_professional_cert/professional_cert_017_综合执业资格档案_-_卷轴+双侧批注_Comprehensive_Professional_Qualification_Portfolio.png,10_certificate/02_professional_cert/professional_cert_017_综合执业资格档案_-_卷轴+双侧批注_Comprehensive_Professional_Qualification_Portfolio.png,10_certificate/02_professional_cert/professional_cert_017_综合执业资格档案_-_卷轴+双侧批注_Comprehensive_Professional_Qualification_Portfolio__real_phone_through_cover_normal_top.png,phone_through_cover_indoor_normal_top,手机拍纸质文档,隔塑料套/玻璃,室内正常光,俯拍,10_certificate/02_professional_cert/professional_cert_017_综合执业资格档案_-_卷轴+双侧批注_Comprehensive_Professional_Qualification_Portfolio.png,true
10_certificate/02_professional_cert/professional_cert_018_International_PE_Mutual_Recognition_-_Color-Coded_Zone_Board,10_certificate,02_professional_cert,10_certificate/02_professional_cert/professional_cert_018_International_PE_Mutual_Recognition_-_Color-Coded_Zone_Board.json,10_certificate/02_professional_cert/professional_cert_018_International_PE_Mutual_Recognition_-_Color-Coded_Zone_Board.html,10_certificate/02_professional_cert/professional_cert_018_International_PE_Mutual_Recognition_-_Color-Coded_Zone_Board.png,10_certificate/02_professional_cert/professional_cert_018_International_PE_Mutual_Recognition_-_Color-Coded_Zone_Board.png,10_certificate/02_professional_cert/professional_cert_018_International_PE_Mutual_Recognition_-_Color-Coded_Zone_Board__real_screenshot_na_na_na.png,phone_through_cover_indoor_normal_oblique,手机拍纸质文档,隔塑料套/玻璃,室内正常光,斜拍(30-45度),10_certificate/02_professional_cert/professional_cert_018_International_PE_Mutual_Recognition_-_Color-Coded_Zone_Board.png,true
10_certificate/02_professional_cert/professional_cert_019_军事技术等级评定_-_军事机密档案_Military_Technical_Grade_Assessment,10_certificate,02_professional_cert,10_certificate/02_professional_cert/professional_cert_019_军事技术等级评定_-_军事机密档案_Military_Technical_Grade_Assessment.json,10_certificate/02_professional_cert/professional_cert_019_军事技术等级评定_-_军事机密档案_Military_Technical_Grade_Assessment.html,10_certificate/02_professional_cert/professional_cert_019_军事技术等级评定_-_军事机密档案_Military_Technical_Grade_Assessment.png,10_certificate/02_professional_cert/professional_cert_019_军事技术等级评定_-_军事机密档案_Military_Technical_Grade_Assessment.png,10_certificate/02_professional_cert/professional_cert_019_军事技术等级评定_-_军事机密档案_Military_Technical_Grade_Assessment__real_phone_cover_normal_top.png,phone_through_cover_indoor_normal_top,手机拍纸质文档,隔塑料套/玻璃,室内正常光,俯拍,10_certificate/02_professional_cert/professional_cert_019_军事技术等级评定_-_军事机密档案_Military_Technical_Grade_Assessment.png,true
10_certificate/02_professional_cert/professional_cert_020_国家级非物质文化遗产代表性传承人证书_-_中式传统账本,10_certificate,02_professional_cert,10_certificate/02_professional_cert/professional_cert_020_国家级非物质文化遗产代表性传承人证书_-_中式传统账本.json,10_certificate/02_professional_cert/professional_cert_020_国家级非物质文化遗产代表性传承人证书_-_中式传统账本.html,10_certificate/02_professional_cert/professional_cert_020_国家级非物质文化遗产代表性传承人证书_-_中式传统账本.png,10_certificate/02_professional_cert/professional_cert_020_国家级非物质文化遗产代表性传承人证书_-_中式传统账本.png,10_certificate/02_professional_cert/professional_cert_020_国家级非物质文化遗产代表性传承人证书_-_中式传统账本__real_screenshot_na_na_na.png,phone_through_cover_indoor_normal_oblique,手机拍纸质文档,隔塑料套/玻璃,室内正常光,斜拍(30-45度),10_certificate/02_professional_cert/professional_cert_020_国家级非物质文化遗产代表性传承人证书_-_中式传统账本.png,true
10_certificate/02_professional_cert/professional_cert_021_一级建造师注册证书_工程能力数据面板,10_certificate,02_professional_cert,10_certificate/02_professional_cert/professional_cert_021_一级建造师注册证书_工程能力数据面板.json,10_certificate/02_professional_cert/professional_cert_021_一级建造师注册证书_工程能力数据面板.html,10_certificate/02_professional_cert/professional_cert_021_一级建造师注册证书_工程能力数据面板.png,10_certificate/02_professional_cert/professional_cert_021_一级建造师注册证书_工程能力数据面板.png,10_certificate/02_professional_cert/professional_cert_021_一级建造师注册证书_工程能力数据面板__real_phone_cover_normal_top.jpg,phone_through_cover_indoor_normal_top,手机拍纸质文档,隔塑料套/玻璃,室内正常光,俯拍,10_certificate/02_professional_cert/professional_cert_021_一级建造师注册证书_工程能力数据面板.png,true
10_certificate/02_professional_cert/professional_cert_022_中医执业医师资格证书_临床能力与传承数据系统,10_certificate,02_professional_cert,10_certificate/02_professional_cert/professional_cert_022_中医执业医师资格证书_临床能力与传承数据系统.json,10_certificate/02_professional_cert/professional_cert_022_中医执业医师资格证书_临床能力与传承数据系统.html,10_certificate/02_professional_cert/professional_cert_022_中医执业医师资格证书_临床能力与传承数据系统.png,10_certificate/02_professional_cert/professional_cert_022_中医执业医师资格证书_临床能力与传承数据系统.png,10_certificate/02_professional_cert/professional_cert_022_中医执业医师资格证书_临床能力与传承数据系统__real_phone_cover_normal_oblique.png,phone_through_cover_indoor_normal_oblique,手机拍纸质文档,隔塑料套/玻璃,室内正常光,斜拍(30-45度),10_certificate/02_professional_cert/professional_cert_022_中医执业医师资格证书_临床能力与传承数据系统.png,true
10_certificate/03_award_honor/award_honor_001_员工月度之星,10_certificate,03_award_honor,10_certificate/03_award_honor/award_honor_001_员工月度之星.json,10_certificate/03_award_honor/award_honor_001_员工月度之星.html,10_certificate/03_award_honor/award_honor_001_员工月度之星.png,10_certificate/03_award_honor/award_honor_001_员工月度之星.png,10_certificate/03_award_honor/award_honor_001_员工月度之星__real_phone_cover_normal_top.png,phone_through_cover_indoor_normal_top,手机拍纸质文档,隔塑料套/玻璃,室内正常光,俯拍,10_certificate/03_award_honor/award_honor_001_员工月度之星.png,true
10_certificate/03_award_honor/award_honor_002_志愿服务荣誉证书,10_certificate,03_award_honor,10_certificate/03_award_honor/award_honor_002_志愿服务荣誉证书.json,10_certificate/03_award_honor/award_honor_002_志愿服务荣誉证书.html,10_certificate/03_award_honor/award_honor_002_志愿服务荣誉证书.png,10_certificate/03_award_honor/award_honor_002_志愿服务荣誉证书.png,10_certificate/03_award_honor/award_honor_002_志愿服务荣誉证书__real_phone_flat_normal_top.png,phone_flat_indoor_normal_top,手机拍纸质文档,平整,室内正常光,俯拍,10_certificate/03_award_honor/award_honor_002_志愿服务荣誉证书.png,true
10_certificate/03_award_honor/award_honor_003_学生竞赛获奖证明,10_certificate,03_award_honor,10_certificate/03_award_honor/award_honor_003_学生竞赛获奖证明.json,10_certificate/03_award_honor/award_honor_003_学生竞赛获奖证明.html,10_certificate/03_award_honor/award_honor_003_学生竞赛获奖证明.png,10_certificate/03_award_honor/award_honor_003_学生竞赛获奖证明.png,10_certificate/03_award_honor/award_honor_003_学生竞赛获奖证明__real_phone_cover_normal_top.png,phone_through_cover_indoor_normal_top,手机拍纸质文档,隔塑料套/玻璃,室内正常光,俯拍,10_certificate/03_award_honor/award_honor_003_学生竞赛获奖证明.png,true
10_certificate/03_award_honor/award_honor_004_体育赛事奖牌证书,10_certificate,03_award_honor,10_certificate/03_award_honor/award_honor_004_体育赛事奖牌证书.json,10_certificate/03_award_honor/award_honor_004_体育赛事奖牌证书.html,10_certificate/03_award_honor/award_honor_004_体育赛事奖牌证书.png,10_certificate/03_award_honor/award_honor_004_体育赛事奖牌证书.png,10_certificate/03_award_honor/award_honor_004_体育赛事奖牌证书__real_phone_flat_normal_top.jpg,phone_flat_indoor_normal_top,手机拍纸质文档,平整,室内正常光,俯拍,10_certificate/03_award_honor/award_honor_004_体育赛事奖牌证书.png,true
10_certificate/03_award_honor/award_honor_005_国家科学技术进步奖,10_certificate,03_award_honor,10_certificate/03_award_honor/award_honor_005_国家科学技术进步奖.json,10_certificate/03_award_honor/award_honor_005_国家科学技术进步奖.html,10_certificate/03_award_honor/award_honor_005_国家科学技术进步奖.png,10_certificate/03_award_honor/award_honor_005_国家科学技术进步奖.png,10_certificate/03_award_honor/award_honor_005_国家科学技术进步奖__real_phone_cover_normal_top.png,phone_through_cover_indoor_normal_top,手机拍纸质文档,隔塑料套/玻璃,室内正常光,俯拍,10_certificate/03_award_honor/award_honor_005_国家科学技术进步奖.png,true
10_certificate/03_award_honor/award_honor_006_Pritzker_Architecture_Prize_Ma_Yansong,10_certificate,03_award_honor,10_certificate/03_award_honor/award_honor_006_Pritzker_Architecture_Prize_Ma_Yansong.json,10_certificate/03_award_honor/award_honor_006_Pritzker_Architecture_Prize_Ma_Yansong.html,10_certificate/03_award_honor/award_honor_006_Pritzker_Architecture_Prize_Ma_Yansong.png,10_certificate/03_award_honor/award_honor_006_Pritzker_Architecture_Prize_Ma_Yansong.png,10_certificate/03_award_honor/award_honor_006_Pritzker_Architecture_Prize_Ma_Yansong__real_phone_flat_normal_top.png,phone_flat_indoor_normal_top,手机拍纸质文档,平整,室内正常光,俯拍,10_certificate/03_award_honor/award_honor_006_Pritzker_Architecture_Prize_Ma_Yansong.png,true
10_certificate/03_award_honor/award_honor_007_2025_China_ESG_Excellence_Award,10_certificate,03_award_honor,10_certificate/03_award_honor/award_honor_007_2025_China_ESG_Excellence_Award.json,10_certificate/03_award_honor/award_honor_007_2025_China_ESG_Excellence_Award.html,10_certificate/03_award_honor/award_honor_007_2025_China_ESG_Excellence_Award.png,10_certificate/03_award_honor/award_honor_007_2025_China_ESG_Excellence_Award.png,10_certificate/03_award_honor/award_honor_007_2025_China_ESG_Excellence_Award__real_phone_cover_normal_top.png,phone_through_cover_indoor_normal_top,手机拍纸质文档,隔塑料套/玻璃,室内正常光,俯拍,10_certificate/03_award_honor/award_honor_007_2025_China_ESG_Excellence_Award.png,true
10_certificate/03_award_honor/award_honor_008_XVIII_International_Chopin_Piano_Competition_Gold_Medal,10_certificate,03_award_honor,10_certificate/03_award_honor/award_honor_008_XVIII_International_Chopin_Piano_Competition_Gold_Medal.json,10_certificate/03_award_honor/award_honor_008_XVIII_International_Chopin_Piano_Competition_Gold_Medal.html,10_certificate/03_award_honor/award_honor_008_XVIII_International_Chopin_Piano_Competition_Gold_Medal.png,10_certificate/03_award_honor/award_honor_008_XVIII_International_Chopin_Piano_Competition_Gold_Medal.png,10_certificate/03_award_honor/award_honor_008_XVIII_International_Chopin_Piano_Competition_Gold_Medal__real_phone_flat_normal_top.png,phone_flat_indoor_normal_top,手机拍纸质文档,平整,室内正常光,俯拍,10_certificate/03_award_honor/award_honor_008_XVIII_International_Chopin_Piano_Competition_Gold_Medal.png,true
10_certificate/03_award_honor/award_honor_009_高新技术企业证书,10_certificate,03_award_honor,10_certificate/03_award_honor/award_honor_009_高新技术企业证书.json,10_certificate/03_award_honor/award_honor_009_高新技术企业证书.html,10_certificate/03_award_honor/award_honor_009_高新技术企业证书.png,10_certificate/03_award_honor/award_honor_009_高新技术企业证书.png,10_certificate/03_award_honor/award_honor_009_高新技术企业证书__real_screenshot_na_na_na.png,phone_through_cover_indoor_normal_top,手机拍纸质文档,隔塑料套/玻璃,室内正常光,俯拍,10_certificate/03_award_honor/award_honor_009_高新技术企业证书.png,true
10_certificate/03_award_honor/award_honor_010_慈善捐赠感谢状,10_certificate,03_award_honor,10_certificate/03_award_honor/award_honor_010_慈善捐赠感谢状.json,10_certificate/03_award_honor/award_honor_010_慈善捐赠感谢状.html,10_certificate/03_award_honor/award_honor_010_慈善捐赠感谢状.png,10_certificate/03_award_honor/award_honor_010_慈善捐赠感谢状.png,10_certificate/03_award_honor/award_honor_010_慈善捐赠感谢状__real_screenshot_na_na_na.png,screen_photography,拍屏,无(屏幕显示),屏幕背光+室内光,手机对屏幕,10_certificate/03_award_honor/award_honor_010_慈善捐赠感谢状.png,true
10_certificate/03_award_honor/award_honor_011_Red_Dot_Design_Award_2025,10_certificate,03_award_honor,10_certificate/03_award_honor/award_honor_011_Red_Dot_Design_Award_2025.json,10_certificate/03_award_honor/award_honor_011_Red_Dot_Design_Award_2025.html,10_certificate/03_award_honor/award_honor_011_Red_Dot_Design_Award_2025.png,10_certificate/03_award_honor/award_honor_011_Red_Dot_Design_Award_2025.png,10_certificate/03_award_honor/award_honor_011_Red_Dot_Design_Award_2025__real_phone_cover_normal_top.png,phone_through_cover_indoor_normal_top,手机拍纸质文档,隔塑料套/玻璃,室内正常光,俯拍,10_certificate/03_award_honor/award_honor_011_Red_Dot_Design_Award_2025.png,true
10_certificate/03_award_honor/award_honor_012_中国驰名商标认定,10_certificate,03_award_honor,10_certificate/03_award_honor/award_honor_012_中国驰名商标认定.json,10_certificate/03_award_honor/award_honor_012_中国驰名商标认定.html,10_certificate/03_award_honor/award_honor_012_中国驰名商标认定.png,10_certificate/03_award_honor/award_honor_012_中国驰名商标认定.png,10_certificate/03_award_honor/award_honor_012_中国驰名商标认定__real_phone_flat_normal_top.png,phone_flat_indoor_normal_top,手机拍纸质文档,平整,室内正常光,俯拍,10_certificate/03_award_honor/award_honor_012_中国驰名商标认定.png,true
10_certificate/03_award_honor/award_honor_013_2025中国科技行业十大领军人物,10_certificate,03_award_honor,10_certificate/03_award_honor/award_honor_013_2025中国科技行业十大领军人物.json,10_certificate/03_award_honor/award_honor_013_2025中国科技行业十大领军人物.html,10_certificate/03_award_honor/award_honor_013_2025中国科技行业十大领军人物.png,10_certificate/03_award_honor/award_honor_013_2025中国科技行业十大领军人物.png,10_certificate/03_award_honor/award_honor_013_2025中国科技行业十大领军人物__real_phone_cover_normal_top.png,phone_through_cover_indoor_normal_top,手机拍纸质文档,隔塑料套/玻璃,室内正常光,俯拍,10_certificate/03_award_honor/award_honor_013_2025中国科技行业十大领军人物.png,true
10_certificate/03_award_honor/award_honor_014_军事嘉奖令,10_certificate,03_award_honor,10_certificate/03_award_honor/award_honor_014_军事嘉奖令.json,10_certificate/03_award_honor/award_honor_014_军事嘉奖令.html,10_certificate/03_award_honor/award_honor_014_军事嘉奖令.png,10_certificate/03_award_honor/award_honor_014_军事嘉奖令.png,10_certificate/03_award_honor/award_honor_014_军事嘉奖令__real_screenshot_compressed.png,screenshot_compressed,截图+转发压缩,无(纯数字),无,无,10_certificate/03_award_honor/award_honor_014_军事嘉奖令.png,true
10_certificate/03_award_honor/award_honor_015_ICCV_2025_Best_Paper_Award,10_certificate,03_award_honor,10_certificate/03_award_honor/award_honor_015_ICCV_2025_Best_Paper_Award.json,10_certificate/03_award_honor/award_honor_015_ICCV_2025_Best_Paper_Award.html,10_certificate/03_award_honor/award_honor_015_ICCV_2025_Best_Paper_Award.png,10_certificate/03_award_honor/award_honor_015_ICCV_2025_Best_Paper_Award.png,10_certificate/03_award_honor/award_honor_015_ICCV_2025_Best_Paper_Award__real_screenshot_na_na_na.png,phone_through_cover_indoor_normal_top,手机拍纸质文档,隔塑料套/玻璃,室内正常光,俯拍,10_certificate/03_award_honor/award_honor_015_ICCV_2025_Best_Paper_Award.png,true
10_certificate/03_award_honor/award_honor_016_环保先进集体表彰,10_certificate,03_award_honor,10_certificate/03_award_honor/award_honor_016_环保先进集体表彰.json,10_certificate/03_award_honor/award_honor_016_环保先进集体表彰.html,10_certificate/03_award_honor/award_honor_016_环保先进集体表彰.png,10_certificate/03_award_honor/award_honor_016_环保先进集体表彰.png,10_certificate/03_award_honor/award_honor_016_环保先进集体表彰__real_screenshot_na_na_na.png,screenshot_compressed,截图+转发压缩,无(纯数字),无,无,10_certificate/03_award_honor/award_honor_016_环保先进集体表彰.png,true
10_certificate/03_award_honor/award_honor_017_EFQM国际质量管理大奖_Recognised_for_Excellence_5_Star,10_certificate,03_award_honor,10_certificate/03_award_honor/award_honor_017_EFQM国际质量管理大奖_Recognised_for_Excellence_5_Star.json,10_certificate/03_award_honor/award_honor_017_EFQM国际质量管理大奖_Recognised_for_Excellence_5_Star.html,10_certificate/03_award_honor/award_honor_017_EFQM国际质量管理大奖_Recognised_for_Excellence_5_Star.png,10_certificate/03_award_honor/award_honor_017_EFQM国际质量管理大奖_Recognised_for_Excellence_5_Star.png,10_certificate/03_award_honor/award_honor_017_EFQM国际质量管理大奖_Recognised_for_Excellence_5_Star__real_phone_cover_normal_top.png,phone_through_cover_indoor_normal_top,手机拍纸质文档,隔塑料套/玻璃,室内正常光,俯拍,10_certificate/03_award_honor/award_honor_017_EFQM国际质量管理大奖_Recognised_for_Excellence_5_Star.png,true
10_certificate/03_award_honor/award_honor_018_2025中国最佳雇主100强_字节跳动_ByteDance,10_certificate,03_award_honor,10_certificate/03_award_honor/award_honor_018_2025中国最佳雇主100强_字节跳动_ByteDance.json,10_certificate/03_award_honor/award_honor_018_2025中国最佳雇主100强_字节跳动_ByteDance.html,10_certificate/03_award_honor/award_honor_018_2025中国最佳雇主100强_字节跳动_ByteDance.png,10_certificate/03_award_honor/award_honor_018_2025中国最佳雇主100强_字节跳动_ByteDance.png,10_certificate/03_award_honor/award_honor_018_2025中国最佳雇主100强_字节跳动_ByteDance__real_screen_photography.png,screen_photography,拍屏,无(屏幕显示),屏幕背光+室内光,手机对屏幕,10_certificate/03_award_honor/award_honor_018_2025中国最佳雇主100强_字节跳动_ByteDance.png,true
10_certificate/03_award_honor/award_honor_019_中国专利金奖_基于深度学习的工业视觉缺陷检测系统及方法,10_certificate,03_award_honor,10_certificate/03_award_honor/award_honor_019_中国专利金奖_基于深度学习的工业视觉缺陷检测系统及方法.json,10_certificate/03_award_honor/award_honor_019_中国专利金奖_基于深度学习的工业视觉缺陷检测系统及方法.html,10_certificate/03_award_honor/award_honor_019_中国专利金奖_基于深度学习的工业视觉缺陷检测系统及方法.png,10_certificate/03_award_honor/award_honor_019_中国专利金奖_基于深度学习的工业视觉缺陷检测系统及方法.png,10_certificate/03_award_honor/award_honor_019_中国专利金奖_基于深度学习的工业视觉缺陷检测系统及方法__real_screenshot_na_na_na.png,phone_through_cover_indoor_normal_top,手机拍纸质文档,隔塑料套/玻璃,室内正常光,俯拍,10_certificate/03_award_honor/award_honor_019_中国专利金奖_基于深度学习的工业视觉缺陷检测系统及方法.png,true
10_certificate/03_award_honor/award_honor_020_2025企业社会责任年度报告奖_金奖,10_certificate,03_award_honor,10_certificate/03_award_honor/award_honor_020_2025企业社会责任年度报告奖_金奖.json,10_certificate/03_award_honor/award_honor_020_2025企业社会责任年度报告奖_金奖.html,10_certificate/03_award_honor/award_honor_020_2025企业社会责任年度报告奖_金奖.png,10_certificate/03_award_honor/award_honor_020_2025企业社会责任年度报告奖_金奖.png,10_certificate/03_award_honor/award_honor_020_2025企业社会责任年度报告奖_金奖__real_screen_na_screen_screen.jpg,screen_photography,拍屏,无(屏幕显示),屏幕背光+室内光,手机对屏幕,10_certificate/03_award_honor/award_honor_020_2025企业社会责任年度报告奖_金奖.png,true
10_certificate/04_service_receipt/service_receipt_001_江南小厨_服务收据_Jiangnan_Kitchen_Receipt,10_certificate,04_service_receipt,10_certificate/04_service_receipt/service_receipt_001_江南小厨_服务收据_Jiangnan_Kitchen_Receipt.json,10_certificate/04_service_receipt/service_receipt_001_江南小厨_服务收据_Jiangnan_Kitchen_Receipt.html,10_certificate/04_service_receipt/service_receipt_001_江南小厨_服务收据_Jiangnan_Kitchen_Receipt.png,10_certificate/04_service_receipt/service_receipt_001_江南小厨_服务收据_Jiangnan_Kitchen_Receipt.png,10_certificate/04_service_receipt/service_receipt_001_江南小厨_服务收据_Jiangnan_Kitchen_Receipt__real_phone_flat_normal_top.png,phone_flat_indoor_normal_top,手机拍纸质文档,平整,室内正常光,俯拍,10_certificate/04_service_receipt/service_receipt_001_江南小厨_服务收据_Jiangnan_Kitchen_Receipt.png,true
10_certificate/04_service_receipt/service_receipt_002_快递代收回执_Parcel_Pickup_Confirmation,10_certificate,04_service_receipt,10_certificate/04_service_receipt/service_receipt_002_快递代收回执_Parcel_Pickup_Confirmation.json,10_certificate/04_service_receipt/service_receipt_002_快递代收回执_Parcel_Pickup_Confirmation.html,10_certificate/04_service_receipt/service_receipt_002_快递代收回执_Parcel_Pickup_Confirmation.png,10_certificate/04_service_receipt/service_receipt_002_快递代收回执_Parcel_Pickup_Confirmation.png,10_certificate/04_service_receipt/service_receipt_002_快递代收回执_Parcel_Pickup_Confirmation__real_phone_creased_normal_top.png,phone_creased_indoor_normal_top,手机拍纸质文档,折痕/褶皱,室内正常光,俯拍,10_certificate/04_service_receipt/service_receipt_002_快递代收回执_Parcel_Pickup_Confirmation.png,true
10_certificate/04_service_receipt/service_receipt_003_智慧停车_Smart_Parking_Receipt,10_certificate,04_service_receipt,10_certificate/04_service_receipt/service_receipt_003_智慧停车_Smart_Parking_Receipt.json,10_certificate/04_service_receipt/service_receipt_003_智慧停车_Smart_Parking_Receipt.html,10_certificate/04_service_receipt/service_receipt_003_智慧停车_Smart_Parking_Receipt.png,10_certificate/04_service_receipt/service_receipt_003_智慧停车_Smart_Parking_Receipt.png,10_certificate/04_service_receipt/service_receipt_003_智慧停车_Smart_Parking_Receipt__real_screenshot_na_na_na.png,screenshot_compressed,截图+转发压缩,无(纯数字),无,无,10_certificate/04_service_receipt/service_receipt_003_智慧停车_Smart_Parking_Receipt.png,true
10_certificate/04_service_receipt/service_receipt_004_丽人造型_Beauty_Studio_Receipt,10_certificate,04_service_receipt,10_certificate/04_service_receipt/service_receipt_004_丽人造型_Beauty_Studio_Receipt.json,10_certificate/04_service_receipt/service_receipt_004_丽人造型_Beauty_Studio_Receipt.html,10_certificate/04_service_receipt/service_receipt_004_丽人造型_Beauty_Studio_Receipt.png,10_certificate/04_service_receipt/service_receipt_004_丽人造型_Beauty_Studio_Receipt.png,10_certificate/04_service_receipt/service_receipt_004_丽人造型_Beauty_Studio_Receipt__real_phone_creased_normal_top.png,phone_creased_indoor_normal_top,手机拍纸质文档,折痕/褶皱,室内正常光,俯拍,10_certificate/04_service_receipt/service_receipt_004_丽人造型_Beauty_Studio_Receipt.png,true
10_certificate/04_service_receipt/service_receipt_005_汽车维修结算单_Auto_Service_Settlement,10_certificate,04_service_receipt,10_certificate/04_service_receipt/service_receipt_005_汽车维修结算单_Auto_Service_Settlement.json,10_certificate/04_service_receipt/service_receipt_005_汽车维修结算单_Auto_Service_Settlement.html,10_certificate/04_service_receipt/service_receipt_005_汽车维修结算单_Auto_Service_Settlement.png,10_certificate/04_service_receipt/service_receipt_005_汽车维修结算单_Auto_Service_Settlement.png,10_certificate/04_service_receipt/service_receipt_005_汽车维修结算单_Auto_Service_Settlement__real_phone_flat_normal_top.png,phone_flat_indoor_normal_top,手机拍纸质文档,平整,室内正常光,俯拍,10_certificate/04_service_receipt/service_receipt_005_汽车维修结算单_Auto_Service_Settlement.png,true
10_certificate/04_service_receipt/service_receipt_006_华尔道夫酒店结账单_Waldorf_Astoria_Checkout_Folio,10_certificate,04_service_receipt,10_certificate/04_service_receipt/service_receipt_006_华尔道夫酒店结账单_Waldorf_Astoria_Checkout_Folio.json,10_certificate/04_service_receipt/service_receipt_006_华尔道夫酒店结账单_Waldorf_Astoria_Checkout_Folio.html,10_certificate/04_service_receipt/service_receipt_006_华尔道夫酒店结账单_Waldorf_Astoria_Checkout_Folio.png,10_certificate/04_service_receipt/service_receipt_006_华尔道夫酒店结账单_Waldorf_Astoria_Checkout_Folio.png,10_certificate/04_service_receipt/service_receipt_006_华尔道夫酒店结账单_Waldorf_Astoria_Checkout_Folio__real_phone_creased_normal_top.png,phone_creased_indoor_normal_top,手机拍纸质文档,折痕/褶皱,室内正常光,俯拍,10_certificate/04_service_receipt/service_receipt_006_华尔道夫酒店结账单_Waldorf_Astoria_Checkout_Folio.png,true
10_certificate/04_service_receipt/service_receipt_007_上海瑞金医院门诊收据_Shanghai_Ruijin_Hospital_Outpatient_Receipt,10_certificate,04_service_receipt,10_certificate/04_service_receipt/service_receipt_007_上海瑞金医院门诊收据_Shanghai_Ruijin_Hospital_Outpatient_Receipt.json,10_certificate/04_service_receipt/service_receipt_007_上海瑞金医院门诊收据_Shanghai_Ruijin_Hospital_Outpatient_Receipt.html,10_certificate/04_service_receipt/service_receipt_007_上海瑞金医院门诊收据_Shanghai_Ruijin_Hospital_Outpatient_Receipt.png,10_certificate/04_service_receipt/service_receipt_007_上海瑞金医院门诊收据_Shanghai_Ruijin_Hospital_Outpatient_Receipt.png,10_certificate/04_service_receipt/service_receipt_007_上海瑞金医院门诊收据_Shanghai_Ruijin_Hospital_Outpatient_Receipt__real_phone_flat_normal_top.jpg,phone_flat_indoor_normal_top,手机拍纸质文档,平整,室内正常光,俯拍,10_certificate/04_service_receipt/service_receipt_007_上海瑞金医院门诊收据_Shanghai_Ruijin_Hospital_Outpatient_Receipt.png,true
10_certificate/04_service_receipt/service_receipt_008_物业维修服务回执_Property_Maintenance_Receipt,10_certificate,04_service_receipt,10_certificate/04_service_receipt/service_receipt_008_物业维修服务回执_Property_Maintenance_Receipt.json,10_certificate/04_service_receipt/service_receipt_008_物业维修服务回执_Property_Maintenance_Receipt.html,10_certificate/04_service_receipt/service_receipt_008_物业维修服务回执_Property_Maintenance_Receipt.png,10_certificate/04_service_receipt/service_receipt_008_物业维修服务回执_Property_Maintenance_Receipt.png,10_certificate/04_service_receipt/service_receipt_008_物业维修服务回执_Property_Maintenance_Receipt__real_phone_creased_normal_top.jpg,phone_creased_indoor_normal_top,手机拍纸质文档,折痕/褶皱,室内正常光,俯拍,10_certificate/04_service_receipt/service_receipt_008_物业维修服务回执_Property_Maintenance_Receipt.png,true
10_certificate/04_service_receipt/service_receipt_010_中国工商银行业务回执_ICBC_Transaction_Receipt,10_certificate,04_service_receipt,10_certificate/04_service_receipt/service_receipt_010_中国工商银行业务回执_ICBC_Transaction_Receipt.json,10_certificate/04_service_receipt/service_receipt_010_中国工商银行业务回执_ICBC_Transaction_Receipt.html,10_certificate/04_service_receipt/service_receipt_010_中国工商银行业务回执_ICBC_Transaction_Receipt.png,10_certificate/04_service_receipt/service_receipt_010_中国工商银行业务回执_ICBC_Transaction_Receipt.png,10_certificate/04_service_receipt/service_receipt_010_中国工商银行业务回执_ICBC_Transaction_Receipt__real_phone_flat_normal_top.png,phone_flat_indoor_normal_top,手机拍纸质文档,平整,室内正常光,俯拍,10_certificate/04_service_receipt/service_receipt_010_中国工商银行业务回执_ICBC_Transaction_Receipt.png,true
10_certificate/04_service_receipt/service_receipt_011_律师服务费收据_Legal_Service_Fee_Receipt,10_certificate,04_service_receipt,10_certificate/04_service_receipt/service_receipt_011_律师服务费收据_Legal_Service_Fee_Receipt.json,10_certificate/04_service_receipt/service_receipt_011_律师服务费收据_Legal_Service_Fee_Receipt.html,10_certificate/04_service_receipt/service_receipt_011_律师服务费收据_Legal_Service_Fee_Receipt.png,10_certificate/04_service_receipt/service_receipt_011_律师服务费收据_Legal_Service_Fee_Receipt.png,10_certificate/04_service_receipt/service_receipt_011_律师服务费收据_Legal_Service_Fee_Receipt__real_phone_creased_normal_top.png,phone_creased_indoor_normal_top,手机拍纸质文档,折痕/褶皱,室内正常光,俯拍,10_certificate/04_service_receipt/service_receipt_011_律师服务费收据_Legal_Service_Fee_Receipt.png,true
10_certificate/04_service_receipt/service_receipt_012_IT服务报告_IT_Service_Report,10_certificate,04_service_receipt,10_certificate/04_service_receipt/service_receipt_012_IT服务报告_IT_Service_Report.json,10_certificate/04_service_receipt/service_receipt_012_IT服务报告_IT_Service_Report.html,10_certificate/04_service_receipt/service_receipt_012_IT服务报告_IT_Service_Report.png,10_certificate/04_service_receipt/service_receipt_012_IT服务报告_IT_Service_Report.png,10_certificate/04_service_receipt/service_receipt_012_IT服务报告_IT_Service_Report__real_screenshot_na_na_na.png,screenshot_compressed,截图+转发压缩,无(纯数字),无,无,10_certificate/04_service_receipt/service_receipt_012_IT服务报告_IT_Service_Report.png,true
10_certificate/04_service_receipt/service_receipt_013_学费缴费回执_-_Campus_Education_Receipt,10_certificate,04_service_receipt,10_certificate/04_service_receipt/service_receipt_013_学费缴费回执_-_Campus_Education_Receipt.json,10_certificate/04_service_receipt/service_receipt_013_学费缴费回执_-_Campus_Education_Receipt.html,10_certificate/04_service_receipt/service_receipt_013_学费缴费回执_-_Campus_Education_Receipt.png,10_certificate/04_service_receipt/service_receipt_013_学费缴费回执_-_Campus_Education_Receipt.png,10_certificate/04_service_receipt/service_receipt_013_学费缴费回执_-_Campus_Education_Receipt__real_phone_creased_normal_top.png,phone_creased_indoor_normal_top,手机拍纸质文档,折痕/褶皱,室内正常光,俯拍,10_certificate/04_service_receipt/service_receipt_013_学费缴费回执_-_Campus_Education_Receipt.png,true
10_certificate/04_service_receipt/service_receipt_014_搬家服务收据_Moving_Service_Receipt,10_certificate,04_service_receipt,10_certificate/04_service_receipt/service_receipt_014_搬家服务收据_Moving_Service_Receipt.json,10_certificate/04_service_receipt/service_receipt_014_搬家服务收据_Moving_Service_Receipt.html,10_certificate/04_service_receipt/service_receipt_014_搬家服务收据_Moving_Service_Receipt.png,10_certificate/04_service_receipt/service_receipt_014_搬家服务收据_Moving_Service_Receipt.png,10_certificate/04_service_receipt/service_receipt_014_搬家服务收据_Moving_Service_Receipt__real_screen_na_screen_screen.png,screen_photography,拍屏,无(屏幕显示),屏幕背光+室内光,手机对屏幕,10_certificate/04_service_receipt/service_receipt_014_搬家服务收据_Moving_Service_Receipt.png,true
10_certificate/04_service_receipt/service_receipt_015_通信套餐确认单_-_Digital_Life_Control_Sheet,10_certificate,04_service_receipt,10_certificate/04_service_receipt/service_receipt_015_通信套餐确认单_-_Digital_Life_Control_Sheet.json,10_certificate/04_service_receipt/service_receipt_015_通信套餐确认单_-_Digital_Life_Control_Sheet.html,10_certificate/04_service_receipt/service_receipt_015_通信套餐确认单_-_Digital_Life_Control_Sheet.png,10_certificate/04_service_receipt/service_receipt_015_通信套餐确认单_-_Digital_Life_Control_Sheet.png,10_certificate/04_service_receipt/service_receipt_015_通信套餐确认单_-_Digital_Life_Control_Sheet__real_phone_creased_normal_top.png,phone_creased_indoor_normal_top,手机拍纸质文档,折痕/褶皱,室内正常光,俯拍,10_certificate/04_service_receipt/service_receipt_015_通信套餐确认单_-_Digital_Life_Control_Sheet.png,true
10_certificate/04_service_receipt/service_receipt_016_婚礼服务确认单_Wedding_Service_Confirmation,10_certificate,04_service_receipt,10_certificate/04_service_receipt/service_receipt_016_婚礼服务确认单_Wedding_Service_Confirmation.json,10_certificate/04_service_receipt/service_receipt_016_婚礼服务确认单_Wedding_Service_Confirmation.html,10_certificate/04_service_receipt/service_receipt_016_婚礼服务确认单_Wedding_Service_Confirmation.png,10_certificate/04_service_receipt/service_receipt_016_婚礼服务确认单_Wedding_Service_Confirmation.png,10_certificate/04_service_receipt/service_receipt_016_婚礼服务确认单_Wedding_Service_Confirmation__real_phone_flat_normal_top.png,phone_flat_indoor_normal_top,手机拍纸质文档,平整,室内正常光,俯拍,10_certificate/04_service_receipt/service_receipt_016_婚礼服务确认单_Wedding_Service_Confirmation.png,true
10_certificate/04_service_receipt/service_receipt_017_装修工程结算书_Renovation_Project_Settlement,10_certificate,04_service_receipt,10_certificate/04_service_receipt/service_receipt_017_装修工程结算书_Renovation_Project_Settlement.json,10_certificate/04_service_receipt/service_receipt_017_装修工程结算书_Renovation_Project_Settlement.html,10_certificate/04_service_receipt/service_receipt_017_装修工程结算书_Renovation_Project_Settlement.png,10_certificate/04_service_receipt/service_receipt_017_装修工程结算书_Renovation_Project_Settlement.png,10_certificate/04_service_receipt/service_receipt_017_装修工程结算书_Renovation_Project_Settlement__real_phone_creased_normal_top.jpg,phone_creased_indoor_normal_top,手机拍纸质文档,折痕/褶皱,室内正常光,俯拍,10_certificate/04_service_receipt/service_receipt_017_装修工程结算书_Renovation_Project_Settlement.png,true
10_certificate/04_service_receipt/service_receipt_018_住院费用结算单_Inpatient_Settlement_Statement,10_certificate,04_service_receipt,10_certificate/04_service_receipt/service_receipt_018_住院费用结算单_Inpatient_Settlement_Statement.json,10_certificate/04_service_receipt/service_receipt_018_住院费用结算单_Inpatient_Settlement_Statement.html,10_certificate/04_service_receipt/service_receipt_018_住院费用结算单_Inpatient_Settlement_Statement.png,10_certificate/04_service_receipt/service_receipt_018_住院费用结算单_Inpatient_Settlement_Statement.png,10_certificate/04_service_receipt/service_receipt_018_住院费用结算单_Inpatient_Settlement_Statement__real_phone_flat_normal_top.png,phone_flat_indoor_normal_top,手机拍纸质文档,平整,室内正常光,俯拍,10_certificate/04_service_receipt/service_receipt_018_住院费用结算单_Inpatient_Settlement_Statement.png,true
10_certificate/04_service_receipt/service_receipt_019_年度IT服务总结报告_Annual_IT_Service_Summary,10_certificate,04_service_receipt,10_certificate/04_service_receipt/service_receipt_019_年度IT服务总结报告_Annual_IT_Service_Summary.json,10_certificate/04_service_receipt/service_receipt_019_年度IT服务总结报告_Annual_IT_Service_Summary.html,10_certificate/04_service_receipt/service_receipt_019_年度IT服务总结报告_Annual_IT_Service_Summary.png,10_certificate/04_service_receipt/service_receipt_019_年度IT服务总结报告_Annual_IT_Service_Summary.png,10_certificate/04_service_receipt/service_receipt_019_年度IT服务总结报告_Annual_IT_Service_Summary__real_phone_creased_normal_top.png,phone_creased_indoor_normal_top,手机拍纸质文档,折痕/褶皱,室内正常光,俯拍,10_certificate/04_service_receipt/service_receipt_019_年度IT服务总结报告_Annual_IT_Service_Summary.png,true
10_certificate/04_service_receipt/service_receipt_020_国际会展服务结算单_Exhibition_Service_Settlement,10_certificate,04_service_receipt,10_certificate/04_service_receipt/service_receipt_020_国际会展服务结算单_Exhibition_Service_Settlement.json,10_certificate/04_service_receipt/service_receipt_020_国际会展服务结算单_Exhibition_Service_Settlement.html,10_certificate/04_service_receipt/service_receipt_020_国际会展服务结算单_Exhibition_Service_Settlement.png,10_certificate/04_service_receipt/service_receipt_020_国际会展服务结算单_Exhibition_Service_Settlement.png,10_certificate/04_service_receipt/service_receipt_020_国际会展服务结算单_Exhibition_Service_Settlement__real_phone_flat_normal_top.png,phone_flat_indoor_normal_top,手机拍纸质文档,平整,室内正常光,俯拍,10_certificate/04_service_receipt/service_receipt_020_国际会展服务结算单_Exhibition_Service_Settlement.png,true
10_certificate/04_service_receipt/service_receipt_021_中国工商银行_-_金融交易与风控智能中枢,10_certificate,04_service_receipt,10_certificate/04_service_receipt/service_receipt_021_中国工商银行_-_金融交易与风控智能中枢.json,10_certificate/04_service_receipt/service_receipt_021_中国工商银行_-_金融交易与风控智能中枢.html,10_certificate/04_service_receipt/service_receipt_021_中国工商银行_-_金融交易与风控智能中枢.png,10_certificate/04_service_receipt/service_receipt_021_中国工商银行_-_金融交易与风控智能中枢.png,10_certificate/04_service_receipt/service_receipt_021_中国工商银行_-_金融交易与风控智能中枢__real_phone_creased_normal_top.png,phone_creased_indoor_normal_top,手机拍纸质文档,折痕/褶皱,室内正常光,俯拍,10_certificate/04_service_receipt/service_receipt_021_中国工商银行_-_金融交易与风控智能中枢.png,true
10_certificate/04_service_receipt/service_receipt_025_物业维修服务回执_-_万科物业,10_certificate,04_service_receipt,10_certificate/04_service_receipt/service_receipt_025_物业维修服务回执_-_万科物业.json,10_certificate/04_service_receipt/service_receipt_025_物业维修服务回执_-_万科物业.html,10_certificate/04_service_receipt/service_receipt_025_物业维修服务回执_-_万科物业.png,10_certificate/04_service_receipt/service_receipt_025_物业维修服务回执_-_万科物业.png,10_certificate/04_service_receipt/service_receipt_025_物业维修服务回执_-_万科物业__real_screenshot_na_na_na.png,phone_flat_indoor_normal_top,手机拍纸质文档,平整,室内正常光,俯拍,10_certificate/04_service_receipt/service_receipt_025_物业维修服务回执_-_万科物业.png,true
10_certificate/05_quality_certification/quality_certification_001_ISO_9001_Certificate,10_certificate,05_quality_certification,10_certificate/05_quality_certification/quality_certification_001_ISO_9001_Certificate.json,10_certificate/05_quality_certification/quality_certification_001_ISO_9001_Certificate.html,10_certificate/05_quality_certification/quality_certification_001_ISO_9001_Certificate.png,10_certificate/05_quality_certification/quality_certification_001_ISO_9001_Certificate.png,10_certificate/05_quality_certification/quality_certification_001_ISO_9001_Certificate__real_phone_cover_normal_top.png,phone_through_cover_indoor_normal_top,手机拍纸质文档,隔塑料套/玻璃,室内正常光,俯拍,10_certificate/05_quality_certification/quality_certification_001_ISO_9001_Certificate.png,true
10_certificate/05_quality_certification/quality_certification_002_有机产品认证证书,10_certificate,05_quality_certification,10_certificate/05_quality_certification/quality_certification_002_有机产品认证证书.json,10_certificate/05_quality_certification/quality_certification_002_有机产品认证证书.html,10_certificate/05_quality_certification/quality_certification_002_有机产品认证证书.png,10_certificate/05_quality_certification/quality_certification_002_有机产品认证证书.png,10_certificate/05_quality_certification/quality_certification_002_有机产品认证证书__real_phone_flat_normal_top.jpg,phone_flat_indoor_normal_top,手机拍纸质文档,平整,室内正常光,俯拍,10_certificate/05_quality_certification/quality_certification_002_有机产品认证证书.png,true
10_certificate/05_quality_certification/quality_certification_003_EU_Declaration_of_Conformity,10_certificate,05_quality_certification,10_certificate/05_quality_certification/quality_certification_003_EU_Declaration_of_Conformity.json,10_certificate/05_quality_certification/quality_certification_003_EU_Declaration_of_Conformity.html,10_certificate/05_quality_certification/quality_certification_003_EU_Declaration_of_Conformity.png,10_certificate/05_quality_certification/quality_certification_003_EU_Declaration_of_Conformity.png,10_certificate/05_quality_certification/quality_certification_003_EU_Declaration_of_Conformity__real_phone_through_cover_normal_top.png,phone_through_cover_indoor_normal_top,手机拍纸质文档,隔塑料套/玻璃,室内正常光,俯拍,10_certificate/05_quality_certification/quality_certification_003_EU_Declaration_of_Conformity.png,true
10_certificate/05_quality_certification/quality_certification_004_产品合格证,10_certificate,05_quality_certification,10_certificate/05_quality_certification/quality_certification_004_产品合格证.json,10_certificate/05_quality_certification/quality_certification_004_产品合格证.html,10_certificate/05_quality_certification/quality_certification_004_产品合格证.png,10_certificate/05_quality_certification/quality_certification_004_产品合格证.png,10_certificate/05_quality_certification/quality_certification_004_产品合格证__real_phone_flat_normal_top.png,phone_flat_indoor_normal_top,手机拍纸质文档,平整,室内正常光,俯拍,10_certificate/05_quality_certification/quality_certification_004_产品合格证.png,true
10_certificate/05_quality_certification/quality_certification_005_ISO_14001_Certificate,10_certificate,05_quality_certification,10_certificate/05_quality_certification/quality_certification_005_ISO_14001_Certificate.json,10_certificate/05_quality_certification/quality_certification_005_ISO_14001_Certificate.html,10_certificate/05_quality_certification/quality_certification_005_ISO_14001_Certificate.png,10_certificate/05_quality_certification/quality_certification_005_ISO_14001_Certificate.png,10_certificate/05_quality_certification/quality_certification_005_ISO_14001_Certificate__real_phone_cover_normal_top.png,phone_through_cover_indoor_normal_top,手机拍纸质文档,隔塑料套/玻璃,室内正常光,俯拍,10_certificate/05_quality_certification/quality_certification_005_ISO_14001_Certificate.png,true
10_certificate/05_quality_certification/quality_certification_006_FDA_510_k_Clearance_Letter,10_certificate,05_quality_certification,10_certificate/05_quality_certification/quality_certification_006_FDA_510_k_Clearance_Letter.json,10_certificate/05_quality_certification/quality_certification_006_FDA_510_k_Clearance_Letter.html,10_certificate/05_quality_certification/quality_certification_006_FDA_510_k_Clearance_Letter.png,10_certificate/05_quality_certification/quality_certification_006_FDA_510_k_Clearance_Letter.png,10_certificate/05_quality_certification/quality_certification_006_FDA_510_k_Clearance_Letter__real_phone_flat_normal_top.jpg,phone_flat_indoor_normal_top,手机拍纸质文档,平整,室内正常光,俯拍,10_certificate/05_quality_certification/quality_certification_006_FDA_510_k_Clearance_Letter.png,true
10_certificate/05_quality_certification/quality_certification_007_CCC中国强制性产品认证证书,10_certificate,05_quality_certification,10_certificate/05_quality_certification/quality_certification_007_CCC中国强制性产品认证证书.json,10_certificate/05_quality_certification/quality_certification_007_CCC中国强制性产品认证证书.html,10_certificate/05_quality_certification/quality_certification_007_CCC中国强制性产品认证证书.png,10_certificate/05_quality_certification/quality_certification_007_CCC中国强制性产品认证证书.png,10_certificate/05_quality_certification/quality_certification_007_CCC中国强制性产品认证证书__real_phone_cover_normal_top.png,phone_through_cover_indoor_normal_top,手机拍纸质文档,隔塑料套/玻璃,室内正常光,俯拍,10_certificate/05_quality_certification/quality_certification_007_CCC中国强制性产品认证证书.png,true
10_certificate/05_quality_certification/quality_certification_008_GMP药品生产质量管理规范认证,10_certificate,05_quality_certification,10_certificate/05_quality_certification/quality_certification_008_GMP药品生产质量管理规范认证.json,10_certificate/05_quality_certification/quality_certification_008_GMP药品生产质量管理规范认证.html,10_certificate/05_quality_certification/quality_certification_008_GMP药品生产质量管理规范认证.png,10_certificate/05_quality_certification/quality_certification_008_GMP药品生产质量管理规范认证.png,10_certificate/05_quality_certification/quality_certification_008_GMP药品生产质量管理规范认证__real_screenshot_na_na_na.png,phone_flat_indoor_normal_top,手机拍纸质文档,平整,室内正常光,俯拍,10_certificate/05_quality_certification/quality_certification_008_GMP药品生产质量管理规范认证.png,true
10_certificate/05_quality_certification/quality_certification_009_CNAS实验室检测报告_-_Scientific_Journal_Style,10_certificate,05_quality_certification,10_certificate/05_quality_certification/quality_certification_009_CNAS实验室检测报告_-_Scientific_Journal_Style.json,10_certificate/05_quality_certification/quality_certification_009_CNAS实验室检测报告_-_Scientific_Journal_Style.html,10_certificate/05_quality_certification/quality_certification_009_CNAS实验室检测报告_-_Scientific_Journal_Style.png,10_certificate/05_quality_certification/quality_certification_009_CNAS实验室检测报告_-_Scientific_Journal_Style.png,10_certificate/05_quality_certification/quality_certification_009_CNAS实验室检测报告_-_Scientific_Journal_Style__real_phone_through_cover_normal_top.png,phone_through_cover_indoor_normal_top,手机拍纸质文档,隔塑料套/玻璃,室内正常光,俯拍,10_certificate/05_quality_certification/quality_certification_009_CNAS实验室检测报告_-_Scientific_Journal_Style.png,true
10_certificate/05_quality_certification/quality_certification_010_UL认证标识卡_-_Embossed_Metal_Nameplate,10_certificate,05_quality_certification,10_certificate/05_quality_certification/quality_certification_010_UL认证标识卡_-_Embossed_Metal_Nameplate.json,10_certificate/05_quality_certification/quality_certification_010_UL认证标识卡_-_Embossed_Metal_Nameplate.html,10_certificate/05_quality_certification/quality_certification_010_UL认证标识卡_-_Embossed_Metal_Nameplate.png,10_certificate/05_quality_certification/quality_certification_010_UL认证标识卡_-_Embossed_Metal_Nameplate.png,10_certificate/05_quality_certification/quality_certification_010_UL认证标识卡_-_Embossed_Metal_Nameplate__real_screenshot_na_na_na.png,screenshot_compressed,截图+转发压缩,无(纯数字),无,无,10_certificate/05_quality_certification/quality_certification_010_UL认证标识卡_-_Embossed_Metal_Nameplate.png,true
10_certificate/05_quality_certification/quality_certification_011_欧盟有机认证证书_-_EU_Organic_Certification_Magazine,10_certificate,05_quality_certification,10_certificate/05_quality_certification/quality_certification_011_欧盟有机认证证书_-_EU_Organic_Certification_Magazine.json,10_certificate/05_quality_certification/quality_certification_011_欧盟有机认证证书_-_EU_Organic_Certification_Magazine.html,10_certificate/05_quality_certification/quality_certification_011_欧盟有机认证证书_-_EU_Organic_Certification_Magazine.png,10_certificate/05_quality_certification/quality_certification_011_欧盟有机认证证书_-_EU_Organic_Certification_Magazine.png,10_certificate/05_quality_certification/quality_certification_011_欧盟有机认证证书_-_EU_Organic_Certification_Magazine__real_phone_cover_normal_top.png,phone_through_cover_indoor_normal_top,手机拍纸质文档,隔塑料套/玻璃,室内正常光,俯拍,10_certificate/05_quality_certification/quality_certification_011_欧盟有机认证证书_-_EU_Organic_Certification_Magazine.png,true
10_certificate/05_quality_certification/quality_certification_012_IATF_16949_汽车质量管理体系证书_-_Dashboard,10_certificate,05_quality_certification,10_certificate/05_quality_certification/quality_certification_012_IATF_16949_汽车质量管理体系证书_-_Dashboard.json,10_certificate/05_quality_certification/quality_certification_012_IATF_16949_汽车质量管理体系证书_-_Dashboard.html,10_certificate/05_quality_certification/quality_certification_012_IATF_16949_汽车质量管理体系证书_-_Dashboard.png,10_certificate/05_quality_certification/quality_certification_012_IATF_16949_汽车质量管理体系证书_-_Dashboard.png,10_certificate/05_quality_certification/quality_certification_012_IATF_16949_汽车质量管理体系证书_-_Dashboard__real_screenshot_na_na_na.png,phone_flat_indoor_normal_top,手机拍纸质文档,平整,室内正常光,俯拍,10_certificate/05_quality_certification/quality_certification_012_IATF_16949_汽车质量管理体系证书_-_Dashboard.png,true
10_certificate/05_quality_certification/quality_certification_013_HACCP食品安全认证证书,10_certificate,05_quality_certification,10_certificate/05_quality_certification/quality_certification_013_HACCP食品安全认证证书.json,10_certificate/05_quality_certification/quality_certification_013_HACCP食品安全认证证书.html,10_certificate/05_quality_certification/quality_certification_013_HACCP食品安全认证证书.png,10_certificate/05_quality_certification/quality_certification_013_HACCP食品安全认证证书.png,10_certificate/05_quality_certification/quality_certification_013_HACCP食品安全认证证书__real_phone_cover_normal_top.png,phone_through_cover_indoor_normal_top,手机拍纸质文档,隔塑料套/玻璃,室内正常光,俯拍,10_certificate/05_quality_certification/quality_certification_013_HACCP食品安全认证证书.png,true
10_certificate/05_quality_certification/quality_certification_014_建筑材料防火等级检测报告,10_certificate,05_quality_certification,10_certificate/05_quality_certification/quality_certification_014_建筑材料防火等级检测报告.json,10_certificate/05_quality_certification/quality_certification_014_建筑材料防火等级检测报告.html,10_certificate/05_quality_certification/quality_certification_014_建筑材料防火等级检测报告.png,10_certificate/05_quality_certification/quality_certification_014_建筑材料防火等级检测报告.png,10_certificate/05_quality_certification/quality_certification_014_建筑材料防火等级检测报告__real_phone_flat_normal_top.png,phone_flat_indoor_normal_top,手机拍纸质文档,平整,室内正常光,俯拍,10_certificate/05_quality_certification/quality_certification_014_建筑材料防火等级检测报告.png,true
10_certificate/05_quality_certification/quality_certification_015_医疗器械注册证,10_certificate,05_quality_certification,10_certificate/05_quality_certification/quality_certification_015_医疗器械注册证.json,10_certificate/05_quality_certification/quality_certification_015_医疗器械注册证.html,10_certificate/05_quality_certification/quality_certification_015_医疗器械注册证.png,10_certificate/05_quality_certification/quality_certification_015_医疗器械注册证.png,10_certificate/05_quality_certification/quality_certification_015_医疗器械注册证__real_phone_cover_normal_top.jpg,phone_through_cover_indoor_normal_top,手机拍纸质文档,隔塑料套/玻璃,室内正常光,俯拍,10_certificate/05_quality_certification/quality_certification_015_医疗器械注册证.png,true
10_certificate/05_quality_certification/quality_certification_016_DNV船级社认证,10_certificate,05_quality_certification,10_certificate/05_quality_certification/quality_certification_016_DNV船级社认证.json,10_certificate/05_quality_certification/quality_certification_016_DNV船级社认证.html,10_certificate/05_quality_certification/quality_certification_016_DNV船级社认证.png,10_certificate/05_quality_certification/quality_certification_016_DNV船级社认证.png,10_certificate/05_quality_certification/quality_certification_016_DNV船级社认证__real_screenshot_na_na_na.png,phone_flat_flash_top,手机拍纸质文档,平整,闪光灯,俯拍,10_certificate/05_quality_certification/quality_certification_016_DNV船级社认证.png,true
10_certificate/05_quality_certification/quality_certification_017_ISO三体系整合认证证书,10_certificate,05_quality_certification,10_certificate/05_quality_certification/quality_certification_017_ISO三体系整合认证证书.json,10_certificate/05_quality_certification/quality_certification_017_ISO三体系整合认证证书.html,10_certificate/05_quality_certification/quality_certification_017_ISO三体系整合认证证书.png,10_certificate/05_quality_certification/quality_certification_017_ISO三体系整合认证证书.png,10_certificate/05_quality_certification/quality_certification_017_ISO三体系整合认证证书__real_phone_through_cover_normal_top.png,phone_through_cover_indoor_normal_top,手机拍纸质文档,隔塑料套/玻璃,室内正常光,俯拍,10_certificate/05_quality_certification/quality_certification_017_ISO三体系整合认证证书.png,true
10_certificate/05_quality_certification/quality_certification_018_出口商品检验检疫证书,10_certificate,05_quality_certification,10_certificate/05_quality_certification/quality_certification_018_出口商品检验检疫证书.json,10_certificate/05_quality_certification/quality_certification_018_出口商品检验检疫证书.html,10_certificate/05_quality_certification/quality_certification_018_出口商品检验检疫证书.png,10_certificate/05_quality_certification/quality_certification_018_出口商品检验检疫证书.png,10_certificate/05_quality_certification/quality_certification_018_出口商品检验检疫证书__real_phone_flat_normal_top.png,phone_flat_indoor_normal_top,手机拍纸质文档,平整,室内正常光,俯拍,10_certificate/05_quality_certification/quality_certification_018_出口商品检验检疫证书.png,true
10_certificate/05_quality_certification/quality_certification_019_ISO审核报告_-_TUV_SUD,10_certificate,05_quality_certification,10_certificate/05_quality_certification/quality_certification_019_ISO审核报告_-_TUV_SUD.json,10_certificate/05_quality_certification/quality_certification_019_ISO审核报告_-_TUV_SUD.html,10_certificate/05_quality_certification/quality_certification_019_ISO审核报告_-_TUV_SUD.png,10_certificate/05_quality_certification/quality_certification_019_ISO审核报告_-_TUV_SUD.png,10_certificate/05_quality_certification/quality_certification_019_ISO审核报告_-_TUV_SUD__real_phone_cover_normal_top.jpg,phone_through_cover_indoor_normal_top,手机拍纸质文档,隔塑料套/玻璃,室内正常光,俯拍,10_certificate/05_quality_certification/quality_certification_019_ISO审核报告_-_TUV_SUD.png,true
10_certificate/05_quality_certification/quality_certification_020_供应商质量审计评分卡_Supplier_Quality_Audit_Scorecard,10_certificate,05_quality_certification,10_certificate/05_quality_certification/quality_certification_020_供应商质量审计评分卡_Supplier_Quality_Audit_Scorecard.json,10_certificate/05_quality_certification/quality_certification_020_供应商质量审计评分卡_Supplier_Quality_Audit_Scorecard.html,10_certificate/05_quality_certification/quality_certification_020_供应商质量审计评分卡_Supplier_Quality_Audit_Scorecard.png,10_certificate/05_quality_certification/quality_certification_020_供应商质量审计评分卡_Supplier_Quality_Audit_Scorecard.png,10_certificate/05_quality_certification/quality_certification_020_供应商质量审计评分卡_Supplier_Quality_Audit_Scorecard__real_phone_flat_normal_top.png,phone_flat_indoor_normal_top,手机拍纸质文档,平整,室内正常光,俯拍,10_certificate/05_quality_certification/quality_certification_020_供应商质量审计评分卡_Supplier_Quality_Audit_Scorecard.png,true
